http://download.cnet.com/windows/productivity-software/?tag=rb_content;main,productivity-software,http://download.cnet.com/windows/calculators/,Calculators,http://download.cnet.com/Microsoft-Mathematics-64-bit/3000-13571_4-75450133.html,Microsoft Mathematics (64-bit),Version: 4.0, File size: 18.89MB ,Date added: May 23  2011,Price: Free ,Operating system: Windows XP/Vista/7,Total downloads: 13 661,Downloads last week: 228
http://download.cnet.com/windows/productivity-software/?tag=rb_content;main,productivity-software,http://download.cnet.com/windows/calculators/,Calculators,http://download.cnet.com/EMI-Calculator/3000-13571_4-75882612.html,EMI Calculator,Version: 2.0, File size: 606K ,Date added: March 25  2013,Price: Free ,Operating system: Windows XP/Vista/7/8,Total downloads: 3 168,Downloads last week: 62
http://download.cnet.com/windows/productivity-software/?tag=rb_content;main,productivity-software,http://download.cnet.com/windows/calculators/,Calculators,http://download.cnet.com/Unit-Converter/3000-13571_4-10079877.html,Unit Converter,Version: 1.0, File size: 436.2K ,Date added: June 18  2002,Price: Free ,Operating system: Windows NT/98/Me/2000/XP,Total downloads: 91 873,Downloads last week: 219
http://download.cnet.com/windows/productivity-software/?tag=rb_content;main,productivity-software,http://download.cnet.com/windows/calculators/,Calculators,http://download.cnet.com/Free-APR-Calculator/3000-13571_4-75985005.html,Free APR Calculator,Version: 1.0, File size: 380.5K ,Date added: August 27  2013,Price: Free ,Operating system: Windows NT/98/Me/2000/XP/2003/Vista/7/8,Total downloads: 481,Downloads last week: 57
http://download.cnet.com/windows/productivity-software/?tag=rb_content;main,productivity-software,http://download.cnet.com/windows/calculators/,Calculators,http://download.cnet.com/Home-Mortgage-Calculator/3000-13571_4-75326943.html,Home Mortgage Calculator,Version: 2.0, File size: 291.22K ,Date added: November 16  2010,Price: Free ,Operating system: Windows XP/2003/Vista/7,Total downloads: 88 331,Downloads last week: 169
http://download.cnet.com/windows/productivity-software/?tag=rb_content;main,productivity-software,http://download.cnet.com/windows/calculators/,Calculators,http://download.cnet.com/TouchPad-Calculator/3000-13571_4-75691469.html,TouchPad Calculator,Version: 6.0, File size: 149.33K ,Date added: October 31  2013,Price: Free ,Operating system: Windows NT/98/Me/2000/XP/2003/Vista/Server 2008/7/8,Total downloads: 4 284,Downloads last week: 110
http://download.cnet.com/windows/productivity-software/?tag=rb_content;main,productivity-software,http://download.cnet.com/windows/calculators/,Calculators,http://download.cnet.com/Free-Time-Calculator/3000-13571_4-75945967.html,Free Time Calculator,Version: 1.0, File size: 419.5K ,Date added: July 01  2013,Price: Free ,Operating system: Windows XP/Vista/7/8,Total downloads: 1 281,Downloads last week: 58
http://download.cnet.com/windows/productivity-software/?tag=rb_content;main,productivity-software,http://download.cnet.com/windows/calculators/,Calculators,http://download.cnet.com/Simple-Calculator/3000-13571_4-75813734.html,Simple Calculator,Version: 1.0, File size: 14K ,Date added: November 29  2012,Price: Free ,Operating system: Windows XP/2003/Vista/7,Total downloads: 18 022,Downloads last week: 465
http://download.cnet.com/windows/productivity-software/?tag=rb_content;main,productivity-software,http://download.cnet.com/windows/calculators/,Calculators,http://download.cnet.com/Microsoft-Mathematics-32-bit/3000-13571_4-75450134.html,Microsoft Mathematics (32-bit),Version: 4.0, File size: 17.59MB ,Date added: May 23  2011,Price: Free ,Operating system: Windows XP/Vista/7,Total downloads: 38 354,Downloads last week: 519
http://download.cnet.com/windows/productivity-software/?tag=rb_content;main,productivity-software,http://download.cnet.com/windows/calculators/,Calculators,http://download.cnet.com/IMEI-Check-Digit-Calculator/3000-13571_4-75998564.html,IMEI Check Digit Calculator,Version: 1.3, File size: 47.4K ,Date added: September 23  2013,Price: Free ,Operating system: Windows XP/Vista/7/8,Total downloads: 545,Downloads last week: 30
http://download.cnet.com/windows/productivity-software/?tag=rb_content;main,productivity-software,http://download.cnet.com/windows/calculators/,Calculators,http://download.cnet.com/Unit-Converter/3000-13571_4-10972389.html,Unit Converter,Version: 1.4, File size: 211.43K ,Date added: October 21  2009,Price: Free ,Operating system: Windows NT/Me/2000/XP/2003/Vista/Server 2008/7,Total downloads: 10 324,Downloads last week: 20
http://download.cnet.com/windows/productivity-software/?tag=rb_content;main,productivity-software,http://download.cnet.com/windows/calculators/,Calculators,http://download.cnet.com/MaxCut/3000-13571_4-75373445.html,MaxCut,Version: 2.0, File size: 11.11MB ,Date added: February 17  2011,Price: Free ,Operating system: Windows XP/2003/Vista/7,Total downloads: 1 889,Downloads last week: 33
http://download.cnet.com/windows/productivity-software/?tag=rb_content;main,productivity-software,http://download.cnet.com/windows/calculators/,Calculators,http://download.cnet.com/Softball-Baseball-Team-Calculator/3000-13571_4-198732.html,Softball/Baseball Team Calculator,Version: 3.40, File size: 6.93MB ,Date added: September 20  2013,Price: Free ,Operating system: Windows NT/2000/XP/2003/Vista/7,Total downloads: 4 493,Downloads last week: 49
http://download.cnet.com/windows/productivity-software/?tag=rb_content;main,productivity-software,http://download.cnet.com/windows/calculators/,Calculators,http://download.cnet.com/Calculatormatik/3000-13571_4-75782377.html,Calculatormatik,Version: 1.8, File size: 182.88K ,Date added: June 19  2013,Price: Free ,Operating system: Windows 98/Me/2000/XP/2003/Vista/7/8,Total downloads: 7 073,Downloads last week: 31
http://download.cnet.com/windows/productivity-software/?tag=rb_content;main,productivity-software,http://download.cnet.com/windows/calculators/,Calculators,http://download.cnet.com/Auto-Loan-Calculator/3000-13571_4-75984899.html,Auto Loan Calculator,Version: 1.0.0.2, File size: 109.74K ,Date added: March 20  2014,Price: Free ,Operating system: Windows NT/98/Me/2000/XP/2003/Vista/Server 2008/7/8,Total downloads: 165,Downloads last week: 17
http://download.cnet.com/windows/productivity-software/?tag=rb_content;main,productivity-software,http://download.cnet.com/windows/calculators/,Calculators,http://download.cnet.com/Annuity-Calculator-for-Excel/3000-13571_4-75327043.html,Annuity Calculator for Excel,Version: 1.1, File size: 58.46K ,Date added: November 17  2010,Price: Free ,Operating system: Windows XP/2003/Vista/7,Total downloads: 16 921,Downloads last week: 22
http://download.cnet.com/windows/productivity-software/?tag=rb_content;main,productivity-software,http://download.cnet.com/windows/calculators/,Calculators,http://download.cnet.com/CCCalc/3000-13571_4-10843945.html,CCCalc,Version: 2.3, File size: 877.41K ,Date added: October 30  2013,Price: Free ,Operating system: Windows NT/Me/2000/XP/2003/Vista/7/8,Total downloads: 10 158,Downloads last week: 17
http://download.cnet.com/windows/productivity-software/?tag=rb_content;main,productivity-software,http://download.cnet.com/windows/calculators/,Calculators,http://download.cnet.com/Free-Percent-Calculator/3000-13571_4-75984584.html,Free Percent Calculator,Version: 1.0.0.1, File size: 105.91K ,Date added: March 20  2014,Price: Free ,Operating system: Windows NT/98/Me/2000/XP/2003/Vista/Server 2008/7/8,Total downloads: 107,Downloads last week: 20
http://download.cnet.com/windows/productivity-software/?tag=rb_content;main,productivity-software,http://download.cnet.com/windows/calculators/,Calculators,http://download.cnet.com/Free-Random-Number-Generator/3000-13571_4-76054698.html,Free Random Number Generator,Version: 1.0, File size: 1.22MB ,Date added: December 17  2013,Price: Free ,Operating system: Windows XP/2003/Vista/Server 2008/7/8,Total downloads: 103,Downloads last week: 13
http://download.cnet.com/windows/productivity-software/?tag=rb_content;main,productivity-software,http://download.cnet.com/windows/calculators/,Calculators,http://download.cnet.com/Car-Loan-Calculator/3000-13571_4-75984583.html,Car Loan Calculator,Version: 1.1.0.1, File size: 109.74K ,Date added: March 20  2014,Price: Free ,Operating system: Windows NT/98/Me/2000/XP/2003/Vista/Server 2008/7/8,Total downloads: 59,Downloads last week: 14
http://download.cnet.com/windows/productivity-software/?tag=rb_content;main,productivity-software,http://download.cnet.com/windows/calculators/,Calculators,http://download.cnet.com/Mortgage-and-Loan-Calculator-Analyzer/3000-13571_4-194850.html,Mortgage and Loan Calculator Analyzer,Version: 2.1, File size: 929.26K ,Date added: August 24  2011,Price: Free ,Operating system: Windows NT/98/Me/2000/XP/Vista/7,Total downloads: 3 683,Downloads last week: 14
http://download.cnet.com/windows/productivity-software/?tag=rb_content;main,productivity-software,http://download.cnet.com/windows/calculators/,Calculators,http://download.cnet.com/Algebra-Calculator/3000-13571_4-75445865.html,Algebra Calculator,Version: 2.2, File size: 368.38K ,Date added: January 12  2014,Price: Free to try (2-day trial); $7.50 to buy (Buy it now) ,Operating system: Windows NT/XP/2003/Vista/Server 2008/7/8,Total downloads: 644,Downloads last week: 8
http://download.cnet.com/windows/productivity-software/?tag=rb_content;main,productivity-software,http://download.cnet.com/windows/calculators/,Calculators,http://download.cnet.com/Water-And-Steam-Properties/3000-13572_4-75912419.html,Water And Steam Properties,Version: 2.0.36, File size: 419.15K ,Date added: May 07  2013,Price: Free to try; single-user license; $80.00 to buy ,Operating system: Windows XP/Vista/7,Total downloads: 138,Downloads last week: 7
http://download.cnet.com/windows/productivity-software/?tag=rb_content;main,productivity-software,http://download.cnet.com/windows/calculators/,Calculators,http://download.cnet.com/CurveExpert-Basic/3000-13571_4-10920865.html,CurveExpert Basic,Version: 1.40, File size: 1.09MB ,Date added: January 19  2011,Price: Free to try (30-day trial); $45.00 to buy (Buy it now) ,Operating system: Windows NT/98/Me/2000/XP/2003/Vista/Server 2008/7,Total downloads: 10 163,Downloads last week: 11
http://download.cnet.com/windows/productivity-software/?tag=rb_content;main,productivity-software,http://download.cnet.com/windows/calculators/,Calculators,http://download.cnet.com/Precise-Calculator-64-Bit/3000-13571_4-75547763.html,Precise Calculator (64-Bit),Version: 2.5, File size: 163.49K ,Date added: March 18  2011,Price: Free ,Operating system: Windows 2000/XP/Vista/7,Total downloads: 641,Downloads last week: 8
http://download.cnet.com/windows/productivity-software/?tag=rb_content;main,productivity-software,http://download.cnet.com/windows/calculators/,Calculators,http://download.cnet.com/Mida-Ceneged-Mida-Hebrew/3000-13571_4-75937520.html,Mida Ceneged Mida (Hebrew),Version: 1.3.2, File size: 679.53K ,Date added: January 28  2014,Price: Free ,Operating system: Windows XP/2003/Vista/Server 2008/7/8,Total downloads: 1 040,Downloads last week: 13
http://download.cnet.com/windows/productivity-software/?tag=rb_content;main,productivity-software,http://download.cnet.com/windows/calculators/,Calculators,http://download.cnet.com/CurveExpert-Professional/3000-13571_4-75335271.html,CurveExpert Professional,Version: 2.0.3, File size: 27.59MB ,Date added: September 19  2013,Price: Free to try (30-day trial); $79.00 to buy (Buy it now) ,Operating system: Windows NT/2000/XP/2003/Vista/Server 2008/7/8,Total downloads: 1 496,Downloads last week: 8
http://download.cnet.com/windows/productivity-software/?tag=rb_content;main,productivity-software,http://download.cnet.com/windows/calculators/,Calculators,http://download.cnet.com/Judy-s-TenKey/3000-13571_4-10893669.html,Judy's TenKey,Version: 6.0, File size: 1.18MB ,Date added: February 13  2014,Price: Free to try (30-day trial); $19.95 to buy (Buy it now) ,Operating system: Windows Vista/Server 2008/7/8,Total downloads: 3 110,Downloads last week: 10
http://download.cnet.com/windows/productivity-software/?tag=rb_content;main,productivity-software,http://download.cnet.com/windows/calculators/,Calculators,http://download.cnet.com/CTHE-Free/3000-13571_4-75211531.html,CTHE Free,Version: 1.0.2, File size: 1.53MB ,Date added: June 21  2010,Price: Free ,Operating system: Windows Me/2000/XP/Vista/7,Total downloads: 146,Downloads last week: 5
http://download.cnet.com/windows/productivity-software/?tag=rb_content;main,productivity-software,http://download.cnet.com/windows/calculators/,Calculators,http://download.cnet.com/Media-Size-Calculator/3000-13571_4-75346571.html,Media Size Calculator,Version: 1.0, File size: 473.93K ,Date added: February 03  2011,Price: Free ,Operating system: Windows NT/2000/XP/2003/Vista/Server 2008/7,Total downloads: 148,Downloads last week: 4
http://download.cnet.com/windows/productivity-software/?tag=rb_content;main,productivity-software,http://download.cnet.com/windows/calculators/,Calculators,http://download.cnet.com/Pumping-Power-Calculator/3000-13571_4-75415377.html,Pumping Power Calculator,Version: 1.0, File size: 1.52MB ,Date added: March 09  2011,Price: Free ,Operating system: Windows XP/Vista/7,Total downloads: 502,Downloads last week: 5
http://download.cnet.com/windows/productivity-software/?tag=rb_content;main,productivity-software,http://download.cnet.com/windows/calculators/,Calculators,http://download.cnet.com/Weight-Loss-Calorie-Calculator/3000-13571_4-10957892.html,Weight Loss Calorie Calculator,Version: 1.0, File size: 743.67K ,Date added: July 14  2009,Price: Free ,Operating system: Windows 95/98/Me/2000/XP/2003/Vista,Total downloads: 3 183,Downloads last week: 4
http://download.cnet.com/windows/productivity-software/?tag=rb_content;main,productivity-software,http://download.cnet.com/windows/calculators/,Calculators,http://download.cnet.com/Log-Calculator/3000-18486_4-75324156.html,Log Calculator,Version: 1.0, File size: 24K ,Date added: November 03  2010,Price: Free ,Operating system: Windows 2000/XP/2003/Vista/Server 2003 x86 R2/x64 R2,Total downloads: 1 068,Downloads last week: 5
http://download.cnet.com/windows/productivity-software/?tag=rb_content;main,productivity-software,http://download.cnet.com/windows/calculators/,Calculators,http://download.cnet.com/BODMAS-Calculator/3000-13571_4-76016658.html,BODMAS Calculator,Version: 2.0.9, File size: 7.29MB ,Date added: October 18  2013,Price: Free ,Operating system: Windows NT/98/Me/2000/XP/2003/Vista/Server 2008/7/8,Total downloads: 157,Downloads last week: 4
http://download.cnet.com/windows/productivity-software/?tag=rb_content;main,productivity-software,http://download.cnet.com/windows/calculators/,Calculators,http://download.cnet.com/Calculator-Currate-com-AlwaysMath-com/3000-13571_4-10922077.html,Calculator - Currate.com AlwaysMath.com,Version: 1.01, File size: 875.76K ,Date added: June 29  2009,Price: Free ,Operating system: Windows NT/2000/XP/2003/Vista/Server 2008/7,Total downloads: 16 833,Downloads last week: 7
http://download.cnet.com/windows/productivity-software/?tag=rb_content;main,productivity-software,http://download.cnet.com/windows/calculators/,Calculators,http://download.cnet.com/GeoCalcul-Pro/3000-13571_4-75844101.html,GeoCalcul.Pro,Version: 0.1, File size: 10.84MB ,Date added: January 11  2013,Price: Free ,Operating system: Windows XP/2003/Vista/Server 2008/7/8,Total downloads: 359,Downloads last week: 4
http://download.cnet.com/windows/productivity-software/?tag=rb_content;main,productivity-software,http://download.cnet.com/windows/calculators/,Calculators,http://download.cnet.com/Sahand-Engineering-Toolbox/3000-13571_4-75999582.html,Sahand Engineering Toolbox,Version: 2.0.0, File size: 2.63MB ,Date added: January 15  2014,Price: Free ,Operating system: Windows NT/98/Me/2000/XP/2003/Vista/Server 2008/7/8,Total downloads: 126,Downloads last week: 4
http://download.cnet.com/windows/productivity-software/?tag=rb_content;main,productivity-software,http://download.cnet.com/windows/calculators/,Calculators,http://download.cnet.com/Turbine/3000-13572_4-75912415.html,Turbine,Version: 2.4, File size: 707.49K ,Date added: May 07  2013,Price: Free ,Operating system: Windows XP/Vista/7/8,Total downloads: 41,Downloads last week: 3
http://download.cnet.com/windows/productivity-software/?tag=rb_content;main,productivity-software,http://download.cnet.com/windows/calculators/,Calculators,http://download.cnet.com/EasyCalc/3000-13571_4-75872286.html,EasyCalc,Version: 0.0.2, File size: 18K ,Date added: February 28  2013,Price: Free ,Operating system: Windows XP/Vista/7,Total downloads: 47,Downloads last week: 3
http://download.cnet.com/windows/productivity-software/?tag=rb_content;main,productivity-software,http://download.cnet.com/windows/calculators/,Calculators,http://download.cnet.com/Trades-Math-Calculator/3000-13571_4-75871544.html,Trades Math Calculator,Version: 1.2, File size: 6.64MB ,Date added: February 27  2013,Price: Free to try; $14.99 to buy ,Operating system: Windows XP/Vista/7,Total downloads: 68,Downloads last week: 3
http://download.cnet.com/windows/productivity-software/?tag=rb_content;main,productivity-software,http://download.cnet.com/windows/calculators/,Calculators,http://download.cnet.com/Differential-Equation/3000-13571_4-75854804.html,Differential Equation,Version: 2.0, File size: 204.22K ,Date added: January 12  2014,Price: Free to try (2-day trial); $2.50 to buy (Buy it now) ,Operating system: Windows NT/98/Me/2000/XP/2003/Vista/Server 2008/7/8,Total downloads: 95,Downloads last week: 4
http://download.cnet.com/windows/productivity-software/?tag=rb_content;main,productivity-software,http://download.cnet.com/windows/calculators/,Calculators,http://download.cnet.com/Effective-DesktopCalculator/3000-13571_4-75936289.html,Effective DesktopCalculator,Version: 3.51, File size: 2.63MB ,Date added: March 06  2014,Price: Free ,Operating system: Windows XP/Vista/7,Total downloads: 144,Downloads last week: 3
http://download.cnet.com/windows/productivity-software/?tag=rb_content;main,productivity-software,http://download.cnet.com/windows/calculators/,Calculators,http://download.cnet.com/PersianDate/3000-13571_4-75133514.html,PersianDate,Version: 2.0.97, File size: 659.5K ,Date added: April 17  2011,Price: Free ,Operating system: Windows XP/2003/Vista/Server 2008/7,Total downloads: 227,Downloads last week: 3
http://download.cnet.com/windows/productivity-software/?tag=rb_content;main,productivity-software,http://download.cnet.com/windows/calculators/,Calculators,http://download.cnet.com/Super-Unit-Converter/3000-13571_4-75374678.html,Super Unit Converter,Version: 1.2.1, File size: 721.13K ,Date added: February 25  2013,Price: Free ,Operating system: Windows NT/2000/XP/Vista/7,Total downloads: 740,Downloads last week: 3
http://download.cnet.com/windows/productivity-software/?tag=rb_content;main,productivity-software,http://download.cnet.com/windows/calculators/,Calculators,http://download.cnet.com/qMetrics/3000-13571_4-75627960.html,qMetrics,Version: 0.2.2, File size: 6.39MB ,Date added: July 23  2012,Price: Free ,Operating system: Windows XP/7/8,Total downloads: 119,Downloads last week: 3
http://download.cnet.com/windows/productivity-software/?tag=rb_content;main,productivity-software,http://download.cnet.com/windows/calculators/,Calculators,http://download.cnet.com/Projectile-Motion-Calculator-and-Grapher/3000-13571_4-75784309.html,Projectile Motion Calculator and Grapher,Version: 1.0, File size: 17.54K ,Date added: September 27  2012,Price: Free ,Operating system: Windows XP/Vista/7/8,Total downloads: 383,Downloads last week: 3
http://download.cnet.com/windows/productivity-software/?tag=rb_content;main,productivity-software,http://download.cnet.com/windows/calculators/,Calculators,http://download.cnet.com/Rolling-Total/3000-13571_4-75999411.html,Rolling Total,Version: 0.5.1, File size: 707.84K ,Date added: October 09  2013,Price: Free to try (Limited functionality); $4.99 to buy (Buy it now) ,Operating system: Windows Vista/Server 2008/7/8,Total downloads: 30,Downloads last week: 2
http://download.cnet.com/windows/productivity-software/?tag=rb_content;main,productivity-software,http://download.cnet.com/windows/calculators/,Calculators,http://download.cnet.com/pmaBinary/3000-13571_4-75823754.html,pmaBinary,Version: 1.0, File size: 78.41K ,Date added: December 10  2012,Price: Free ,Operating system: Windows XP/2003/Vista/7,Total downloads: 42,Downloads last week: 2
http://download.cnet.com/windows/productivity-software/?tag=rb_content;main,productivity-software,http://download.cnet.com/windows/calculators/,Calculators,http://download.cnet.com/Weight-Watchers-ProPoints-Tracker/3000-13571_4-75544649.html,Weight Watchers ProPoints Tracker,Version: 1.0.2, File size: 7.85MB ,Date added: November 08  2011,Price: Free to try (7-day trial); $4.99 to buy (Buy it now) ,Operating system: Windows NT/98/Me/2000/XP/2003/Vista/Server 2008/7,Total downloads: 2 500,Downloads last week: 3
http://download.cnet.com/windows/productivity-software/?tag=rb_content;main,productivity-software,http://download.cnet.com/windows/calculators/,Calculators,http://download.cnet.com/Calcuverter/3000-13571_4-75909884.html,Calcuverter,Version: 0.91, File size: 11.54MB ,Date added: April 24  2013,Price: Free ,Operating system: Windows XP/Vista/7,Total downloads: 12,Downloads last week: 2
http://download.cnet.com/windows/productivity-software/?tag=rb_content;main,productivity-software,http://download.cnet.com/windows/calculators/,Calculators,http://download.cnet.com/Maths-Calculator/3000-13571_4-75854802.html,Maths Calculator,Version: 1.0, File size: 333.63K ,Date added: January 12  2014,Price: Free to try (2-day trial); $2.50 to buy (Buy it now) ,Operating system: Windows NT/98/Me/2000/XP/2003/Vista/Server 2008/7/8,Total downloads: 220,Downloads last week: 3
http://download.cnet.com/windows/productivity-software/?tag=rb_content;main,productivity-software,http://download.cnet.com/windows/calculators/,Calculators,http://download.cnet.com/ChordBits/3000-13571_4-75689328.html,ChordBits,Version: 1.1, File size: 7.56MB ,Date added: March 22  2012,Price: Free to try (30-day trial); $25.00 to buy (Buy it now) ,Operating system: Windows XP/7,Total downloads: 9,Downloads last week: 2
http://download.cnet.com/windows/productivity-software/?tag=rb_content;main,productivity-software,http://download.cnet.com/windows/calculators/,Calculators,http://download.cnet.com/Measurement-Convertor/3000-13571_4-75937484.html,Measurement Convertor,Version: 2.07, File size: 9.99K ,Date added: June 18  2013,Price: Free ,Operating system: Windows NT/98/Me/2000/XP/2003/Vista/7,Total downloads: 60,Downloads last week: 2
http://download.cnet.com/windows/productivity-software/?tag=rb_content;main,productivity-software,http://download.cnet.com/windows/calculators/,Calculators,http://download.cnet.com/MPCalcRB/3000-13571_4-75785174.html,MPCalcRB,Version: 5.0, File size: 2.33MB ,Date added: May 29  2013,Price: Free ,Operating system: Windows NT/98/Me/2000/XP/2003/Vista/7,Total downloads: 127,Downloads last week: 2
http://download.cnet.com/windows/productivity-software/?tag=rb_content;main,productivity-software,http://download.cnet.com/windows/calculators/,Calculators,http://download.cnet.com/Precise-Calculator/3000-13571_4-75416322.html,Precise Calculator,Version: 2.5, File size: 165.09K ,Date added: October 03  2011,Price: Free ,Operating system: Windows NT/98/Me/2000/XP/2003/Vista/Server 2008/7,Total downloads: 466,Downloads last week: 2
http://download.cnet.com/windows/productivity-software/?tag=rb_content;main,productivity-software,http://download.cnet.com/windows/calculators/,Calculators,http://download.cnet.com/Day-Maxi-Calc/3000-13571_4-10957723.html,Day Maxi Calc,Version: 1.5, File size: 188K ,Date added: September 15  2009,Price: Free ,Operating system: Windows 95/NT/98/Me/2000/XP/2003/Vista/7,Total downloads: 3 630,Downloads last week: 2
http://download.cnet.com/windows/productivity-software/?tag=rb_content;main,productivity-software,http://download.cnet.com/windows/calculators/,Calculators,http://download.cnet.com/NEC-Contracts-Calculator/3000-13571_4-75126082.html,NEC Contracts Calculator,Version: 1.01, File size: 287.56K ,Date added: February 16  2010,Price: Free to try (Print-disabled  5 out of the 10 share ranges available); $14.98 to buy (Buy it now) ,Operating system: Windows 3.x/95/NT/98/Me/2000/XP/2003/Vista/Server 2008/7,Total downloads: 327,Downloads last week: 2
http://download.cnet.com/windows/productivity-software/?tag=rb_content;main,productivity-software,http://download.cnet.com/windows/calculators/,Calculators,http://download.cnet.com/Standard-Atmosphere-Calculator/3000-13571_4-75182536.html,Standard Atmosphere Calculator,Version: 1.0, File size: 257.6K ,Date added: May 03  2010,Price: Free ,Operating system: Windows XP/Vista/7,Total downloads: 447,Downloads last week: 2
http://download.cnet.com/windows/productivity-software/?tag=rb_content;main,productivity-software,http://download.cnet.com/windows/calculators/,Calculators,http://download.cnet.com/Julian-Gregorian-Dee-Date-Calculator/3000-13571_4-10973477.html,Julian-Gregorian-Dee Date Calculator,Version: 6.32, File size: 1.42MB ,Date added: December 25  2013,Price: Free to try (20-day trial  calculation of vernal equinoxes disabled); $14.75 to buy (Buy it now) ,Operating system: Windows NT/98/Me/2000/XP/2003/Vista/Server 2008/7/8,Total downloads: 316,Downloads last week: 2
http://download.cnet.com/windows/productivity-software/?tag=rb_content;main,productivity-software,http://download.cnet.com/windows/calculators/,Calculators,http://download.cnet.com/Matrices-Calculator-Student-Edition/3000-13571_4-75854800.html,Matrices Calculator Student Edition,Version: 2.1, File size: 152.53K ,Date added: February 04  2014,Price: Free to try (2-day trial); $3.50 to buy (Buy it now) ,Operating system: Windows NT/98/Me/2000/XP/2003/Vista/Server 2008/7/8,Total downloads: 84,Downloads last week: 2
http://download.cnet.com/windows/productivity-software/?tag=rb_content;main,productivity-software,http://download.cnet.com/windows/calculators/,Calculators,http://download.cnet.com/SteamXL/3000-13571_4-75211709.html,SteamXL,Version: 1.0, File size: 2.56MB ,Date added: June 23  2010,Price: Purchase; $399.00 to buy ,Operating system: Windows XP/Vista/7,Total downloads: 110,Downloads last week: 2
http://download.cnet.com/windows/productivity-software/?tag=rb_content;main,productivity-software,http://download.cnet.com/windows/calculators/,Calculators,http://download.cnet.com/ODEcalc/3000-13571_4-75448501.html,ODEcalc,Version: 5.12.2, File size: 2.37MB ,Date added: September 14  2010,Price: Free ,Operating system: Windows NT/98/Me/2000/XP/2003/Vista/7,Total downloads: 96,Downloads last week: 2
http://download.cnet.com/windows/productivity-software/?tag=rb_content;main,productivity-software,http://download.cnet.com/windows/calculators/,Calculators,http://download.cnet.com/Free-Mortgage-APR-Calculator/3000-13571_4-75532210.html,Free Mortgage APR Calculator,Version: 4.5, File size: 849.85K ,Date added: July 28  2011,Price: Free ,Operating system: Windows 2000/XP/Vista/7,Total downloads: 133,Downloads last week: 2
http://download.cnet.com/windows/productivity-software/?tag=rb_content;main,productivity-software,http://download.cnet.com/windows/calculators/,Calculators,http://download.cnet.com/Algebra-Calculator-Student-Edition/3000-13571_4-75854799.html,Algebra Calculator Student Edition,Version: 1.0, File size: 188.87K ,Date added: February 04  2014,Price: Free to try (2-day trial); $3.50 to buy (Buy it now) ,Operating system: Windows NT/98/Me/2000/XP/2003/Vista/Server 2008/7/8,Total downloads: 83,Downloads last week: 2
http://download.cnet.com/windows/productivity-software/?tag=rb_content;main,productivity-software,http://download.cnet.com/windows/calculators/,Calculators,http://download.cnet.com/Oil-And-Gas-Conversion-Calculator-Lite/3000-13571_4-75999673.html,Oil And Gas Conversion Calculator Lite,Version: 022312, File size: 188K ,Date added: September 27  2013,Price: Free ,Operating system: Windows 98/2000/XP/2003/Vista/7,Total downloads: 67,Downloads last week: 2
http://download.cnet.com/windows/productivity-software/?tag=rb_content;main,productivity-software,http://download.cnet.com/windows/calculators/,Calculators,http://download.cnet.com/Matrices-Calculator-Student-Edition/3000-13571_4-75854800.html,Matrices Calculator Student Edition,Version: 2.1, File size: 152.53K ,Date added: February 04  2014,Price: Free to try (2-day trial); $3.50 to buy (Buy it now) ,Operating system: Windows NT/98/Me/2000/XP/2003/Vista/Server 2008/7/8,Total downloads: 84,Downloads last week: 2
http://download.cnet.com/windows/productivity-software/?tag=rb_content;main,productivity-software,http://download.cnet.com/windows/calculators/,Calculators,http://download.cnet.com/Julian-Gregorian-Dee-Date-Calculator/3000-13571_4-10973477.html,Julian-Gregorian-Dee Date Calculator,Version: 6.32, File size: 1.42MB ,Date added: December 25  2013,Price: Free to try (20-day trial  calculation of vernal equinoxes disabled); $14.75 to buy (Buy it now) ,Operating system: Windows NT/98/Me/2000/XP/2003/Vista/Server 2008/7/8,Total downloads: 316,Downloads last week: 2
http://download.cnet.com/windows/productivity-software/?tag=rb_content;main,productivity-software,http://download.cnet.com/windows/calculators/,Calculators,http://download.cnet.com/Free-Car-Payment-Calculator/3000-13571_4-75937149.html,Free Car Payment Calculator,Version: 1.0, File size: 456.6K ,Date added: June 17  2013,Price: Free ,Operating system: Windows XP/Vista/7/8,Total downloads: 45,Downloads last week: 2
http://download.cnet.com/windows/productivity-software/?tag=rb_content;main,productivity-software,http://download.cnet.com/windows/calculators/,Calculators,http://download.cnet.com/SteamXL/3000-13571_4-75211709.html,SteamXL,Version: 1.0, File size: 2.56MB ,Date added: June 23  2010,Price: Purchase; $399.00 to buy ,Operating system: Windows XP/Vista/7,Total downloads: 110,Downloads last week: 2
http://download.cnet.com/windows/productivity-software/?tag=rb_content;main,productivity-software,http://download.cnet.com/windows/calculators/,Calculators,http://download.cnet.com/Free-Home-Loan-Calculator/3000-13571_4-76010128.html,Free Home Loan Calculator,Version: 1.0.0, File size: 536.5K ,Date added: October 10  2013,Price: Free ,Operating system: Windows XP/2003/Vista/Server 2008/7/8,Total downloads: 55,Downloads last week: 2
http://download.cnet.com/windows/productivity-software/?tag=rb_content;main,productivity-software,http://download.cnet.com/windows/calculators/,Calculators,http://download.cnet.com/Calex/3000-13571_4-75609188.html,Calex,Version: 0.6, File size: 17.98MB ,Date added: November 02  2011,Price: Free ,Operating system: Windows NT/98/Me/2000/XP/2003/Vista/7,Total downloads: 23,Downloads last week: 1
http://download.cnet.com/windows/productivity-software/?tag=rb_content;main,productivity-software,http://download.cnet.com/windows/calculators/,Calculators,http://download.cnet.com/MB-I-Ching-Compatibility/3000-13571_4-10971934.html,MB I-Ching Compatibility,Version: 1.0, File size: 1.52MB ,Date added: October 14  2009,Price: Free ,Operating system: Windows 95/NT/98/Me/2000/XP/2003/Vista/Server 2008,Total downloads: 140,Downloads last week: 1
http://download.cnet.com/windows/productivity-software/?tag=rb_content;main,productivity-software,http://download.cnet.com/windows/calculators/,Calculators,http://download.cnet.com/AddItUp/3000-13571_4-75721242.html,AddItUp,Version: 1.0, File size: 356.23K ,Date added: May 23  2012,Price: Free ,Operating system: Windows 2000/XP/2003/Vista/Server 2008/7/8,Total downloads: 16,Downloads last week: 1
http://download.cnet.com/windows/productivity-software/?tag=rb_content;main,productivity-software,http://download.cnet.com/windows/calculators/,Calculators,http://download.cnet.com/UltimaCalc/3000-13571_4-10810981.html,UltimaCalc,Version: 4.1.965, File size: 3.23MB ,Date added: September 18  2010,Price: Free to try (Watermarks  Nag screen); $29.95 to buy ,Operating system: Windows XP/Vista/7/NT 4,Total downloads: 200,Downloads last week: 1
http://download.cnet.com/windows/productivity-software/?tag=rb_content;main,productivity-software,http://download.cnet.com/windows/calculators/,Calculators,http://download.cnet.com/Anansi-CalcPad/3000-13571_4-75749919.html,Anansi CalcPad,Version: 1.4, File size: 7.43MB ,Date added: July 30  2012,Price: Free ,Operating system: Windows XP/Vista/7,Total downloads: 36,Downloads last week: 1
http://download.cnet.com/windows/productivity-software/?tag=rb_content;main,productivity-software,http://download.cnet.com/windows/calculators/,Calculators,http://download.cnet.com/SeqCalc/3000-13571_4-75448652.html,SeqCalc,Version: 1.0, File size: 1.91MB ,Date added: July 27  2010,Price: Free ,Operating system: Windows NT/98/Me/2000/XP/2003/Vista/7,Total downloads: 28,Downloads last week: 1
http://download.cnet.com/windows/productivity-software/?tag=rb_content;main,productivity-software,http://download.cnet.com/windows/calculators/,Calculators,http://download.cnet.com/CoverageCalculator/3000-13571_4-75911470.html,CoverageCalculator,Version: 2.0.1, File size: 11.54K ,Date added: May 01  2013,Price: Free ,Operating system: Windows 2000/XP/2003/Vista/7,Total downloads: 8,Downloads last week: 1
http://download.cnet.com/windows/productivity-software/?tag=rb_content;main,productivity-software,http://download.cnet.com/windows/calculators/,Calculators,http://download.cnet.com/VBTheory-Calculator-Portable/3000-13571_4-75684203.html,VBTheory Calculator Portable,Version: 5.1, File size: 1.12MB ,Date added: June 26  2012,Price: Free ,Operating system: Windows NT/98/Me/2000/XP/2003/Vista/7,Total downloads: 124,Downloads last week: 1
http://download.cnet.com/windows/productivity-software/?tag=rb_content;main,productivity-software,http://download.cnet.com/windows/calculators/,Calculators,http://download.cnet.com/UnitBits7/3000-13571_4-75935411.html,UnitBits7,Version: 2.5, File size: 2.35MB ,Date added: June 12  2013,Price: Free to try (30-use-trial) ,Operating system: Windows XP/Vista/7/8,Total downloads: 15,Downloads last week: 1
http://download.cnet.com/windows/productivity-software/?tag=rb_content;main,productivity-software,http://download.cnet.com/windows/calculators/,Calculators,http://download.cnet.com/Easy-Convert/3000-13571_4-75745266.html,Easy Convert,Version: 1.0.0, File size: 1.34MB ,Date added: July 11  2012,Price: Free ,Operating system: Windows Vista/7/8,Total downloads: 33,Downloads last week: 1
http://download.cnet.com/windows/productivity-software/?tag=rb_content;main,productivity-software,http://download.cnet.com/windows/calculators/,Calculators,http://download.cnet.com/SFML-Calculator/3000-13571_4-75823727.html,SFML Calculator,Version: 1.0, File size: 1.52MB ,Date added: December 10  2012,Price: Free ,Operating system: Windows XP/2003/Vista/7,Total downloads: 46,Downloads last week: 1
http://download.cnet.com/windows/productivity-software/?tag=rb_content;main,productivity-software,http://download.cnet.com/windows/calculators/,Calculators,http://download.cnet.com/EnCalcOL/3000-13571_4-75451811.html,EnCalcOL,Version: 2.0, File size: 482.92K ,Date added: March 13  2013,Price: Free ,Operating system: Windows 2000/XP/2003/Vista/7,Total downloads: 54,Downloads last week: 1
http://download.cnet.com/windows/productivity-software/?tag=rb_content;main,productivity-software,http://download.cnet.com/windows/calculators/,Calculators,http://download.cnet.com/QConvert/3000-13571_4-75944727.html,QConvert,Version: 1.0, File size: 5.08MB ,Date added: June 26  2013,Price: Free ,Operating system: Windows XP/Vista/7/8,Total downloads: 12,Downloads last week: 1
http://download.cnet.com/windows/productivity-software/?tag=rb_content;main,productivity-software,http://download.cnet.com/windows/calculators/,Calculators,http://download.cnet.com/Radyss/3000-13571_4-75744503.html,Radyss,Version: 1.2.1.0, File size: 7.32MB ,Date added: October 21  2012,Price: Free ,Operating system: Windows NT/98/Me/2000/XP/2003/Vista/Server 2008/7/8,Total downloads: 41,Downloads last week: 1
http://download.cnet.com/windows/productivity-software/?tag=rb_content;main,productivity-software,http://download.cnet.com/windows/calculators/,Calculators,http://download.cnet.com/Evrnet-Unit-Converter/3000-13571_4-75733562.html,Evrnet Unit Converter,Version: 1.2, File size: 1.74MB ,Date added: December 05  2012,Price: Free ,Operating system: Windows XP/2003/Vista/Server 2008/7/8,Total downloads: 56,Downloads last week: 1
http://download.cnet.com/windows/productivity-software/?tag=rb_content;main,productivity-software,http://download.cnet.com/windows/calculators/,Calculators,http://download.cnet.com/Vinny-Fuel-Cost-Check/3000-13571_4-75439991.html,Vinny Fuel Cost Check,Version: 1.3, File size: 425.19K ,Date added: August 11  2013,Price: Free to try (5-day trial); $2.00 to buy (Buy it now) ,Operating system: Windows NT/98/Me/2000/XP/Vista/7/8,Total downloads: 63,Downloads last week: 1
http://download.cnet.com/windows/productivity-software/?tag=rb_content;main,productivity-software,http://download.cnet.com/windows/calculators/,Calculators,http://download.cnet.com/RuneCalc/3000-13571_4-75285651.html,RuneCalc,Version: 1.0, File size: 2.26MB ,Date added: September 07  2010,Price: Free ,Operating system: Windows 2000/XP/2003/Vista/7,Total downloads: 83,Downloads last week: 1
http://download.cnet.com/windows/productivity-software/?tag=rb_content;main,productivity-software,http://download.cnet.com/windows/calculators/,Calculators,http://download.cnet.com/E-Financiero-Spanish/3000-13571_4-76037139.html,E Financiero (Spanish),Version: 1.2, File size: 23.57MB ,Date added: November 20  2013,Price: Free ,Operating system: Windows XP/Vista/7/8,Total downloads: 6,Downloads last week: 1
http://download.cnet.com/windows/productivity-software/?tag=rb_content;main,productivity-software,http://download.cnet.com/windows/calculators/,Calculators,http://download.cnet.com/Numculator/3000-13571_4-10814889.html,Numculator,Version: 1.5.0.1, File size: 3.2MB ,Date added: March 09  2010,Price: Free to try (15-day trial  nag screen); $9.99 to buy ,Operating system: Windows NT/98/Me/2000/XP/2003/Vista/Server 2008/7,Total downloads: 377,Downloads last week: 1
http://download.cnet.com/windows/productivity-software/?tag=rb_content;main,productivity-software,http://download.cnet.com/windows/calculators/,Calculators,http://download.cnet.com/Calcooler/3000-13571_4-75998625.html,Calcooler,Version: 1.1, File size: 103.5K ,Date added: September 29  2013,Price: Free ,Operating system: Windows XP/2003/Vista/7/8,Total downloads: 52,Downloads last week: 1
http://download.cnet.com/windows/productivity-software/?tag=rb_content;main,productivity-software,http://download.cnet.com/windows/calculators/,Calculators,http://download.cnet.com/Lectisoft-Lincalc-Portable/3000-13571_4-75762338.html,Lectisoft Lincalc Portable,Version: 1.0, File size: 115.97K ,Date added: September 07  2012,Price: Free ,Operating system: Windows NT/98/Me/2000/XP/2003/Vista/7,Total downloads: 47,Downloads last week: 1
http://download.cnet.com/windows/productivity-software/?tag=rb_content;main,productivity-software,http://download.cnet.com/windows/calculators/,Calculators,http://download.cnet.com/Xmart-Calculator-SE/3000-13571_4-75220928.html,Xmart Calculator SE,Version: 1.2, File size: 577.49K ,Date added: February 08  2012,Price: Free ,Operating system: Windows XP/Vista/7,Total downloads: 133,Downloads last week: 1
http://download.cnet.com/windows/productivity-software/?tag=rb_content;main,productivity-software,http://download.cnet.com/windows/calculators/,Calculators,http://download.cnet.com/ZetaCalc/3000-13571_4-75851109.html,ZetaCalc,Version: 1.0, File size: 74.61K ,Date added: January 22  2013,Price: Free ,Operating system: Windows XP/Vista/7,Total downloads: 33,Downloads last week: 1
http://download.cnet.com/windows/productivity-software/?tag=rb_content;main,productivity-software,http://download.cnet.com/windows/calculators/,Calculators,http://download.cnet.com/CTHE/3000-13571_4-75211530.html,CTHE,Version: 1.0.2, File size: 1.54MB ,Date added: June 21  2010,Price: Purchase; $24.64 to buy ,Operating system: Windows Me/2000/XP/Vista/7,Total downloads: 53,Downloads last week: 1
http://download.cnet.com/windows/productivity-software/?tag=rb_content;main,productivity-software,http://download.cnet.com/windows/calculators/,Calculators,http://download.cnet.com/MB-Numerology-Divination/3000-13571_4-10974234.html,MB Numerology Divination,Version: 1.0, File size: 1.1MB ,Date added: November 18  2009,Price: Free ,Operating system: Windows 95/NT/98/Me/2000/XP/2003/Vista,Total downloads: 92,Downloads last week: 1
http://download.cnet.com/windows/productivity-software/?tag=rb_content;main,productivity-software,http://download.cnet.com/windows/calculators/,Calculators,http://download.cnet.com/DigitDo/3000-13571_4-75185238.html,DigitDo,Version: 1.2, File size: 1.19MB ,Date added: March 22  2011,Price: Free to try (90-day trial); $9.98 to buy (Buy it now) ,Operating system: Windows XP/Vista/7,Total downloads: 98,Downloads last week: 1
http://download.cnet.com/windows/productivity-software/?tag=rb_content;main,productivity-software,http://download.cnet.com/windows/calculators/,Calculators,http://download.cnet.com/Calculator-for-jEdit/3000-13571_4-75891188.html,Calculator for jEdit,Version: 1.3, File size: 137.53K ,Date added: March 25  2013,Price: Free ,Operating system: Windows XP/2003/Vista/7,Total downloads: 19,Downloads last week: 1
http://download.cnet.com/windows/productivity-software/?tag=rb_content;main,productivity-software,http://download.cnet.com/windows/calculators/,Calculators,http://download.cnet.com/DSP-Magic/3000-13571_4-75017929.html,DSP Magic,Version: 1.1, File size: 373K ,Date added: December 25  2009,Price: Free to try (2-week trial); $39.95 to buy (Buy it now) ,Operating system: Windows NT/XP,Total downloads: 107,Downloads last week: 1
http://download.cnet.com/windows/productivity-software/?tag=rb_content;main,productivity-software,http://download.cnet.com/windows/calculators/,Calculators,http://download.cnet.com/MathCmd/3000-13571_4-75179466.html,MathCmd,Version: 2.0, File size: 27.6K ,Date added: August 04  2011,Price: Free ,Operating system: Windows 98/Me/2000/XP/Vista,Total downloads: 233,Downloads last week: 1
http://download.cnet.com/windows/productivity-software/?tag=rb_content;main,productivity-software,http://download.cnet.com/windows/calculators/,Calculators,http://download.cnet.com/Loan-And-Mortgage/3000-13571_4-10909660.html,Loan And Mortgage,Version: 2.3.4, File size: 1.42MB ,Date added: December 18  2013,Price: Free to try (30-day trial); $39.99 to buy (Buy it now) ,Operating system: Windows NT/98/Me/2000/XP/2003/Vista/7/8,Total downloads: 1 695,Downloads last week: 1
http://download.cnet.com/windows/productivity-software/?tag=rb_content;main,productivity-software,http://download.cnet.com/windows/calculators/,Calculators,http://download.cnet.com/Precise-Math/3000-13571_4-75884564.html,Precise Math,Version: 1.0, File size: 223.29K ,Date added: March 15  2013,Price: Free ,Operating system: Windows 2000/XP/2003/Vista/Server 2008/7,Total downloads: 70,Downloads last week: 1
http://download.cnet.com/windows/productivity-software/?tag=rb_content;main,productivity-software,http://download.cnet.com/windows/calculators/,Calculators,http://download.cnet.com/Calculator-for-jEdit/3000-13571_4-75891188.html,Calculator for jEdit,Version: 1.3, File size: 137.53K ,Date added: March 25  2013,Price: Free ,Operating system: Windows XP/2003/Vista/7,Total downloads: 19,Downloads last week: 1
http://download.cnet.com/windows/productivity-software/?tag=rb_content;main,productivity-software,http://download.cnet.com/windows/calculators/,Calculators,http://download.cnet.com/DSP-Magic/3000-13571_4-75017929.html,DSP Magic,Version: 1.1, File size: 373K ,Date added: December 25  2009,Price: Free to try (2-week trial); $39.95 to buy (Buy it now) ,Operating system: Windows NT/XP,Total downloads: 107,Downloads last week: 1
http://download.cnet.com/windows/productivity-software/?tag=rb_content;main,productivity-software,http://download.cnet.com/windows/calculators/,Calculators,http://download.cnet.com/Conversion/3000-13571_4-21729.html,Conversion,Version: 3.0.4, File size: 622.16K ,Date added: October 16  2005,Price: Purchase; $10.00 to buy ,Operating system: Windows 95/NT/98/2000/XP,Total downloads: 2,Downloads last week: 1
http://download.cnet.com/windows/productivity-software/?tag=rb_content;main,productivity-software,http://download.cnet.com/windows/calculators/,Calculators,http://download.cnet.com/Loan-And-Mortgage/3000-13571_4-10909660.html,Loan And Mortgage,Version: 2.3.4, File size: 1.42MB ,Date added: December 18  2013,Price: Free to try (30-day trial); $39.99 to buy (Buy it now) ,Operating system: Windows NT/98/Me/2000/XP/2003/Vista/7/8,Total downloads: 1 695,Downloads last week: 1
http://download.cnet.com/windows/productivity-software/?tag=rb_content;main,productivity-software,http://download.cnet.com/windows/calculators/,Calculators,http://download.cnet.com/OCaPy/3000-13571_4-75760392.html,OCaPy,Version: 0.402, File size: 10.34MB ,Date added: August 27  2012,Price: Free ,Operating system: Windows XP/Vista/7,Total downloads: 51,Downloads last week: 1
http://download.cnet.com/windows/productivity-software/?tag=rb_content;main,productivity-software,http://download.cnet.com/windows/calculators/,Calculators,http://download.cnet.com/Micro-Sys-Corner/3000-13571_4-75911373.html,Micro-Sys Corner,Version: 1.52, File size: 516.93K ,Date added: May 01  2013,Price: Free ,Operating system: Windows 95/NT/98/Me/2000/XP/Vista/7/8,Total downloads: 21,Downloads last week: 1
http://download.cnet.com/windows/productivity-software/?tag=rb_content;main,productivity-software,http://download.cnet.com/windows/calculators/,Calculators,http://download.cnet.com/pxcalc-Portable/3000-13571_4-75764099.html,pxcalc Portable,Version: 1.0, File size: 35.87K ,Date added: September 11  2012,Price: Free ,Operating system: Windows XP/Vista/7,Total downloads: 79,Downloads last week: 1
http://download.cnet.com/windows/productivity-software/?tag=rb_content;main,productivity-software,http://download.cnet.com/windows/calculators/,Calculators,http://download.cnet.com/Calculator/3000-13571_4-75912126.html,Calculator,Version: 1.0, File size: 44K ,Date added: May 06  2013,Price: Free ,Operating system: Windows 2000/XP/2003/Vista/7,Total downloads: 100,Downloads last week: 1
http://download.cnet.com/windows/productivity-software/?tag=rb_content;main,productivity-software,http://download.cnet.com/windows/calculators/,Calculators,http://download.cnet.com/CalcForce/3000-13571_4-75786536.html,CalcForce,Version: 1.0, File size: 424.36K ,Date added: October 03  2012,Price: Free ,Operating system: Windows XP/Vista/7/8,Total downloads: 199,Downloads last week: 1
http://download.cnet.com/windows/productivity-software/?tag=rb_content;main,productivity-software,http://download.cnet.com/windows/calculators/,Calculators,http://download.cnet.com/BinaryCrypt-64-bit/3000-13571_4-75933560.html,BinaryCrypt (64-bit),Version: 1.0.1, File size: 857.35K ,Date added: June 11  2013,Price: Free ,Operating system: Windows XP/Vista/7,Total downloads: 56,Downloads last week: 1
http://download.cnet.com/windows/productivity-software/?tag=rb_content;main,productivity-software,http://download.cnet.com/windows/calculators/,Calculators,http://download.cnet.com/Unit-Conversion/3000-13571_4-75099506.html,Unit Conversion,Version: 1.0, File size: 2.34MB ,Date added: February 03  2010,Price: Free to try (Defined unit data cannot be saved); $19.99 to buy (Buy it now) ,Operating system: Windows XP/Vista/7,Total downloads: 198,Downloads last week: 1
http://download.cnet.com/windows/productivity-software/?tag=rb_content;main,productivity-software,http://download.cnet.com/windows/calculators/,Calculators,http://download.cnet.com/Haze-Calc/3000-13571_4-75884649.html,Haze Calc,Version: 0.4, File size: 367.91K ,Date added: April 01  2013,Price: Free ,Operating system: Windows XP/2003/Vista/7/8,Total downloads: 65,Downloads last week: 1
http://download.cnet.com/windows/productivity-software/?tag=rb_content;main,productivity-software,http://download.cnet.com/windows/calculators/,Calculators,http://download.cnet.com/OCaPy-Portable/3000-13571_4-75760391.html,OCaPy Portable,Version: 0.402, File size: 13.99MB ,Date added: August 27  2012,Price: Free ,Operating system: Windows XP/Vista/7,Total downloads: 43,Downloads last week: 1
http://download.cnet.com/windows/productivity-software/?tag=rb_content;main,productivity-software,http://download.cnet.com/windows/calculators/,Calculators,http://download.cnet.com/BHD-Converter/3000-13571_4-75752814.html,BHD Converter,Version: 1.0.0.0 Final, File size: 492.57K ,Date added: August 03  2012,Price: Free ,Operating system: Windows,Total downloads: 56,Downloads last week: 1
http://download.cnet.com/windows/productivity-software/?tag=rb_content;main,productivity-software,http://download.cnet.com/windows/calculators/,Calculators,http://download.cnet.com/RUCalc/3000-13571_4-75793353.html,RUCalc,Version: 1.1, File size: 1.52MB ,Date added: October 17  2012,Price: Free ,Operating system: Windows 95/98/XP/Vista/7,Total downloads: 108,Downloads last week: 1
http://download.cnet.com/windows/productivity-software/?tag=rb_content;main,productivity-software,http://download.cnet.com/windows/calculators/,Calculators,http://download.cnet.com/TapeCalc/3000-13571_4-75863882.html,TapeCalc,Version: 0.4g, File size: 2.63MB ,Date added: September 12  2007,Price: Free ,Operating system: Windows NT/98/Me/2000/XP/2003,Total downloads: 27,Downloads last week: 1
http://download.cnet.com/windows/productivity-software/?tag=rb_content;main,productivity-software,http://download.cnet.com/windows/calculators/,Calculators,http://download.cnet.com/CalcuTray/3000-13571_4-75785661.html,CalcuTray,Version: 2.3, File size: 1.35MB ,Date added: October 03  2012,Price: Free ,Operating system: Windows XP/Vista/7,Total downloads: 48,Downloads last week: 1
http://download.cnet.com/windows/productivity-software/?tag=rb_content;main,productivity-software,http://download.cnet.com/windows/calculators/,Calculators,http://download.cnet.com/OCaPy-Portable/3000-13571_4-75760391.html,OCaPy Portable,Version: 0.402, File size: 13.99MB ,Date added: August 27  2012,Price: Free ,Operating system: Windows XP/Vista/7,Total downloads: 43,Downloads last week: 1
http://download.cnet.com/windows/productivity-software/?tag=rb_content;main,productivity-software,http://download.cnet.com/windows/calculators/,Calculators,http://download.cnet.com/Mortgage-Calculator/3000-13571_4-75042717.html,Mortgage Calculator,Version: 1.0, File size: 8.45K ,Date added: January 14  2010,Price: Free ,Operating system: Windows 95/NT/98/Me/2000/XP/2003/Vista/Server 2008/7,Total downloads: 1 498,Downloads last week: 1
http://download.cnet.com/windows/productivity-software/?tag=rb_content;main,productivity-software,http://download.cnet.com/windows/calculators/,Calculators,http://download.cnet.com/Skalc/3000-13571_4-75912423.html,Skalc,Version: 1.0.1, File size: 491.91K ,Date added: May 07  2013,Price: Free ,Operating system: Windows 2000/XP/Vista/7,Total downloads: 19,Downloads last week: 1
http://download.cnet.com/windows/productivity-software/?tag=rb_content;main,productivity-software,http://download.cnet.com/windows/calculators/,Calculators,http://download.cnet.com/Measurement-Conversions/3000-13571_4-75949997.html,Measurement Conversions,Version: 1.0, File size: 221.31K ,Date added: July 04  2013,Price: Free ,Operating system: Windows 7,Total downloads: 50,Downloads last week: 1
http://download.cnet.com/windows/productivity-software/?tag=rb_content;main,productivity-software,http://download.cnet.com/windows/calculators/,Calculators,http://download.cnet.com/Ernellcalculator/3000-13571_4-10967169.html,Ernellcalculator,Version: 1.1, File size: 4.25MB ,Date added: January 27  2010,Price: Free ,Operating system: Windows XP/Vista/7,Total downloads: 352,Downloads last week: 1
http://download.cnet.com/windows/productivity-software/?tag=rb_content;main,productivity-software,http://download.cnet.com/windows/calculators/,Calculators,http://download.cnet.com/SoftmicaCalc/3000-13571_4-75718991.html,SoftmicaCalc,Version: 3.09, File size: 10.63MB ,Date added: May 18  2012,Price: Free ,Operating system: Windows 2000/XP/Vista/7,Total downloads: 42,Downloads last week: 1
http://download.cnet.com/windows/productivity-software/?tag=rb_content;main,productivity-software,http://download.cnet.com/windows/calculators/,Calculators,http://download.cnet.com/Refinance-Calculator/3000-13571_4-75848214.html,Refinance Calculator,Version: 1.0, File size: 841.54K ,Date added: January 17  2013,Price: Free ,Operating system: Windows XP/Vista/7,Total downloads: 29,Downloads last week: 1
http://download.cnet.com/windows/productivity-software/?tag=rb_content;main,productivity-software,http://download.cnet.com/windows/calculators/,Calculators,http://download.cnet.com/UltimaCalc-Pro/3000-13571_4-75290239.html,UltimaCalc Pro,Version: 4.1.965, File size: 3.23MB ,Date added: September 18  2010,Price: Free to try; $39.45 to buy ,Operating system: Windows XP/Vista/7/NT 4,Total downloads: 138,Downloads last week: 1
http://download.cnet.com/windows/productivity-software/?tag=rb_content;main,productivity-software,http://download.cnet.com/windows/calculators/,Calculators,http://download.cnet.com/Storage-Space-Calculator/3000-13571_4-75531955.html,Storage Space Calculator,Version: 1.0, File size: 325.63K ,Date added: July 25  2011,Price: Free ,Operating system: Windows XP/Vista/7,Total downloads: 82,Downloads last week: 1
http://download.cnet.com/windows/productivity-software/?tag=rb_content;main,productivity-software,http://download.cnet.com/windows/calculators/,Calculators,http://download.cnet.com/AI-Wizard/3000-13571_4-75937056.html,AI Wizard,Version: 1.0, File size: 1.71MB ,Date added: June 16  2013,Price: Free ,Operating system: Windows XP/Vista/7/8,Total downloads: 29,Downloads last week: 1
http://download.cnet.com/windows/productivity-software/?tag=rb_content;main,productivity-software,http://download.cnet.com/windows/calculators/,Calculators,http://download.cnet.com/pxcalc/3000-13571_4-75764098.html,pxcalc,Version: 1.0, File size: 340.58K ,Date added: September 10  2012,Price: Free ,Operating system: Windows XP/Vista/7,Total downloads: 38,Downloads last week: 1
http://download.cnet.com/windows/productivity-software/?tag=rb_content;main,productivity-software,http://download.cnet.com/windows/calculators/,Calculators,http://download.cnet.com/VICalc/3000-13571_4-75447044.html,VICalc,Version: 1.0, File size: 4.55MB ,Date added: April 16  2011,Price: Free to try; $6.00 to buy ,Operating system: Windows NT/98/Me/2000/XP/2003/Vista/7,Total downloads: 43,Downloads last week: 1
http://download.cnet.com/windows/productivity-software/?tag=rb_content;main,productivity-software,http://download.cnet.com/windows/calculators/,Calculators,http://download.cnet.com/TimeTrain/3000-13571_4-75744504.html,TimeTrain,Version: 1.2.1.0, File size: 5.55MB ,Date added: October 21  2012,Price: Free ,Operating system: Windows NT/98/Me/2000/XP/2003/Vista/Server 2008/7/8,Total downloads: 64,Downloads last week: 1
http://download.cnet.com/windows/productivity-software/?tag=rb_content;main,productivity-software,http://download.cnet.com/windows/calculators/,Calculators,http://download.cnet.com/Calculator/3000-13571_4-75324351.html,Calculator,Version: 2.2.2.4, File size: 474.19K ,Date added: February 01  2011,Price: Free to try; $9.95 to buy ,Operating system: Windows NT/2000/XP/2003/Vista/7,Total downloads: 422,Downloads last week: 1
http://download.cnet.com/windows/productivity-software/?tag=rb_content;main,productivity-software,http://download.cnet.com/windows/calculators/,Calculators,http://download.cnet.com/JCalculator/3000-13571_4-75892777.html,JCalculator,Version: 1.0, File size: 117.58K ,Date added: May 06  2008,Price: Free ,Operating system: Windows XP/2003/Vista/7,Total downloads: 6,Downloads last week: 1
http://download.cnet.com/windows/productivity-software/?tag=rb_content;main,productivity-software,http://download.cnet.com/windows/calculators/,Calculators,http://download.cnet.com/MyNewPC-Calc/3000-13571_4-76091389.html,MyNewPC Calc,Version: 1.0.3, File size: 3.58MB ,Date added: February 23  2014,Price: Free ,Operating system: Windows XP/2003/Vista/Server 2008/7/8,Total downloads: 15,Downloads last week: 1
http://download.cnet.com/windows/productivity-software/?tag=rb_content;main,productivity-software,http://download.cnet.com/windows/calculators/,Calculators,http://download.cnet.com/Nimo-Calc/3000-13571_4-75610182.html,Nimo Calc,Version: 1.0, File size: 23.35K ,Date added: November 10  2011,Price: Free ,Operating system: Windows NT/98/Me/2000/XP/2003/Vista/7,Total downloads: 54,Downloads last week: 1
http://download.cnet.com/windows/productivity-software/?tag=rb_content;main,productivity-software,http://download.cnet.com/windows/calculators/,Calculators,http://download.cnet.com/Mathwizard/3000-13571_4-10906779.html,Mathwizard,Version: 2.5, File size: 433.69K ,Date added: January 12  2014,Price: Free to try (2-day trial); $46.50 to buy (Buy it now) ,Operating system: Windows NT/XP/2003/Vista/Server 2008/7/8,Total downloads: 1 068,Downloads last week: 1
http://download.cnet.com/windows/productivity-software/?tag=rb_content;main,productivity-software,http://download.cnet.com/windows/calculators/,Calculators,http://download.cnet.com/Easycalculation/3000-13571_4-75914822.html,Easycalculation,Version: 1.0, File size: 14.61MB ,Date added: May 22  2013,Price: Free ,Operating system: Windows XP/Vista/7,Total downloads: 44,Downloads last week: 1
http://download.cnet.com/windows/productivity-software/?tag=rb_content;main,productivity-software,http://download.cnet.com/windows/calculators/,Calculators,http://download.cnet.com/Conversion-Software/3000-13571_4-76088078.html,Conversion Software,Version: 2.0, File size: 910.61K ,Date added: February 10  2014,Price: Free ,Operating system: Windows XP/Vista/7/8,Total downloads: 23,Downloads last week: 1
http://download.cnet.com/windows/productivity-software/?tag=rb_content;main,productivity-software,http://download.cnet.com/windows/calculators/,Calculators,http://download.cnet.com/AureoSoft-See-and-Calc/3000-13571_4-75329822.html,AureoSoft See-and-Calc,Version: 1.0, File size: 1.55MB ,Date added: December 15  2010,Price: Free ,Operating system: Windows XP/Vista/7,Total downloads: 433,Downloads last week: 1
http://download.cnet.com/windows/productivity-software/?tag=rb_content;main,productivity-software,http://download.cnet.com/windows/calculators/,Calculators,http://download.cnet.com/BinaryCrypt/3000-13571_4-75922335.html,BinaryCrypt,Version: 1.0.1, File size: 860.14K ,Date added: June 11  2013,Price: Free ,Operating system: Windows XP/Vista/7,Total downloads: 53,Downloads last week: 1
http://download.cnet.com/windows/productivity-software/?tag=rb_content;main,productivity-software,http://download.cnet.com/windows/calculators/,Calculators,http://download.cnet.com/Javaluator/3000-13571_4-75761411.html,Javaluator,Version: 1.0, File size: 98.5K ,Date added: August 31  2012,Price: Free ,Operating system: Windows XP/Vista/7,Total downloads: 38,Downloads last week: 1
http://download.cnet.com/windows/productivity-software/?tag=rb_content;main,productivity-software,http://download.cnet.com/windows/calculators/,Calculators,http://download.cnet.com/Solar-Calculator/3000-13571_4-75863770.html,Solar Calculator,Version: 1.0, File size: 18.71K ,Date added: February 13  2013,Price: Free ,Operating system: Windows,Total downloads: 105,Downloads last week: 1
http://download.cnet.com/windows/productivity-software/?tag=rb_content;main,productivity-software,http://download.cnet.com/windows/calculators/,Calculators,http://download.cnet.com/MagicPlot-Calculator/3000-13571_4-75792449.html,MagicPlot Calculator,Version: 1.1, File size: 124.43K ,Date added: October 16  2010,Price: Free ,Operating system: Windows 2000/XP/2003/Vista/7,Total downloads: 14,Downloads last week: 1
http://download.cnet.com/windows/productivity-software/?tag=rb_content;main,productivity-software,http://download.cnet.com/windows/calculators/,Calculators,http://download.cnet.com/Web-Loanalyzer-Payment-Calculator/3000-13571_4-75207119.html,Web Loanalyzer Payment Calculator,Version: 02.28.11, File size: 2.35K ,Date added: March 03  2011,Price: Free ,Operating system: Webware/W/98/Me/2000/XP/2003/Vista/Server 2008/7,Total visits: 113,Visits last week: 1
http://download.cnet.com/windows/productivity-software/?tag=rb_content;main,productivity-software,http://download.cnet.com/windows/calculators/,Calculators,http://download.cnet.com/The-Gas-Convert-Program/3000-13571_4-75909655.html,The Gas Convert Program,Version: 1.0.4.3, File size: 6.64MB ,Date added: April 23  2013,Price: Free ,Operating system: Windows Vista/7/8,Total downloads: 17,Downloads last week: 1
http://download.cnet.com/windows/productivity-software/?tag=rb_content;main,productivity-software,http://download.cnet.com/windows/calculators/,Calculators,http://download.cnet.com/Javaluator/3000-13571_4-75761411.html,Javaluator,Version: 1.0, File size: 98.5K ,Date added: August 31  2012,Price: Free ,Operating system: Windows XP/Vista/7,Total downloads: 38,Downloads last week: 1
http://download.cnet.com/windows/productivity-software/?tag=rb_content;main,productivity-software,http://download.cnet.com/windows/calculators/,Calculators,http://download.cnet.com/Lectisoft-Lincalc/3000-13571_4-75762337.html,Lectisoft Lincalc,Version: 1.1.4, File size: 569.08K ,Date added: September 26  2012,Price: Free ,Operating system: Windows NT/98/Me/2000/XP/2003/Vista/7,Total downloads: 68,Downloads last week: 1
http://download.cnet.com/windows/productivity-software/?tag=rb_content;main,productivity-software,http://download.cnet.com/windows/calculators/,Calculators,http://download.cnet.com/Easycalculation/3000-13571_4-75914822.html,Easycalculation,Version: 1.0, File size: 14.61MB ,Date added: May 22  2013,Price: Free ,Operating system: Windows XP/Vista/7,Total downloads: 44,Downloads last week: 1
http://download.cnet.com/windows/productivity-software/?tag=rb_content;main,productivity-software,http://download.cnet.com/windows/calculators/,Calculators,http://download.cnet.com/AureoSoft-See-and-Calc/3000-13571_4-75329822.html,AureoSoft See-and-Calc,Version: 1.0, File size: 1.55MB ,Date added: December 15  2010,Price: Free ,Operating system: Windows XP/Vista/7,Total downloads: 433,Downloads last week: 1
http://download.cnet.com/windows/productivity-software/?tag=rb_content;main,productivity-software,http://download.cnet.com/windows/calculators/,Calculators,http://download.cnet.com/DateMathica/3000-13571_4-75375306.html,DateMathica,Version: 2.0, File size: 539.93K ,Date added: February 28  2011,Price: Free to try (4-days trial); $4.99 to buy ,Operating system: Windows 2000/XP/Vista/7,Total downloads: 46,Downloads last week: 1
http://download.cnet.com/windows/productivity-software/?tag=rb_content;main,productivity-software,http://download.cnet.com/windows/calculators/,Calculators,http://download.cnet.com/CalcTape-Pro/3000-13571_4-75758226.html,CalcTape Pro,Version: 5.1.5, File size: 5.02MB ,Date added: August 21  2012,Price: Free to try (30-day trial); $7.95 to buy (Buy it now) ,Operating system: Windows XP/Vista/7,Total downloads: 193,Downloads last week: 1
http://download.cnet.com/windows/productivity-software/?tag=rb_content;main,productivity-software,http://download.cnet.com/windows/calculators/,Calculators,http://download.cnet.com/AlcoDens/3000-13571_4-75912410.html,AlcoDens,Version: 2.5, File size: 1.64MB ,Date added: May 07  2013,Price: Free to try (15-day trial); $195.00 to buy ,Operating system: Windows XP/Vista/7/8,Total downloads: 47,Downloads last week: 1
http://download.cnet.com/windows/productivity-software/?tag=rb_content;main,productivity-software,http://download.cnet.com/windows/calculators/,Calculators,http://download.cnet.com/Xtreme-Calculations/3000-13571_4-75910584.html,Xtreme Calculations,Version: 17.1.1, File size: 10.17MB ,Date added: April 26  2013,Price: Free ,Operating system: Windows XP/Vista/Server 2008/7/8,Total downloads: 89,Downloads last week: 1
http://download.cnet.com/windows/productivity-software/?tag=rb_content;main,productivity-software,http://download.cnet.com/windows/calculators/,Calculators,http://download.cnet.com/Ezy-Loan-Calculator/3000-13571_4-10610503.html,Ezy Loan Calculator,Version: 3.2, File size: 4.69MB ,Date added: June 25  2012,Price: Free to try (30-day trial); $39.95 to buy (Buy it now) ,Operating system: Windows NT/98/Me/2000/XP/2003/Vista/Server 2008/7/8,Total downloads: 529,Downloads last week: 1
http://download.cnet.com/windows/productivity-software/?tag=rb_content;main,productivity-software,http://download.cnet.com/windows/calculators/,Calculators,http://download.cnet.com/FlashUnits/3000-13571_4-10971871.html,FlashUnits,Version: 1.2.0.2, File size: 1.23MB ,Date added: August 26  2010,Price: Free ,Operating system: Windows XP/2003/Vista/Server 2008/7,Total downloads: 1 091,Downloads last week: 1
http://download.cnet.com/windows/productivity-software/?tag=rb_content;main,productivity-software,http://download.cnet.com/windows/calculators/,Calculators,http://download.cnet.com/AlcoDens/3000-13571_4-75912410.html,AlcoDens,Version: 2.5, File size: 1.64MB ,Date added: May 07  2013,Price: Free to try (15-day trial); $195.00 to buy ,Operating system: Windows XP/Vista/7/8,Total downloads: 47,Downloads last week: 1
http://download.cnet.com/windows/productivity-software/?tag=rb_content;main,productivity-software,http://download.cnet.com/windows/calculators/,Calculators,http://download.cnet.com/Date-Calculator/3000-13571_4-75807859.html,Date Calculator,Version: 2.71, File size: 681.3K ,Date added: November 12  2012,Price: Free ,Operating system: Windows NT/98/Me/2000/XP/Vista/7,Total downloads: 120,Downloads last week: 1
http://download.cnet.com/windows/productivity-software/?tag=rb_content;main,productivity-software,http://download.cnet.com/windows/calculators/,Calculators,http://download.cnet.com/CalcTape-Pro/3000-13571_4-75758226.html,CalcTape Pro,Version: 5.1.5, File size: 5.02MB ,Date added: August 21  2012,Price: Free to try (30-day trial); $7.95 to buy (Buy it now) ,Operating system: Windows XP/Vista/7,Total downloads: 193,Downloads last week: 1
http://download.cnet.com/windows/productivity-software/?tag=rb_content;main,productivity-software,http://download.cnet.com/windows/calculators/,Calculators,http://download.cnet.com/Xtreme-Calculations/3000-13571_4-75910584.html,Xtreme Calculations,Version: 17.1.1, File size: 10.17MB ,Date added: April 26  2013,Price: Free ,Operating system: Windows XP/Vista/Server 2008/7/8,Total downloads: 89,Downloads last week: 1
http://download.cnet.com/windows/productivity-software/?tag=rb_content;main,productivity-software,http://download.cnet.com/windows/calculators/,Calculators,http://download.cnet.com/Kettle-Reboiler-Design/3000-13571_4-203431.html,Kettle Reboiler Design,Version: 1.0, File size: 9.06MB ,Date added: August 18  2008,Price: Purchase; $69.99 to buy ,Operating system: Windows 98/2000/XP/Vista,Total downloads: 70,Downloads last week: Unavailable
http://download.cnet.com/windows/productivity-software/?tag=rb_content;main,productivity-software,http://download.cnet.com/windows/calculators/,Calculators,http://download.cnet.com/Calq/3000-13571_4-65715.html,Calq,Version: 1.3.1, File size: 470.13K ,Date added: October 23  2005,Price: Free ,Operating system: Windows 2000/XP/2000 SP 1/2/3/4/XP SP 1/2,Total downloads: 2,Downloads last week: 1
http://download.cnet.com/windows/productivity-software/?tag=rb_content;main,productivity-software,http://download.cnet.com/windows/calculators/,Calculators,http://download.cnet.com/Unios/3000-13571_4-173842.html,Unios,Version: 2.1, File size: 317.23K ,Date added: February 20  2002,Price: Purchase; $10.00 to buy ,Operating system: Windows NT/98/2000/XP/2003/Vista,Total downloads: 117,Downloads last week: Unavailable
