http://download.cnet.com/windows/mp3-and-audio-software/?tag=rb_content;main,mp3-and-audio-software,http://download.cnet.com/windows/karaoke-software/,Karaoke Software,http://download.cnet.com/Microphone-Pass-through-Emulator/3000-2025_4-10973610.html,Microphone Pass-through Emulator,Version: 1.5.1, File size: 580.23K ,Date added: April 12  2010,Price: Free to try (15-day trial); $14.99 to buy (Buy it now) ,Operating system: Windows NT/2000/XP/2003/Vista/Server 2008/7,Total downloads: 64 274,Downloads last week: 358
http://download.cnet.com/windows/mp3-and-audio-software/?tag=rb_content;main,mp3-and-audio-software,http://download.cnet.com/windows/karaoke-software/,Karaoke Software,http://download.cnet.com/Free-Midi-Karaoke-Player/3000-2025_4-10920552.html,Free Midi Karaoke Player,Version: 10.0, File size: 3.53MB ,Date added: June 09  2009,Price: Free ,Operating system: Windows 2000/XP/2003/Vista/Server 2008,Total downloads: 41 539,Downloads last week: 138
http://download.cnet.com/windows/mp3-and-audio-software/?tag=rb_content;main,mp3-and-audio-software,http://download.cnet.com/windows/karaoke-software/,Karaoke Software,http://download.cnet.com/KaraokeKanta/3000-2025_4-75181473.html,KaraokeKanta,Version: 4.0, File size: 1.21MB ,Date added: April 21  2010,Price: Free ,Operating system: Windows 95/NT/98/Me/2000/XP/2003/Vista/Server 2008/7,Total downloads: 38 380,Downloads last week: 167
http://download.cnet.com/windows/mp3-and-audio-software/?tag=rb_content;main,mp3-and-audio-software,http://download.cnet.com/windows/karaoke-software/,Karaoke Software,http://download.cnet.com/Virtual-DJ-Studio/3000-2025_4-10168580.html,Virtual DJ Studio,Version: 6.9.8, File size: 10.01MB ,Date added: October 09  2013,Price: Free to try (14-day trial); $34.95 to buy (Buy it now) ,Operating system: Windows XP/2003/Vista/Server 2008/7/8,Total downloads: 1 842 663,Downloads last week: 6 725
http://download.cnet.com/windows/mp3-and-audio-software/?tag=rb_content;main,mp3-and-audio-software,http://download.cnet.com/windows/karaoke-software/,Karaoke Software,http://download.cnet.com/Karaoke-Player/3000-2025_4-10916050.html,Karaoke Player,Version: 2.0, File size: 4.24MB ,Date added: January 15  2012,Price: Free ,Operating system: Windows 2000/XP/Vista,Total downloads: 164 878,Downloads last week: 1 178
http://download.cnet.com/windows/mp3-and-audio-software/?tag=rb_content;main,mp3-and-audio-software,http://download.cnet.com/windows/karaoke-software/,Karaoke Software,http://download.cnet.com/Walaoke/3000-2025_4-75001519.html,Walaoke,Version: 2.20, File size: 5MB ,Date added: April 01  2011,Price: Free ,Operating system: Windows XP/7,Total downloads: 223 087,Downloads last week: 453
http://download.cnet.com/windows/mp3-and-audio-software/?tag=rb_content;main,mp3-and-audio-software,http://download.cnet.com/windows/karaoke-software/,Karaoke Software,http://download.cnet.com/Karaoke-5/3000-2025_4-10638102.html,Karaoke 5,Version: 41.06, File size: 87.35MB ,Date added: March 13  2014,Price: Free ,Operating system: Windows NT/2000/XP/2003/Vista/Server 2008/7/8,Total downloads: 512 544,Downloads last week: 2 068
http://download.cnet.com/windows/mp3-and-audio-software/?tag=rb_content;main,mp3-and-audio-software,http://download.cnet.com/windows/karaoke-software/,Karaoke Software,http://download.cnet.com/Just-Sing/3000-2025_4-10916104.html,Just Sing,Version: 1.0.1, File size: 808.79K ,Date added: August 31  2010,Price: Free ,Operating system: Windows XP/Vista,Total downloads: 37 278,Downloads last week: 161
http://download.cnet.com/windows/mp3-and-audio-software/?tag=rb_content;main,mp3-and-audio-software,http://download.cnet.com/windows/karaoke-software/,Karaoke Software,http://download.cnet.com/Magic-Vocal-Remover/3000-2025_4-75218137.html,Magic Vocal Remover,Version: 1.1, File size: 1.03MB ,Date added: February 20  2014,Price: Free to try (Handles 30 seconds of song); $24.99 to buy (Buy it now) ,Operating system: Windows NT/98/Me/2000/XP/2003/Vista/Server 2008/7,Total downloads: 167 742,Downloads last week: 1 227
http://download.cnet.com/windows/mp3-and-audio-software/?tag=rb_content;main,mp3-and-audio-software,http://download.cnet.com/windows/karaoke-software/,Karaoke Software,http://download.cnet.com/Karma/3000-2025_4-10874323.html,Karma,Version: 2014.1.28, File size: 6.49MB ,Date added: February 21  2014,Price: Free to try (3 singers in a rotation/3 songs in a playlist limit); $99.00 to buy (Buy it now) ,Operating system: Windows XP/Vista/7,Total downloads: 23 427,Downloads last week: 67
http://download.cnet.com/windows/mp3-and-audio-software/?tag=rb_content;main,mp3-and-audio-software,http://download.cnet.com/windows/karaoke-software/,Karaoke Software,http://download.cnet.com/PCDJ-Karaoki/3000-2025_4-75072918.html,PCDJ Karaoki,Version: 0.8.5155, File size: 8.85MB ,Date added: February 20  2014,Price: Free to try (14-day trial); $99.00 to buy (Buy it now) ,Operating system: Windows XP/Vista/7,Total downloads: 17 425,Downloads last week: 46
http://download.cnet.com/windows/mp3-and-audio-software/?tag=rb_content;main,mp3-and-audio-software,http://download.cnet.com/windows/karaoke-software/,Karaoke Software,http://download.cnet.com/Your-monster-voice/3000-2025_4-10921968.html,Your monster voice,Version: 1.0, File size: 811.79K ,Date added: June 26  2009,Price: Free to try (Save-disabled); $19.00 to buy (Buy it now) ,Operating system: Windows NT/98/Me/2000/XP/2003/Vista/Server 2008/7,Total downloads: 11 027,Downloads last week: 25
http://download.cnet.com/windows/mp3-and-audio-software/?tag=rb_content;main,mp3-and-audio-software,http://download.cnet.com/windows/karaoke-software/,Karaoke Software,http://download.cnet.com/Power-CD-G-to-Video-Karaoke-Converter/3000-2025_4-10563949.html,Power CD+G to Video Karaoke Converter,Version: 2.0.4, File size: 10.06MB ,Date added: January 24  2013,Price: Free to try; $39.00 to buy ,Operating system: Windows XP/Vista/7/8,Total downloads: 11 975,Downloads last week: 39
http://download.cnet.com/windows/mp3-and-audio-software/?tag=rb_content;main,mp3-and-audio-software,http://download.cnet.com/windows/karaoke-software/,Karaoke Software,http://download.cnet.com/Karaoke4Pro/3000-2025_4-75450995.html,Karaoke4Pro,Version: 1.0, File size: 3.43MB ,Date added: March 03  2014,Price: Free ,Operating system: Windows Vista/Server 2008/7/8,Total downloads: 8 977,Downloads last week: 43
http://download.cnet.com/windows/mp3-and-audio-software/?tag=rb_content;main,mp3-and-audio-software,http://download.cnet.com/windows/karaoke-software/,Karaoke Software,http://download.cnet.com/Midi-Karaoke-Player-20/3000-2025_4-75623359.html,Midi Karaoke Player 20,Version: 20.0, File size: 4.02MB ,Date added: December 05  2011,Price: Free ,Operating system: Windows NT/98/Me/2000/XP/2003/Vista/Server 2008/7,Total downloads: 13 019,Downloads last week: 26
http://download.cnet.com/windows/mp3-and-audio-software/?tag=rb_content;main,mp3-and-audio-software,http://download.cnet.com/windows/karaoke-software/,Karaoke Software,http://download.cnet.com/Magic-Vocal-Remover/3000-2025_4-75962054.html,Magic Vocal Remover,Version: 1.0.1.1, File size: 4.93MB ,Date added: July 23  2013,Price: Free to try (Convert first 30 seconds of your music); $19.99 to buy (Buy it now) ,Operating system: Windows NT/98/Me/2000/XP/2003/Vista/Server 2008/7/8,Total downloads: 256,Downloads last week: 13
http://download.cnet.com/windows/mp3-and-audio-software/?tag=rb_content;main,mp3-and-audio-software,http://download.cnet.com/windows/karaoke-software/,Karaoke Software,http://download.cnet.com/Karaoke-Eddie/3000-2025_4-10920157.html,Karaoke Eddie,Version: 1.0, File size: 3.55MB ,Date added: June 03  2009,Price: Free to try (Saves created karaoke 3 times); $31.00 to buy (Buy it now) ,Operating system: Windows NT/98/Me/2000/XP/2003/Vista/Server 2008/7,Total downloads: 14 247,Downloads last week: 7
http://download.cnet.com/windows/mp3-and-audio-software/?tag=rb_content;main,mp3-and-audio-software,http://download.cnet.com/windows/karaoke-software/,Karaoke Software,http://download.cnet.com/Winlive-Free/3000-2025_4-75665069.html,Winlive Free,Version: 5.5, File size: 9.06MB ,Date added: February 10  2014,Price: Free ,Operating system: Windows XP/Vista/7/8,Total downloads: 547,Downloads last week: 6
http://download.cnet.com/windows/mp3-and-audio-software/?tag=rb_content;main,mp3-and-audio-software,http://download.cnet.com/windows/karaoke-software/,Karaoke Software,http://download.cnet.com/kJams-Lite/3000-2025_4-75305563.html,kJams Lite,Version: 1.0a1, File size: 11.46MB ,Date added: March 05  2013,Price: Free to try (Can only add 3 songs to a playlist  can only export 10 quicktime files); $40.00 to buy (Buy it now) ,Operating system: Windows XP/Vista/7/8,Total downloads: 1 364,Downloads last week: 8
http://download.cnet.com/windows/mp3-and-audio-software/?tag=rb_content;main,mp3-and-audio-software,http://download.cnet.com/windows/karaoke-software/,Karaoke Software,http://download.cnet.com/Aria-Karaoke-Pro/3000-2025_4-75416234.html,Aria Karaoke Pro,Version: 1.01, File size: 9.3MB ,Date added: March 28  2011,Price: Free to try (14-day trial); $79.95 to buy (Buy it now) ,Operating system: Windows XP/Vista/7,Total downloads: 1 453,Downloads last week: 4
http://download.cnet.com/windows/mp3-and-audio-software/?tag=rb_content;main,mp3-and-audio-software,http://download.cnet.com/windows/karaoke-software/,Karaoke Software,http://download.cnet.com/Songsmith/3000-2025_4-10906765.html,Songsmith,Version: 1.02, File size: 98.47MB ,Date added: September 11  2009,Price: Free to try (6 hours active compilation); $29.95 to buy ,Operating system: Windows XP/Vista,Total downloads: 33 311,Downloads last week: 18
http://download.cnet.com/windows/mp3-and-audio-software/?tag=rb_content;main,mp3-and-audio-software,http://download.cnet.com/windows/karaoke-software/,Karaoke Software,http://download.cnet.com/UltraStar-Song-Editor/3000-2025_4-75707521.html,UltraStar Song Editor,Version: 0.1, File size: 382.43K ,Date added: April 25  2012,Price: Free ,Operating system: Windows 2000/XP/Vista/7,Total downloads: 445,Downloads last week: 7
http://download.cnet.com/windows/mp3-and-audio-software/?tag=rb_content;main,mp3-and-audio-software,http://download.cnet.com/windows/karaoke-software/,Karaoke Software,http://download.cnet.com/Graham-s-Karaoke-Home-Player/3000-2025_4-75452955.html,Graham's Karaoke Home Player,Version: 2.0, File size: 22.55MB ,Date added: June 30  2011,Price: Free to try (20 minutes per session  imports maximum 20 songs); $7.50 to buy (Buy it now) ,Operating system: Windows XP/Vista/7,Total downloads: 1 082,Downloads last week: 5
http://download.cnet.com/windows/mp3-and-audio-software/?tag=rb_content;main,mp3-and-audio-software,http://download.cnet.com/windows/karaoke-software/,Karaoke Software,http://download.cnet.com/CDG-Ripper/3000-2025_4-75404076.html,CDG Ripper,Version: 2.0, File size: 5.75MB ,Date added: March 05  2011,Price: Free to try (60 seconds of per track trial.); $36.95 to buy (Buy it now) ,Operating system: Windows XP/Vista/7/8,Total downloads: 1 947,Downloads last week: 8
http://download.cnet.com/windows/mp3-and-audio-software/?tag=rb_content;main,mp3-and-audio-software,http://download.cnet.com/windows/karaoke-software/,Karaoke Software,http://download.cnet.com/zzz_test/3000-2025_4-75996542.html,zzz_test,Version: 4, File size: 414.41K ,Date added: October 25  2000,Price: Free ,Operating system: Windows 2003,Total downloads: 4,Downloads last week: 3
http://download.cnet.com/windows/mp3-and-audio-software/?tag=rb_content;main,mp3-and-audio-software,http://download.cnet.com/windows/karaoke-software/,Karaoke Software,http://download.cnet.com/Karaplay/3000-2025_4-75708191.html,Karaplay,Version: 1.0.2, File size: 2.39MB ,Date added: July 03  2012,Price: Free to try (15-use trial); $24.95 to buy ,Operating system: Windows XP/Vista/7/8,Total downloads: 280,Downloads last week: 4
http://download.cnet.com/windows/mp3-and-audio-software/?tag=rb_content;main,mp3-and-audio-software,http://download.cnet.com/windows/karaoke-software/,Karaoke Software,http://download.cnet.com/Karaoke-Toolbox/3000-2025_4-75630523.html,Karaoke Toolbox,Version: 1.0, File size: 6.22MB ,Date added: March 29  2012,Price: Free to try (30-day trial); $20.00 to buy (Buy it now) ,Operating system: Windows XP/Vista/7/8,Total downloads: 418,Downloads last week: 2
http://download.cnet.com/windows/mp3-and-audio-software/?tag=rb_content;main,mp3-and-audio-software,http://download.cnet.com/windows/karaoke-software/,Karaoke Software,http://download.cnet.com/KaPlaRe/3000-2025_4-10635117.html,KaPlaRe,Version: 1.5.2, File size: 6.23MB ,Date added: March 28  2012,Price: Free to try (4-day trial); $12.50 to buy ,Operating system: Windows 98/2000/XP/Vista/7,Total downloads: 4 209,Downloads last week: 3
http://download.cnet.com/windows/mp3-and-audio-software/?tag=rb_content;main,mp3-and-audio-software,http://download.cnet.com/windows/karaoke-software/,Karaoke Software,http://download.cnet.com/Lyrpack2010/3000-2025_4-75158340.html,Lyrpack2010,Version: 1.00.0001, File size: 1.93MB ,Date added: March 12  2010,Price: Purchase; $1.51 to buy (Buy it now) ,Operating system: Windows NT/XP/2003/Vista/Server 2008/7,Total downloads: 842,Downloads last week: 1
http://download.cnet.com/windows/mp3-and-audio-software/?tag=rb_content;main,mp3-and-audio-software,http://download.cnet.com/windows/karaoke-software/,Karaoke Software,http://download.cnet.com/Power-CD-G-to-iPod-Karaoke-Converter/3000-2025_4-10563978.html,Power CD+G to iPod Karaoke Converter,Version: 2.0.1, File size: 12.43MB ,Date added: June 01  2012,Price: Free to try; $39.00 to buy ,Operating system: Windows 98/Me/2000/XP,Total downloads: 1 220,Downloads last week: 2
http://download.cnet.com/windows/mp3-and-audio-software/?tag=rb_content;main,mp3-and-audio-software,http://download.cnet.com/windows/karaoke-software/,Karaoke Software,http://download.cnet.com/Karall/3000-2025_4-75681543.html,Karall,Version: 1.25.0, File size: 21.05MB ,Date added: June 22  2012,Price: Free to try (60-second music limit trial); $80.00 to buy (Buy it now) ,Operating system: Windows NT/XP/2003/Vista/Server 2008/7/8,Total downloads: 1 250,Downloads last week: 4
http://download.cnet.com/windows/mp3-and-audio-software/?tag=rb_content;main,mp3-and-audio-software,http://download.cnet.com/windows/karaoke-software/,Karaoke Software,http://download.cnet.com/ChordComposer/3000-2025_4-75409687.html,ChordComposer,Version: 7.2.0.1, File size: 2.37MB ,Date added: March 05  2011,Price: Free to try (Limited functionality); $48.99 to buy (Buy it now) ,Operating system: Windows NT/2000/XP/2003/Vista/Server 2008/7,Total downloads: 453,Downloads last week: 3
http://download.cnet.com/windows/mp3-and-audio-software/?tag=rb_content;main,mp3-and-audio-software,http://download.cnet.com/windows/karaoke-software/,Karaoke Software,http://download.cnet.com/Band2Play/3000-2025_4-75609003.html,Band2Play,Version: 2.0, File size: 58.18MB ,Date added: October 24  2011,Price: Free to try (Only the first six bars can be played back or printed); $15.00 to buy (Buy it now) ,Operating system: Windows XP/Vista/7,Total downloads: 95,Downloads last week: 1
http://download.cnet.com/windows/mp3-and-audio-software/?tag=rb_content;main,mp3-and-audio-software,http://download.cnet.com/windows/karaoke-software/,Karaoke Software,http://download.cnet.com/SingPoint-2011/3000-2025_4-75450376.html,SingPoint 2011,Version: 1.0, File size: 9.3MB ,Date added: May 25  2011,Price: Free to try (30-day trial); $17.99 to buy (Buy it now) ,Operating system: Windows XP/Vista/7,Total downloads: 823,Downloads last week: 1
http://download.cnet.com/windows/mp3-and-audio-software/?tag=rb_content;main,mp3-and-audio-software,http://download.cnet.com/windows/karaoke-software/,Karaoke Software,http://download.cnet.com/SingPoint-2011CE/3000-2025_4-75450377.html,SingPoint 2011CE,Version: 1.0, File size: 9.61MB ,Date added: May 25  2011,Price: Free to try (30-day trial); $19.99 to buy (Buy it now) ,Operating system: Windows XP/Vista/7,Total downloads: 223,Downloads last week: 1
http://download.cnet.com/windows/mp3-and-audio-software/?tag=rb_content;main,mp3-and-audio-software,http://download.cnet.com/windows/karaoke-software/,Karaoke Software,http://download.cnet.com/MIDI-to-MP3-Converter/3000-2025_4-10908654.html,MIDI to MP3 Converter,Version: 1.5, File size: 25.45MB ,Date added: September 16  2010,Price: Free to try (10-day trial); $19.95 to buy (Buy it now) ,Operating system: Windows NT/98/Me/2000/XP/2003/Vista/Server 2008,Total downloads: 2 058,Downloads last week: 1
