http://download.cnet.com/windows/internet-software/?tag=rb_content;main,internet-software,http://download.cnet.com/windows/bookmark-managers/,Bookmark Managers,http://download.cnet.com/MyRes/3000-2184_4-10308002.html,MyRes,Version: 1.0, File size: 2.76MB ,Date added: August 10  2004,Price: Free to try (30-day trial); $35.00 to buy ,Operating system: Windows 95/NT/98/Me/2000/XP,Total downloads: 426,Downloads last week: 27
http://download.cnet.com/windows/internet-software/?tag=rb_content;main,internet-software,http://download.cnet.com/windows/bookmark-managers/,Bookmark Managers,http://download.cnet.com/Linkman-Lite/3000-2184_4-10912728.html,Linkman Lite,Version: 8.85, File size: 6.85MB ,Date added: August 01  2013,Price: Free ,Operating system: Windows XP/Vista/7/8,Total downloads: 11 721,Downloads last week: 34
http://download.cnet.com/windows/internet-software/?tag=rb_content;main,internet-software,http://download.cnet.com/windows/bookmark-managers/,Bookmark Managers,http://download.cnet.com/Advanced-Link-Catalog/3000-2184_4-10056830.html,Advanced Link Catalog,Version: 1.07xp, File size: 679.22K ,Date added: October 20  2001,Price: Free to try; $14.95 to buy (Buy it now) ,Operating system: Windows 95/NT/98/2000,Total downloads: 770,Downloads last week: 16
http://download.cnet.com/windows/internet-software/?tag=rb_content;main,internet-software,http://download.cnet.com/windows/bookmark-managers/,Bookmark Managers,http://download.cnet.com/Electronic-Phone-Book/3000-2184_4-10063762.html,Electronic Phone Book,Version: 1.8.5, File size: 4.05MB ,Date added: May 04  2005,Price: Free ,Operating system: Windows NT/98/Me/2000/XP,Total downloads: 61 858,Downloads last week: 60
http://download.cnet.com/windows/internet-software/?tag=rb_content;main,internet-software,http://download.cnet.com/windows/bookmark-managers/,Bookmark Managers,http://download.cnet.com/2Go-SyncIT/3000-2184_4-10241993.html,2Go SyncIT,Version: 1.7, File size: 550.84K ,Date added: May 16  2006,Price: Free ,Operating system: Windows 95/NT/98/2000/XP,Total downloads: 9 736,Downloads last week: 15
http://download.cnet.com/windows/internet-software/?tag=rb_content;main,internet-software,http://download.cnet.com/windows/bookmark-managers/,Bookmark Managers,http://download.cnet.com/AM-DeadLink/3000-2184_4-10056655.html,AM-DeadLink,Version: 4.6, File size: 1.88MB ,Date added: September 26  2012,Price: Free ,Operating system: Windows 2000/XP/Vista/8/7 32-bit/64-bit,Total downloads: 105 552,Downloads last week: 102
http://download.cnet.com/windows/internet-software/?tag=rb_content;main,internet-software,http://download.cnet.com/windows/bookmark-managers/,Bookmark Managers,http://download.cnet.com/Transmute/3000-2184_4-10898083.html,Transmute,Version: 2.50, File size: 2.39MB ,Date added: October 26  2011,Price: Free ,Operating system: Windows NT/98/Me/2000/XP/2003/Vista/Server 2008/7,Total downloads: 10 285,Downloads last week: 14
http://download.cnet.com/windows/internet-software/?tag=rb_content;main,internet-software,http://download.cnet.com/windows/bookmark-managers/,Bookmark Managers,http://download.cnet.com/Amigo/3000-2184_4-10558453.html,Amigo,Version: 3.8, File size: 2.75MB ,Date added: May 15  2007,Price: Free ,Operating system: Windows 2000/XP,Total downloads: 3 008,Downloads last week: 96
http://download.cnet.com/windows/internet-software/?tag=rb_content;main,internet-software,http://download.cnet.com/windows/bookmark-managers/,Bookmark Managers,http://download.cnet.com/Powermarks/3000-2184_4-10002120.html,Powermarks,Version: 3.5, File size: 718.83K ,Date added: October 03  2002,Price: Free to try; $25.00 to buy ,Operating system: Windows 95/NT/98/Me/2000/XP,Total downloads: 93 993,Downloads last week: 18
http://download.cnet.com/windows/internet-software/?tag=rb_content;main,internet-software,http://download.cnet.com/windows/bookmark-managers/,Bookmark Managers,http://download.cnet.com/Compass/3000-2184_4-10006590.html,Compass,Version: 2.83, File size: 740.82K ,Date added: October 31  2001,Price: Free to try (50-day trial); $25.00 to buy ,Operating system: Windows 95/NT/98/2000,Total downloads: 84 945,Downloads last week: 96
http://download.cnet.com/windows/internet-software/?tag=rb_content;main,internet-software,http://download.cnet.com/windows/bookmark-managers/,Bookmark Managers,http://download.cnet.com/KlikTray/3000-2184_4-10525872.html,KlikTray,Version: 2.34, File size: 362.5K ,Date added: February 05  2008,Price: Free to try (Limited to 20 customizable links); $7.95 to buy (Buy it now) ,Operating system: Windows 2000/XP/Vista,Total downloads: 710,Downloads last week: 12
http://download.cnet.com/windows/internet-software/?tag=rb_content;main,internet-software,http://download.cnet.com/windows/bookmark-managers/,Bookmark Managers,http://download.cnet.com/Sitespector/3000-2184_4-10429499.html,Sitespector,Version: 2.1, File size: 2.55MB ,Date added: November 22  2005,Price: Free to try (30-day trial); $34.95 to buy (Buy it now) ,Operating system: Windows 98/Me/2000/XP,Total downloads: 1 139,Downloads last week: 12
http://download.cnet.com/windows/internet-software/?tag=rb_content;main,internet-software,http://download.cnet.com/windows/bookmark-managers/,Bookmark Managers,http://download.cnet.com/MyLinx/3000-2184_4-10300624.html,MyLinx,Version: 1.1.3, File size: 2.95MB ,Date added: July 07  2004,Price: Free to try (45-day trial); $20.00 to buy ,Operating system: Windows 98/Me/2000/XP,Total downloads: 677,Downloads last week: 12
http://download.cnet.com/windows/internet-software/?tag=rb_content;main,internet-software,http://download.cnet.com/windows/bookmark-managers/,Bookmark Managers,http://download.cnet.com/Bookmark-Flash-Portable/3000-2184_4-75453579.html,Bookmark Flash Portable,Version: 3.7, File size: 1.68MB ,Date added: March 12  2012,Price: Free to try (20-record trial); $29.95 to buy (Buy it now) ,Operating system: Windows 2000/XP/2003/Vista/Server 2008/7,Total downloads: 122,Downloads last week: 10
http://download.cnet.com/windows/internet-software/?tag=rb_content;main,internet-software,http://download.cnet.com/windows/bookmark-managers/,Bookmark Managers,http://download.cnet.com/Bookmark-Buddy/3000-2184_4-10276907.html,Bookmark Buddy,Version: 3.8, File size: 694.69K ,Date added: November 17  2013,Price: Free to try (30-day trial); $19.95 to buy (Buy it now) ,Operating system: Windows NT/98/Me/2000/XP/2003/Vista/Server 2008/7/8,Total downloads: 38 458,Downloads last week: 13
http://download.cnet.com/windows/internet-software/?tag=rb_content;main,internet-software,http://download.cnet.com/windows/bookmark-managers/,Bookmark Managers,http://download.cnet.com/URL-Gather/3000-2184_4-10524652.html,URL Gather,Version: 2.0.2, File size: 1.15MB ,Date added: February 19  2013,Price: Free ,Operating system: Windows NT/98/Me/2000/XP/Vista/7,Total downloads: 7 383,Downloads last week: 8
http://download.cnet.com/windows/internet-software/?tag=rb_content;main,internet-software,http://download.cnet.com/windows/bookmark-managers/,Bookmark Managers,http://download.cnet.com/AcqURL/3000-2184_4-10397957.html,AcqURL,Version: 7.4, File size: 813K ,Date added: August 12  2011,Price: Free ,Operating system: Windows 95/NT/98/Me/2000,Total downloads: 2 983,Downloads last week: 7
http://download.cnet.com/windows/internet-software/?tag=rb_content;main,internet-software,http://download.cnet.com/windows/bookmark-managers/,Bookmark Managers,http://download.cnet.com/FavIconizer/3000-2184_4-75338039.html,FavIconizer,Version: 1.4, File size: 194.5K ,Date added: January 28  2013,Price: Free ,Operating system: Windows 2000/XP/Vista/7,Total downloads: 1 346,Downloads last week: 7
http://download.cnet.com/windows/internet-software/?tag=rb_content;main,internet-software,http://download.cnet.com/windows/bookmark-managers/,Bookmark Managers,http://download.cnet.com/Fav-Links/3000-2184_4-75629675.html,Fav-Links,Version: 4.2, File size: 2.63MB ,Date added: November 29  2013,Price: Free ,Operating system: Windows XP/2003/Vista/Server 2008/7,Total downloads: 2 095,Downloads last week: 9
http://download.cnet.com/windows/internet-software/?tag=rb_content;main,internet-software,http://download.cnet.com/windows/bookmark-managers/,Bookmark Managers,http://download.cnet.com/Linkman-Pro/3000-2184_4-10013104.html,Linkman Pro,Version: 8.90, File size: 7.03MB ,Date added: November 18  2013,Price: Free to try (30-day trial); $24.95 to buy (Buy it now) ,Operating system: Windows XP/Vista/7/8,Total downloads: 28 906,Downloads last week: 6
http://download.cnet.com/windows/internet-software/?tag=rb_content;main,internet-software,http://download.cnet.com/windows/bookmark-managers/,Bookmark Managers,http://download.cnet.com/Favekeeper/3000-2184_4-75738713.html,Favekeeper,Version: 0.7.7.1, File size: 10.55MB ,Date added: July 11  2012,Price: Free ,Operating system: Windows XP/2003/Vista/Server 2008/7,Total downloads: 199,Downloads last week: 4
http://download.cnet.com/windows/internet-software/?tag=rb_content;main,internet-software,http://download.cnet.com/windows/bookmark-managers/,Bookmark Managers,http://download.cnet.com/LinkCollector/3000-2184_4-10735147.html,LinkCollector,Version: 4.6.5, File size: 2.26MB ,Date added: June 17  2013,Price: Free to try (30-day trial); $19.95 to buy ,Operating system: Windows XP/Vista/7/8,Total downloads: 2 500,Downloads last week: 4
http://download.cnet.com/windows/internet-software/?tag=rb_content;main,internet-software,http://download.cnet.com/windows/bookmark-managers/,Bookmark Managers,http://download.cnet.com/StorURL/3000-2184_4-10496739.html,StorURL,Version: 2.6.15, File size: 460.92K ,Date added: November 02  2008,Price: Free ,Operating system: Windows 2000/XP/Vista,Total downloads: 1 435,Downloads last week: 3
http://download.cnet.com/windows/internet-software/?tag=rb_content;main,internet-software,http://download.cnet.com/windows/bookmark-managers/,Bookmark Managers,http://download.cnet.com/Actual-Bookmarks/3000-2184_4-75810468.html,Actual Bookmarks,Version: 1.5, File size: 1.38MB ,Date added: October 27  2013,Price: Free ,Operating system: Windows XP/2003/Vista/Server 2008/7/8,Total downloads: 786,Downloads last week: 4
http://download.cnet.com/windows/internet-software/?tag=rb_content;main,internet-software,http://download.cnet.com/windows/bookmark-managers/,Bookmark Managers,http://download.cnet.com/Transmute-Portable/3000-2184_4-75179587.html,Transmute Portable,Version: 2.50, File size: 1.39MB ,Date added: October 26  2011,Price: Free ,Operating system: Windows NT/98/Me/2000/XP/2003/Vista/Server 2008/7,Total downloads: 1 954,Downloads last week: 3
http://download.cnet.com/windows/internet-software/?tag=rb_content;main,internet-software,http://download.cnet.com/windows/bookmark-managers/,Bookmark Managers,http://download.cnet.com/CORB-Bookmark-Thumbnail/3000-2184_4-10867131.html,CORB Bookmark Thumbnail,Version: 1.3, File size: 1.39MB ,Date added: July 25  2008,Price: Free to try (15-day trial); $19.90 to buy ,Operating system: Windows 98/Me/2000/XP/Vista,Total downloads: 705,Downloads last week: 3
http://download.cnet.com/windows/internet-software/?tag=rb_content;main,internet-software,http://download.cnet.com/windows/bookmark-managers/,Bookmark Managers,http://download.cnet.com/FavoritesAndFiles2HTML/3000-2184_4-10534062.html,FavoritesAndFiles2HTML,Version: 1.2.1, File size: 1.16MB ,Date added: April 11  2011,Price: Free to try (14-day trial); $17.00 to buy ,Operating system: Windows XP/Vista/7,Total downloads: 305,Downloads last week: 3
http://download.cnet.com/windows/internet-software/?tag=rb_content;main,internet-software,http://download.cnet.com/windows/bookmark-managers/,Bookmark Managers,http://download.cnet.com/ShareBookmark/3000-2184_4-75452919.html,ShareBookmark,Version: 1.8.21, File size: 471.26K ,Date added: October 18  2011,Price: Free ,Operating system: Windows XP/Vista/7,Total downloads: 239,Downloads last week: 3
http://download.cnet.com/windows/internet-software/?tag=rb_content;main,internet-software,http://download.cnet.com/windows/bookmark-managers/,Bookmark Managers,http://download.cnet.com/AbcShortcuts/3000-2184_4-10322676.html,AbcShortcuts,Version: 1.0, File size: 376.23K ,Date added: May 27  2005,Price: Free ,Operating system: Windows 95/NT/98/Me/2000/XP,Total downloads: 1 609,Downloads last week: 2
http://download.cnet.com/windows/internet-software/?tag=rb_content;main,internet-software,http://download.cnet.com/windows/bookmark-managers/,Bookmark Managers,http://download.cnet.com/Famous-Website-Shortcut-Generator/3000-2184_4-76014128.html,Famous Website Shortcut Generator,Version: 2.0, File size: 156K ,Date added: October 13  2013,Price: Free ,Operating system: Windows Me/2000/XP/2003/Vista/Server 2008/7/8,Total downloads: 70,Downloads last week: 2
http://download.cnet.com/windows/internet-software/?tag=rb_content;main,internet-software,http://download.cnet.com/windows/bookmark-managers/,Bookmark Managers,http://download.cnet.com/Favorito/3000-2184_4-75611424.html,Favorito,Version: 1.0, File size: 2.27MB ,Date added: November 21  2011,Price: Free to try (7-day trial); $6.99 to buy (Buy it now) ,Operating system: Windows Vista/7,Total downloads: 51,Downloads last week: 2
http://download.cnet.com/windows/internet-software/?tag=rb_content;main,internet-software,http://download.cnet.com/windows/bookmark-managers/,Bookmark Managers,http://download.cnet.com/Writefit-Software-Suite/3000-2184_4-10417138.html,Writefit Software Suite,Version: 5.0, File size: 3.85MB ,Date added: July 22  2013,Price: Free ,Operating system: Windows NT/98/2000/XP/Vista/7,Total downloads: 1 343,Downloads last week: 2
http://download.cnet.com/windows/internet-software/?tag=rb_content;main,internet-software,http://download.cnet.com/windows/bookmark-managers/,Bookmark Managers,http://download.cnet.com/CustomMenu-for-Webmaster-Microsoft-Internet-Explorer/3000-2184_4-10031947.html,CustomMenu for Webmaster (Microsoft Internet Explorer),Version: 6.0, File size: 468K ,Date added: July 02  2002,Price: Free to try (90-day trial); $400.00 to buy ,Operating system: Windows 95/NT/98/Me/2000/XP,Total downloads: 21 063,Downloads last week: 2
http://download.cnet.com/windows/internet-software/?tag=rb_content;main,internet-software,http://download.cnet.com/windows/bookmark-managers/,Bookmark Managers,http://download.cnet.com/Slicksync-IE-and-Windows-Mail-Synchronizer-Basic/3000-2184_4-75156748.html,Slicksync IE and Windows Mail Synchronizer Basic,Version: 1.1, File size: 2.4MB ,Date added: March 30  2010,Price: Free to try; $7.95 to buy ,Operating system: Windows NT/98/Me/2000/XP/2003/Vista/Server 2008/7,Total downloads: 33,Downloads last week: 2
http://download.cnet.com/windows/internet-software/?tag=rb_content;main,internet-software,http://download.cnet.com/windows/bookmark-managers/,Bookmark Managers,http://download.cnet.com/Eji-Bookmark-Manager/3000-2184_4-75447984.html,Eji Bookmark Manager,Version: 2.4, File size: 1.8MB ,Date added: April 26  2011,Price: Free to try (30-day trial); $5.00 to buy (Buy it now) ,Operating system: Windows XP/2003/Vista/Server 2008/7,Total downloads: 30,Downloads last week: 2
http://download.cnet.com/windows/internet-software/?tag=rb_content;main,internet-software,http://download.cnet.com/windows/bookmark-managers/,Bookmark Managers,http://download.cnet.com/Advanced-URL-Catalog/3000-2184_4-10513831.html,Advanced URL Catalog,Version: 2.30, File size: 10.61MB ,Date added: February 26  2014,Price: Free to try (30-day trial); $30.00 to buy (Buy it now) ,Operating system: Windows 98/Me/2000/XP/2003/Vista/Server 2008/7/8,Total downloads: 13 471,Downloads last week: 3
http://download.cnet.com/windows/internet-software/?tag=rb_content;main,internet-software,http://download.cnet.com/windows/bookmark-managers/,Bookmark Managers,http://download.cnet.com/Paste2Web/3000-2184_4-10522311.html,Paste2Web,Version: 1.1.8, File size: 2.2MB ,Date added: April 25  2006,Price: Free ,Operating system: Windows 2000/XP,Total downloads: 860,Downloads last week: 2
http://download.cnet.com/windows/internet-software/?tag=rb_content;main,internet-software,http://download.cnet.com/windows/bookmark-managers/,Bookmark Managers,http://download.cnet.com/Famous-Website-Shortcut-Generator/3000-2184_4-76014128.html,Famous Website Shortcut Generator,Version: 2.0, File size: 156K ,Date added: October 13  2013,Price: Free ,Operating system: Windows Me/2000/XP/2003/Vista/Server 2008/7/8,Total downloads: 70,Downloads last week: 2
http://download.cnet.com/windows/internet-software/?tag=rb_content;main,internet-software,http://download.cnet.com/windows/bookmark-managers/,Bookmark Managers,http://download.cnet.com/ie7Launcher/3000-2184_4-10662839.html,ie7Launcher,Version: 1.2, File size: 1.15MB ,Date added: March 03  2008,Price: Free to try (21-day trial); $12.00 to buy ,Operating system: Windows XP/Vista,Total downloads: 352,Downloads last week: 2
http://download.cnet.com/windows/internet-software/?tag=rb_content;main,internet-software,http://download.cnet.com/windows/bookmark-managers/,Bookmark Managers,http://download.cnet.com/UrlPaster-Lite/3000-2184_4-75325663.html,UrlPaster Lite,Version: 1.6, File size: 655.44K ,Date added: November 13  2010,Price: Free ,Operating system: Windows 2000/XP/2003/Vista/Server 2008/7,Total downloads: 315,Downloads last week: 2
http://download.cnet.com/windows/internet-software/?tag=rb_content;main,internet-software,http://download.cnet.com/windows/bookmark-managers/,Bookmark Managers,http://download.cnet.com/Transmute-Plus/3000-2184_4-75179590.html,Transmute Plus,Version: 2.50, File size: 3.24MB ,Date added: October 26  2011,Price: Free to try (Limited functionality); $19.95 to buy (Buy it now) ,Operating system: Windows NT/98/Me/2000/XP/2003/Vista/Server 2008/7,Total downloads: 110,Downloads last week: 2
http://download.cnet.com/windows/internet-software/?tag=rb_content;main,internet-software,http://download.cnet.com/windows/bookmark-managers/,Bookmark Managers,http://download.cnet.com/Insert-From-Live-Image-Search-Plugin-for-Windows-Live-Writer/3000-2184_4-10795989.html,Insert From Live Image Search Plugin for Windows Live Writer,Version: 1.0.0.11, File size: 348K ,Date added: January 14  2008,Price: Free ,Operating system: Windows XP/Vista,Total downloads: 162,Downloads last week: 2
http://download.cnet.com/windows/internet-software/?tag=rb_content;main,internet-software,http://download.cnet.com/windows/bookmark-managers/,Bookmark Managers,http://download.cnet.com/Bookmark-Boss/3000-2184_4-75910531.html,Bookmark Boss,Version: 5.2, File size: 2.1MB ,Date added: April 26  2013,Price: Free to try; $14.95 to buy ,Operating system: Windows 2000/XP/Vista/7,Total downloads: 20,Downloads last week: 2
http://download.cnet.com/windows/internet-software/?tag=rb_content;main,internet-software,http://download.cnet.com/windows/bookmark-managers/,Bookmark Managers,http://download.cnet.com/Transmute-Plus-Portable/3000-2184_4-75179592.html,Transmute Plus Portable,Version: 2.50, File size: 1.82MB ,Date added: October 26  2011,Price: Free to try (Limited functionality); $19.95 to buy (Buy it now) ,Operating system: Windows NT/98/Me/2000/XP/2003/Vista/Server 2008/7,Total downloads: 114,Downloads last week: 2
http://download.cnet.com/windows/internet-software/?tag=rb_content;main,internet-software,http://download.cnet.com/windows/bookmark-managers/,Bookmark Managers,http://download.cnet.com/dotBookmark/3000-2184_4-10425391.html,dotBookmark,Version: 1.0.51, File size: 5.64MB ,Date added: November 23  2005,Price: Free ,Operating system: Windows 98/2000/XP/2003,Total downloads: 652,Downloads last week: 2
http://download.cnet.com/windows/internet-software/?tag=rb_content;main,internet-software,http://download.cnet.com/windows/bookmark-managers/,Bookmark Managers,http://download.cnet.com/BookmarkSync/3000-2184_4-10319536.html,BookmarkSync,Version: 3.0, File size: 3.99MB ,Date added: July 08  2010,Price: Free ,Operating system: Windows 95/NT/98/Me/2000/XP/Vista,Total downloads: 5 138,Downloads last week: 2
http://download.cnet.com/windows/internet-software/?tag=rb_content;main,internet-software,http://download.cnet.com/windows/bookmark-managers/,Bookmark Managers,http://download.cnet.com/Link-Commander/3000-2184_4-10283236.html,Link Commander,Version: 4.6.4, File size: 6.61MB ,Date added: September 06  2011,Price: Free to try; $29.95 to buy (Buy it now) ,Operating system: Windows 2000/XP/Vista/7,Total downloads: 6 607,Downloads last week: 2
http://download.cnet.com/windows/internet-software/?tag=rb_content;main,internet-software,http://download.cnet.com/windows/bookmark-managers/,Bookmark Managers,http://download.cnet.com/GetBoo/3000-2184_4-10727480.html,GetBoo,Version: 1.04, File size: 851.4K ,Date added: August 11  2011,Price: Free ,Operating system: Windows 2000/XP,Total downloads: 651,Downloads last week: 2
http://download.cnet.com/windows/internet-software/?tag=rb_content;main,internet-software,http://download.cnet.com/windows/bookmark-managers/,Bookmark Managers,http://download.cnet.com/AV-Site-Checker/3000-2184_4-10502940.html,AV Site Checker,Version: 3.0, File size: 813K ,Date added: November 30  2009,Price: Free to try (30-day trial); $19.95 to buy ,Operating system: Windows Me/2000/XP,Total downloads: 450,Downloads last week: 1
http://download.cnet.com/windows/internet-software/?tag=rb_content;main,internet-software,http://download.cnet.com/windows/bookmark-managers/,Bookmark Managers,http://download.cnet.com/Social-Bookmarks-Manager/3000-2184_4-10595754.html,Social Bookmarks Manager,Version: 1, File size: 398.79K ,Date added: November 03  2006,Price: Free ,Operating system: Windows 95/NT/98/Me/2000/XP,Total downloads: 506,Downloads last week: 1
http://download.cnet.com/windows/internet-software/?tag=rb_content;main,internet-software,http://download.cnet.com/windows/bookmark-managers/,Bookmark Managers,http://download.cnet.com/Check-Favorites/3000-2184_4-10074249.html,Check Favorites,Version: 1.7 build 293, File size: 1.31MB ,Date added: August 20  2002,Price: Free to try (50-link/2-thread trial); $29.00 to buy ,Operating system: Windows NT/98/Me/2000/XP,Total downloads: 3 686,Downloads last week: 2
http://download.cnet.com/windows/internet-software/?tag=rb_content;main,internet-software,http://download.cnet.com/windows/bookmark-managers/,Bookmark Managers,http://download.cnet.com/GMail-Bookmark/3000-2184_4-10445826.html,GMail Bookmark,Version: 1.1, File size: 288.88K ,Date added: December 23  2005,Price: Free; Limited to 100 bookmarks ,Operating system: Windows NT/2000/XP,Total downloads: 4 121,Downloads last week: 2
http://download.cnet.com/windows/internet-software/?tag=rb_content;main,internet-software,http://download.cnet.com/windows/bookmark-managers/,Bookmark Managers,http://download.cnet.com/Bookmark-Buddy-Unicode-Edition/3000-2184_4-10452332.html,Bookmark Buddy Unicode Edition,Version: 3.7.5U, File size: 701.58K ,Date added: January 04  2013,Price: Free to try (30-day trial); $19.95 to buy (Buy it now) ,Operating system: Windows 2000/XP/2003/Vista/Server 2008/7/8,Total downloads: 3 322,Downloads last week: 2
http://download.cnet.com/windows/internet-software/?tag=rb_content;main,internet-software,http://download.cnet.com/windows/bookmark-managers/,Bookmark Managers,http://download.cnet.com/Url-Opener-Wizard/3000-2184_4-75984522.html,Url Opener Wizard,Version: 2.86, File size: 1.79MB ,Date added: February 10  2014,Price: Free to try (15-day trial); $10.00 to buy (Buy it now) ,Operating system: Windows NT/98/Me/2000/XP/2003/Vista/Server 2008/7,Total downloads: 40,Downloads last week: 2
http://download.cnet.com/windows/internet-software/?tag=rb_content;main,internet-software,http://download.cnet.com/windows/bookmark-managers/,Bookmark Managers,http://download.cnet.com/FruitfulTime-BookmarkManager/3000-2184_4-10968708.html,FruitfulTime BookmarkManager,Version: 3.3, File size: 3.11MB ,Date added: October 30  2010,Price: Free to try (30-day trial); $15.00 to buy ,Operating system: Windows XP/Vista/7,Total downloads: 1 487,Downloads last week: 2
http://download.cnet.com/windows/internet-software/?tag=rb_content;main,internet-software,http://download.cnet.com/windows/bookmark-managers/,Bookmark Managers,http://download.cnet.com/Bookmark-Flash/3000-2184_4-10968735.html,Bookmark Flash,Version: 3.80, File size: 955.82K ,Date added: October 03  2012,Price: Free to try (20-item trial); $29.95 to buy (Buy it now) ,Operating system: Windows 2000/XP/2003/Vista/Server 2008/7,Total downloads: 3 278,Downloads last week: 2
http://download.cnet.com/windows/internet-software/?tag=rb_content;main,internet-software,http://download.cnet.com/windows/bookmark-managers/,Bookmark Managers,http://download.cnet.com/SuperCool-Bookmark/3000-2184_4-10400389.html,SuperCool Bookmark,Version: 2.17, File size: 1.37MB ,Date added: June 16  2005,Price: Free to try (30-day trial); $29.50 to buy (Buy it now) ,Operating system: Windows 98/Me/2000/XP,Total downloads: 2 582,Downloads last week: 1
http://download.cnet.com/windows/internet-software/?tag=rb_content;main,internet-software,http://download.cnet.com/windows/bookmark-managers/,Bookmark Managers,http://download.cnet.com/Skymarks/3000-2184_4-10380902.html,Skymarks,Version: 1.0.1.4, File size: 239.45K ,Date added: April 14  2005,Price: Free to try (30-day trial); $19.99 to buy (Buy it now) ,Operating system: Windows 2000/XP,Total downloads: 609,Downloads last week: 1
http://download.cnet.com/windows/internet-software/?tag=rb_content;main,internet-software,http://download.cnet.com/windows/bookmark-managers/,Bookmark Managers,http://download.cnet.com/LinksMan/3000-2184_4-10397227.html,LinksMan,Version: 2.0, File size: 1.37MB ,Date added: June 10  2005,Price: Free to try (Data import/export-disabled  limited bookmarks); $30.00 to buy ,Operating system: Windows NT/2000/XP,Total downloads: 324,Downloads last week: 1
http://download.cnet.com/windows/internet-software/?tag=rb_content;main,internet-software,http://download.cnet.com/windows/bookmark-managers/,Bookmark Managers,http://download.cnet.com/RadicalPJ/3000-2184_4-10882765.html,RadicalPJ,Version: 1.1, File size: 6.92MB ,Date added: September 17  2008,Price: Free to try (Only export 10 address); $40.00 to buy (Buy it now) ,Operating system: Windows NT/98/Me/2000/XP/Vista,Total downloads: 35,Downloads last week: 1
http://download.cnet.com/windows/internet-software/?tag=rb_content;main,internet-software,http://download.cnet.com/windows/bookmark-managers/,Bookmark Managers,http://download.cnet.com/eConsumersearch-Toolbar/3000-2184_4-10794278.html,eConsumersearch Toolbar,Version: 4.5.171, File size: 1.06MB ,Date added: January 24  2008,Price: Free ,Operating system: Windows 95/NT/98/Me/2000/XP/Vista,Total downloads: 50,Downloads last week: 1
http://download.cnet.com/windows/internet-software/?tag=rb_content;main,internet-software,http://download.cnet.com/windows/bookmark-managers/,Bookmark Managers,http://download.cnet.com/Freezoka-Toolbar/3000-2184_4-10817628.html,Freezoka Toolbar,Version: 1.5.34, File size: 1.07MB ,Date added: March 25  2008,Price: Free ,Operating system: Windows 2000/XP/Vista,Total downloads: 520,Downloads last week: 1
http://download.cnet.com/windows/internet-software/?tag=rb_content;main,internet-software,http://download.cnet.com/windows/bookmark-managers/,Bookmark Managers,http://download.cnet.com/Mini-Page-Monitor/3000-2184_4-10613155.html,Mini Page Monitor,Version: 1, File size: 451.56K ,Date added: December 18  2006,Price: Free to try; $19.00 to buy (Buy it now) ,Operating system: Windows XP,Total downloads: 164,Downloads last week: 1
http://download.cnet.com/windows/internet-software/?tag=rb_content;main,internet-software,http://download.cnet.com/windows/bookmark-managers/,Bookmark Managers,http://download.cnet.com/FavKeeper/3000-2184_4-10524799.html,FavKeeper,Version: 1.1, File size: 467.73K ,Date added: April 28  2006,Price: Free to try (21-day trial); $14.95 to buy (Buy it now) ,Operating system: Windows 2000/XP,Total downloads: 192,Downloads last week: 1
http://download.cnet.com/windows/internet-software/?tag=rb_content;main,internet-software,http://download.cnet.com/windows/bookmark-managers/,Bookmark Managers,http://download.cnet.com/MeBlog/3000-2184_4-10400843.html,MeBlog,Version: 1.0, File size: 65.38K ,Date added: June 17  2005,Price: Free ,Operating system: Windows 95/NT/98/Me/2000/XP,Total downloads: 336,Downloads last week: 1
http://download.cnet.com/windows/internet-software/?tag=rb_content;main,internet-software,http://download.cnet.com/windows/bookmark-managers/,Bookmark Managers,http://download.cnet.com/urlShop/3000-2184_4-10488405.html,urlShop,Version: 3, File size: 3.42MB ,Date added: November 20  2008,Price: Free to try (30-day trial); $29.95 to buy (Buy it now) ,Operating system: Windows 95/NT/98/Me/2000/XP/2003,Total downloads: 615,Downloads last week: 1
http://download.cnet.com/windows/internet-software/?tag=rb_content;main,internet-software,http://download.cnet.com/windows/bookmark-managers/,Bookmark Managers,http://download.cnet.com/VR-Bookmarks/3000-2184_4-75328258.html,VR Bookmarks,Version: 1.0, File size: 3.25MB ,Date added: December 01  2010,Price: Free to try (14-day trial); $19.95 to buy (Buy it now) ,Operating system: Windows 7,Total downloads: 46,Downloads last week: 1
http://download.cnet.com/windows/internet-software/?tag=rb_content;main,internet-software,http://download.cnet.com/windows/bookmark-managers/,Bookmark Managers,http://download.cnet.com/Desktop-Informer/3000-2184_4-10504842.html,Desktop Informer,Version: 1.0.0.1, File size: 512.93K ,Date added: March 08  2006,Price: Free ,Operating system: Windows 95/NT/98/Me/2000/XP,Total downloads: 374,Downloads last week: 1
http://download.cnet.com/windows/internet-software/?tag=rb_content;main,internet-software,http://download.cnet.com/windows/bookmark-managers/,Bookmark Managers,http://download.cnet.com/GoodieBoxLive/3000-2184_4-10973244.html,GoodieBoxLive,Version: 1.2.0.11, File size: 377.63K ,Date added: August 12  2011,Price: Free ,Operating system: Windows 2000/XP/2003/Vista/Server 2008/7,Total downloads: 161,Downloads last week: 1
http://download.cnet.com/windows/internet-software/?tag=rb_content;main,internet-software,http://download.cnet.com/windows/bookmark-managers/,Bookmark Managers,http://download.cnet.com/Securibook/3000-2184_4-10407631.html,Securibook,Version: 1.1, File size: 677.39K ,Date added: July 05  2005,Price: Free ,Operating system: Windows 98/Me/2000/XP,Total downloads: 734,Downloads last week: 1
http://download.cnet.com/windows/internet-software/?tag=rb_content;main,internet-software,http://download.cnet.com/windows/bookmark-managers/,Bookmark Managers,http://download.cnet.com/SyncBookmarks/3000-2184_4-10657260.html,SyncBookmarks,Version: 1.02, File size: 1.91MB ,Date added: April 12  2007,Price: Free to try (30-day trial); $14.95 to buy (Buy it now) ,Operating system: Windows 95/98/Me/2000/XP/Vista,Total downloads: 483,Downloads last week: 1
http://download.cnet.com/windows/internet-software/?tag=rb_content;main,internet-software,http://download.cnet.com/windows/bookmark-managers/,Bookmark Managers,http://download.cnet.com/AdbSoft-Resource-Organizer/3000-2184_4-10380695.html,AdbSoft Resource Organizer,Version: 1.3.2, File size: 1.64MB ,Date added: April 13  2005,Price: Free to try (30-day trial); $27.00 to buy (Buy it now) ,Operating system: Windows 95/NT/98/Me/2000/XP,Total downloads: 788,Downloads last week: 1
http://download.cnet.com/windows/internet-software/?tag=rb_content;main,internet-software,http://download.cnet.com/windows/bookmark-managers/,Bookmark Managers,http://download.cnet.com/BookMark-Savant/3000-2184_4-10417373.html,BookMark Savant,Version: 1.0, File size: 938.74K ,Date added: August 01  2005,Price: Free to try (20 records/bookmarks); $20.00 to buy (Buy it now) ,Operating system: Windows NT/98/Me/2000/XP,Total downloads: 702,Downloads last week: 1
http://download.cnet.com/windows/internet-software/?tag=rb_content;main,internet-software,http://download.cnet.com/windows/bookmark-managers/,Bookmark Managers,http://download.cnet.com/A4Mark-Bookmark-Converter-Printing-Utility/3000-2184_4-10249678.html,A4Mark Bookmark Converter & Printing Utility,Version: 6, File size: 458.88K ,Date added: December 08  2003,Price: Free to try (30-url convert limit); $28.00 to buy ,Operating system: Windows 95/NT/98/Me/2000/XP,Total downloads: 2 742,Downloads last week: 1
http://download.cnet.com/windows/internet-software/?tag=rb_content;main,internet-software,http://download.cnet.com/windows/bookmark-managers/,Bookmark Managers,http://download.cnet.com/Personal-Key-Manager/3000-2184_4-10439559.html,Personal Key Manager,Version: 1.0, File size: 303.25K ,Date added: October 11  2005,Price: Free ,Operating system: Windows XP,Total downloads: 617,Downloads last week: 1
http://download.cnet.com/windows/internet-software/?tag=rb_content;main,internet-software,http://download.cnet.com/windows/bookmark-managers/,Bookmark Managers,http://download.cnet.com/Favorite-Tree/3000-2184_4-75445268.html,Favorite Tree,Version: 1.0.3, File size: 184.55K ,Date added: February 13  2012,Price: Free ,Operating system: Windows NT/98/Me/2000/XP/2003/Vista/7,Total downloads: 77,Downloads last week: 1
http://download.cnet.com/windows/internet-software/?tag=rb_content;main,internet-software,http://download.cnet.com/windows/bookmark-managers/,Bookmark Managers,http://download.cnet.com/Slicksync-IE-and-Windows-Live-Mail-Synchronizer-Basic/3000-2184_4-75156747.html,Slicksync IE and Windows Live Mail Synchronizer Basic,Version: 1.1, File size: 2.4MB ,Date added: March 26  2010,Price: Free to try; $7.95 to buy ,Operating system: Windows NT/98/Me/2000/XP/2003/Vista/Server 2008/7,Total downloads: 29,Downloads last week: 1
http://download.cnet.com/windows/internet-software/?tag=rb_content;main,internet-software,http://download.cnet.com/windows/bookmark-managers/,Bookmark Managers,http://download.cnet.com/CardIndexLink/3000-2184_4-75708161.html,CardIndexLink,Version: 1.1, File size: 331.83K ,Date added: April 25  2012,Price: Free to try (Limited to 120 link cards); $22.50 to buy (Buy it now) ,Operating system: Windows XP/2003/Vista/7,Total downloads: 27,Downloads last week: 1
http://download.cnet.com/windows/internet-software/?tag=rb_content;main,internet-software,http://download.cnet.com/windows/bookmark-managers/,Bookmark Managers,http://download.cnet.com/Stock-It/3000-2184_4-75651605.html,Stock It,Version: 2.1, File size: 1.28MB ,Date added: May 17  2012,Price: Free to try; $5.00 to buy (Buy it now) ,Operating system: Windows NT/98/Me/2000/XP/Vista/7,Total downloads: 35,Downloads last week: 1
http://download.cnet.com/windows/internet-software/?tag=rb_content;main,internet-software,http://download.cnet.com/windows/bookmark-managers/,Bookmark Managers,http://download.cnet.com/Convert-Pdf-to-Website-Pro/3000-2184_4-75439971.html,Convert Pdf to Website Pro,Version: 6.9, File size: 9.89MB ,Date added: March 23  2011,Price: Free to try; $34.95 to buy (Buy it now) ,Operating system: Windows NT/98/Me/2000/XP/2003/Vista/Server 2008/7,Total downloads: 22,Downloads last week: 1
http://download.cnet.com/windows/internet-software/?tag=rb_content;main,internet-software,http://download.cnet.com/windows/bookmark-managers/,Bookmark Managers,http://download.cnet.com/Slicksync-IE-and-Outlook-Express-Synchronizer-Basic/3000-2184_4-75156746.html,Slicksync IE and Outlook Express Synchronizer Basic,Version: 1.1, File size: 2.4MB ,Date added: March 26  2010,Price: Free to try; $7.95 to buy ,Operating system: Windows NT/98/Me/2000/XP/2003/Vista/Server 2008/7,Total downloads: 20,Downloads last week: 1
http://download.cnet.com/windows/internet-software/?tag=rb_content;main,internet-software,http://download.cnet.com/windows/bookmark-managers/,Bookmark Managers,http://download.cnet.com/URL-Manager-2005/3000-2184_4-10002844.html,URL Manager 2005,Version: 2.67, File size: 3.01MB ,Date added: July 13  2005,Price: Free to try (30-day trial); $15.00 to buy ,Operating system: Windows 95/NT/98/Me/2000/XP,Total downloads: 7 916,Downloads last week: 1
http://download.cnet.com/windows/internet-software/?tag=rb_content;main,internet-software,http://download.cnet.com/windows/bookmark-managers/,Bookmark Managers,http://download.cnet.com/FavoriteSync/3000-2184_4-10067498.html,FavoriteSync,Version: 3.0, File size: 638.52K ,Date added: February 22  2005,Price: Free ,Operating system: Windows 95/NT/98/Me/2000/XP,Total downloads: 15 669,Downloads last week: 1
http://download.cnet.com/windows/internet-software/?tag=rb_content;main,internet-software,http://download.cnet.com/windows/bookmark-managers/,Bookmark Managers,http://download.cnet.com/Bookmark-Manager/3000-2184_4-75218274.html,Bookmark Manager,Version: 7.0, File size: 2.93MB ,Date added: July 13  2010,Price: Free to try (30-day trial); $29.95 to buy (Buy it now) ,Operating system: Windows NT/2000/XP/2003/Vista/7,Total downloads: 122,Downloads last week: 1
http://download.cnet.com/windows/internet-software/?tag=rb_content;main,internet-software,http://download.cnet.com/windows/bookmark-managers/,Bookmark Managers,http://download.cnet.com/FeelDweb/3000-2184_4-75958617.html,FeelDweb,Version: 1.3, File size: 1.47MB ,Date added: July 17  2013,Price: Free ,Operating system: Windows NT/98/Me/2000/XP/2003/Vista/Server 2008/7/8,Total downloads: 46,Downloads last week: 1
http://download.cnet.com/windows/internet-software/?tag=rb_content;main,internet-software,http://download.cnet.com/windows/bookmark-managers/,Bookmark Managers,http://download.cnet.com/Netsticker/3000-2184_4-10298946.html,Netsticker,Version: 1.11, File size: 6.01MB ,Date added: June 29  2004,Price: Free to try (30-day trial); $29.95 to buy ,Operating system: Windows 95/NT/98/Me/2000/XP,Total downloads: 440,Downloads last week: 1
http://download.cnet.com/windows/internet-software/?tag=rb_content;main,internet-software,http://download.cnet.com/windows/bookmark-managers/,Bookmark Managers,http://download.cnet.com/Link-Manager-XP/3000-2184_4-10413297.html,Link Manager XP,Version: 1.0.1, File size: 5.4MB ,Date added: July 19  2005,Price: Free ,Operating system: Windows 95/98/Me/2000/XP,Total downloads: 1 555,Downloads last week: 1
http://download.cnet.com/windows/internet-software/?tag=rb_content;main,internet-software,http://download.cnet.com/windows/bookmark-managers/,Bookmark Managers,http://download.cnet.com/myFavorites-Homepage/3000-2184_4-10776512.html,myFavorites Homepage,Version: 2.0, File size: 2.71MB ,Date added: January 25  2009,Price: Free ,Operating system: Windows NT/2000/XP/2003/Vista,Total downloads: 402,Downloads last week: 1
http://download.cnet.com/windows/internet-software/?tag=rb_content;main,internet-software,http://download.cnet.com/windows/bookmark-managers/,Bookmark Managers,http://download.cnet.com/Favorizer/3000-2184_4-10598923.html,Favorizer,Version: 1, File size: 386.59K ,Date added: November 09  2006,Price: Free ,Operating system: Windows 2000/XP,Total downloads: 712,Downloads last week: 1
http://download.cnet.com/windows/internet-software/?tag=rb_content;main,internet-software,http://download.cnet.com/windows/bookmark-managers/,Bookmark Managers,http://download.cnet.com/XFN-Link-Editor-Plugin-for-Windows-Live-Writer/3000-2184_4-10796072.html,XFN Link Editor Plugin for Windows Live Writer,Version: 1.0.2600, File size: 333K ,Date added: January 14  2008,Price: Free ,Operating system: Windows XP/Vista,Total downloads: 76,Downloads last week: 1
http://download.cnet.com/windows/internet-software/?tag=rb_content;main,internet-software,http://download.cnet.com/windows/bookmark-managers/,Bookmark Managers,http://download.cnet.com/URL-Union/3000-2184_4-75573043.html,URL Union,Version: 2.0, File size: 1.59MB ,Date added: April 24  2013,Price: Free to try; $12.00 to buy ,Operating system: Windows NT/98/Me/2000/XP/2003/Vista/7,Total downloads: 44,Downloads last week: 1
http://download.cnet.com/windows/internet-software/?tag=rb_content;main,internet-software,http://download.cnet.com/windows/bookmark-managers/,Bookmark Managers,http://download.cnet.com/Bookmark-Synchronizer/3000-2184_4-10413118.html,Bookmark Synchronizer,Version: 1.2.1, File size: 2.03MB ,Date added: September 28  2005,Price: Free ,Operating system: Windows Me/2000/XP,Total downloads: 2 091,Downloads last week: 1
http://download.cnet.com/windows/internet-software/?tag=rb_content;main,internet-software,http://download.cnet.com/windows/bookmark-managers/,Bookmark Managers,http://download.cnet.com/BookmarkOne/3000-2184_4-10652583.html,BookmarkOne,Version: 1, File size: 623.87K ,Date added: March 30  2007,Price: Free to try (30-day trial); $19.95 to buy (Buy it now) ,Operating system: Windows 95/NT/98/Me/2000/XP,Total downloads: 283,Downloads last week: 1
http://download.cnet.com/windows/internet-software/?tag=rb_content;main,internet-software,http://download.cnet.com/windows/bookmark-managers/,Bookmark Managers,http://download.cnet.com/PageQ-Pro/3000-2184_4-10329169.html,PageQ Pro,Version: 3.0, File size: 879.5K ,Date added: December 21  2009,Price: Free ,Operating system: Windows NT/98/Me/2000/XP/2003/Vista/Server 2008/7,Total downloads: 1 368,Downloads last week: 1
http://download.cnet.com/windows/internet-software/?tag=rb_content;main,internet-software,http://download.cnet.com/windows/bookmark-managers/,Bookmark Managers,http://download.cnet.com/Alert-Bookmarks/3000-2184_4-10019319.html,Alert Bookmarks,Version: 10.14, File size: 4.93MB ,Date added: January 27  2007,Price: Free to try (30-day trial); $29.95 to buy ,Operating system: Windows 95/NT/98/Me/2000/XP,Total downloads: 19 792,Downloads last week: 1
http://download.cnet.com/windows/internet-software/?tag=rb_content;main,internet-software,http://download.cnet.com/windows/bookmark-managers/,Bookmark Managers,http://download.cnet.com/InBookmarks/3000-2184_4-10275233.html,InBookmarks,Version: 1.57 build 207, File size: 864.42K ,Date added: November 20  2008,Price: Free to try (30-day trial); $29.95 to buy ,Operating system: Windows 95/NT/98/Me/2000/XP,Total downloads: 3 360,Downloads last week: 1
http://download.cnet.com/windows/internet-software/?tag=rb_content;main,internet-software,http://download.cnet.com/windows/bookmark-managers/,Bookmark Managers,http://download.cnet.com/Search-n-Mark/3000-2184_4-10914127.html,Search-n-Mark,Version: 1.0, File size: 6.22MB ,Date added: April 30  2009,Price: Free to try; monthly subscription (15-day trial); $3.00 to buy (Buy it now) ,Operating system: Windows XP/Vista,Total downloads: 49,Downloads last week: 1
http://download.cnet.com/windows/internet-software/?tag=rb_content;main,internet-software,http://download.cnet.com/windows/bookmark-managers/,Bookmark Managers,http://download.cnet.com/NM-Bookmark-Mania/3000-2184_4-10498637.html,NM Bookmark Mania,Version: 2.4.2, File size: 1.82MB ,Date added: April 07  2006,Price: Free to try (Some features is restricted); $16.95 to buy (Buy it now) ,Operating system: Windows NT/98/2000/XP,Total downloads: 738,Downloads last week: 1
http://download.cnet.com/windows/internet-software/?tag=rb_content;main,internet-software,http://download.cnet.com/windows/bookmark-managers/,Bookmark Managers,http://download.cnet.com/Power-Favorites/3000-2184_4-10596121.html,Power Favorites,Version: 1.7.7, File size: 2.11MB ,Date added: June 11  2010,Price: Free to try (30-day trial); $19.95 to buy ,Operating system: Windows 95/NT/98/Me/2000/XP/2003/Vista,Total downloads: 1 857,Downloads last week: 1
http://download.cnet.com/windows/internet-software/?tag=rb_content;main,internet-software,http://download.cnet.com/windows/bookmark-managers/,Bookmark Managers,http://download.cnet.com/MyFavorites-Collection/3000-2184_4-75842812.html,MyFavorites Collection,Version: 1.0, File size: 1.47MB ,Date added: April 11  2013,Price: Free to try (Limited number of registered sites); $12.00 to buy ,Operating system: Windows Vista/7/8,Total downloads: 91,Downloads last week: 1
http://download.cnet.com/windows/internet-software/?tag=rb_content;main,internet-software,http://download.cnet.com/windows/bookmark-managers/,Bookmark Managers,http://download.cnet.com/Search-Favorites/3000-2184_4-10161927.html,Search Favorites,Version: 1.5, File size: 75.71K ,Date added: November 04  2002,Price: Free to try (5-day trial); $7.99 to buy ,Operating system: Windows 95/NT/98/Me/2000/XP,Total downloads: 1 305,Downloads last week: 1
http://download.cnet.com/windows/internet-software/?tag=rb_content;main,internet-software,http://download.cnet.com/windows/bookmark-managers/,Bookmark Managers,http://download.cnet.com/iFavor-Bookmark-Manager/3000-2184_4-10968389.html,iFavor Bookmark Manager,Version: 2.0 Build 75, File size: 1.52MB ,Date added: August 12  2011,Price: Free to try (Limited functionality); $29.95 to buy ,Operating system: Windows 95/NT/98/Me/2000/XP/2003/Vista/Server 2008/7,Total downloads: 79,Downloads last week: 1
http://download.cnet.com/windows/internet-software/?tag=rb_content;main,internet-software,http://download.cnet.com/windows/bookmark-managers/,Bookmark Managers,http://download.cnet.com/FavSync/3000-2184_4-10399040.html,FavSync,Version: 2.1.5, File size: 1.57MB ,Date added: February 06  2011,Price: Free to try; $19.99 to buy ,Operating system: Windows NT/98/Me/2000/XP,Total downloads: 324,Downloads last week: 1
http://download.cnet.com/windows/internet-software/?tag=rb_content;main,internet-software,http://download.cnet.com/windows/bookmark-managers/,Bookmark Managers,http://download.cnet.com/WebAztec/3000-2184_4-10716842.html,WebAztec,Version: 1, File size: 549.48K ,Date added: August 24  2007,Price: Free ,Operating system: Windows NT/2000/XP/Vista,Total downloads: 305,Downloads last week: 1
http://download.cnet.com/windows/internet-software/?tag=rb_content;main,internet-software,http://download.cnet.com/windows/bookmark-managers/,Bookmark Managers,http://download.cnet.com/Transmute-Pro-Portable/3000-2184_4-75179586.html,Transmute Pro Portable,Version: 2.50, File size: 2.17MB ,Date added: October 26  2011,Price: Free to try (Limited functionality); $29.95 to buy (Buy it now) ,Operating system: Windows NT/98/Me/2000/XP/2003/Vista/Server 2008/7,Total downloads: 272,Downloads last week: 1
http://download.cnet.com/windows/internet-software/?tag=rb_content;main,internet-software,http://download.cnet.com/windows/bookmark-managers/,Bookmark Managers,http://download.cnet.com/CPPBookMark/3000-2184_4-75337755.html,CPPBookMark,Version: 1.4.0, File size: 610.17K ,Date added: October 05  2011,Price: Free ,Operating system: Windows XP/Vista/7,Total downloads: 101,Downloads last week: 1
http://download.cnet.com/windows/internet-software/?tag=rb_content;main,internet-software,http://download.cnet.com/windows/bookmark-managers/,Bookmark Managers,http://download.cnet.com/PageNotes/3000-2184_4-75885964.html,PageNotes,Version: 1.0, File size: 1.28MB ,Date added: March 19  2013,Price: Free ,Operating system: Windows 2000/XP/2003/Vista/7,Total downloads: 52,Downloads last week: 1
http://download.cnet.com/windows/internet-software/?tag=rb_content;main,internet-software,http://download.cnet.com/windows/bookmark-managers/,Bookmark Managers,http://download.cnet.com/Peek-A-Boo-Favorites/3000-2184_4-10968298.html,Peek-A-Boo Favorites,Version: 2.1, File size: 10.79MB ,Date added: March 07  2012,Price: Free to try (30-day trial); $24.95 to buy (Buy it now) ,Operating system: Windows 2000/XP/2003/Vista/Server 2008/7,Total downloads: 115,Downloads last week: 1
http://download.cnet.com/windows/internet-software/?tag=rb_content;main,internet-software,http://download.cnet.com/windows/bookmark-managers/,Bookmark Managers,http://download.cnet.com/Link-Ace/3000-2184_4-10685428.html,Link Ace,Version: 1.13, File size: 453.23K ,Date added: September 17  2008,Price: Free to try (30-day trial); $14.95 to buy ,Operating system: Windows 95/NT/98/Me/2000/XP/Vista,Total downloads: 511,Downloads last week: 1
http://download.cnet.com/windows/internet-software/?tag=rb_content;main,internet-software,http://download.cnet.com/windows/bookmark-managers/,Bookmark Managers,http://download.cnet.com/Page-Update-Watcher/3000-2184_4-10468473.html,Page Update Watcher,Version: 1, File size: 980.65K ,Date added: December 16  2005,Price: Free ,Operating system: Windows 95/NT/98/Me/2000/XP,Total downloads: 2 653,Downloads last week: 1
http://download.cnet.com/windows/internet-software/?tag=rb_content;main,internet-software,http://download.cnet.com/windows/bookmark-managers/,Bookmark Managers,http://download.cnet.com/Safavor/3000-2184_4-75176790.html,Safavor,Version: 2.0, File size: 34.97K ,Date added: September 10  2007,Price: Free ,Operating system: Windows 2000/XP/2003/Vista/7,Total downloads: 165,Downloads last week: 1
http://download.cnet.com/windows/internet-software/?tag=rb_content;main,internet-software,http://download.cnet.com/windows/bookmark-managers/,Bookmark Managers,http://download.cnet.com/IC-Soft-Site-Manager/3000-2184_4-10209271.html,IC Soft Site Manager,Version: 1.8, File size: 5.57MB ,Date added: June 23  2003,Price: Free to try (60-day trial); $29.95 to buy ,Operating system: Windows 95/NT/98/Me/2000/XP,Total downloads: 1 270,Downloads last week: 1
http://download.cnet.com/windows/internet-software/?tag=rb_content;main,internet-software,http://download.cnet.com/windows/bookmark-managers/,Bookmark Managers,http://download.cnet.com/NetFav/3000-2184_4-10306297.html,NetFav,Version: 1.0.0.355, File size: 619.28K ,Date added: August 02  2004,Price: Free ,Operating system: Windows 95/NT/98/Me/2000/XP,Total downloads: 2 918,Downloads last week: 1
http://download.cnet.com/windows/internet-software/?tag=rb_content;main,internet-software,http://download.cnet.com/windows/bookmark-managers/,Bookmark Managers,http://download.cnet.com/Bookmark-Manager/3000-2184_4-10921897.html,Bookmark Manager,Version: 4.08, File size: 5.21MB ,Date added: March 08  2011,Price: Free ,Operating system: Windows XP/2003/Vista,Total downloads: 1 595,Downloads last week: 1
http://download.cnet.com/windows/internet-software/?tag=rb_content;main,internet-software,http://download.cnet.com/windows/bookmark-managers/,Bookmark Managers,http://download.cnet.com/Alive-Bookmark/3000-2184_4-75321795.html,Alive Bookmark,Version: 2.0, File size: 3.97MB ,Date added: February 25  2011,Price: Free to try; $14.95 to buy (Buy it now) ,Operating system: Windows XP/Vista/Server 2008/7,Total downloads: 248,Downloads last week: 1
http://download.cnet.com/windows/internet-software/?tag=rb_content;main,internet-software,http://download.cnet.com/windows/bookmark-managers/,Bookmark Managers,http://download.cnet.com/Modest-Web-Surfing/3000-2184_4-75532303.html,Modest Web Surfing,Version: 1.0.3.1, File size: 1.65MB ,Date added: August 01  2011,Price: Free to try (5 bookmarked sites limitation); $9.99 to buy (Buy it now) ,Operating system: Windows XP/Vista/7,Total downloads: 29,Downloads last week: 1
http://download.cnet.com/windows/internet-software/?tag=rb_content;main,internet-software,http://download.cnet.com/windows/bookmark-managers/,Bookmark Managers,http://download.cnet.com/Record-All-Web-Sites-Visited-Software/3000-2184_4-75741512.html,Record All Web Sites Visited Software,Version: 7.0, File size: 9.98MB ,Date added: July 02  2012,Price: Free to try (Limited features); $19.99 to buy (Buy it now) ,Operating system: Windows NT/98/Me/2000/XP/2003/Vista/Server 2008/7/8,Total downloads: 80,Downloads last week: 1
http://download.cnet.com/windows/internet-software/?tag=rb_content;main,internet-software,http://download.cnet.com/windows/bookmark-managers/,Bookmark Managers,http://download.cnet.com/DataDrawer/3000-2184_4-75323253.html,DataDrawer,Version: 1.0, File size: 1.36MB ,Date added: October 27  2010,Price: Free to try (30-day trial); $29.95 to buy (Buy it now) ,Operating system: Windows 2000/XP/2003/Vista/Server 2008/7,Total downloads: 43,Downloads last week: 1
http://download.cnet.com/windows/internet-software/?tag=rb_content;main,internet-software,http://download.cnet.com/windows/bookmark-managers/,Bookmark Managers,http://download.cnet.com/Xiaomo-Bookmarks/3000-2184_4-75157335.html,Xiaomo Bookmarks,Version: 1.2, File size: 1.31MB ,Date added: April 22  2010,Price: Free to try (30-day trial); $29.99 to buy ,Operating system: Windows 2000/XP/2003/Vista/Server 2008/7,Total downloads: 328,Downloads last week: 1
http://download.cnet.com/windows/internet-software/?tag=rb_content;main,internet-software,http://download.cnet.com/windows/bookmark-managers/,Bookmark Managers,http://download.cnet.com/Link-Manager/3000-2184_4-10502004.html,Link Manager,Version: 2, File size: 543.09K ,Date added: February 28  2006,Price: Free to try (Occasionally appearing warning); $12.90 to buy (Buy it now) ,Operating system: Windows 95/NT/98/Me/2000/XP,Total downloads: 246,Downloads last week: 1
http://download.cnet.com/windows/internet-software/?tag=rb_content;main,internet-software,http://download.cnet.com/windows/bookmark-managers/,Bookmark Managers,http://download.cnet.com/PageNotes/3000-2184_4-75885964.html,PageNotes,Version: 1.0, File size: 1.28MB ,Date added: March 19  2013,Price: Free ,Operating system: Windows 2000/XP/2003/Vista/7,Total downloads: 52,Downloads last week: 1
http://download.cnet.com/windows/internet-software/?tag=rb_content;main,internet-software,http://download.cnet.com/windows/bookmark-managers/,Bookmark Managers,http://download.cnet.com/CPPBookMark/3000-2184_4-75337755.html,CPPBookMark,Version: 1.4.0, File size: 610.17K ,Date added: October 05  2011,Price: Free ,Operating system: Windows XP/Vista/7,Total downloads: 101,Downloads last week: 1
http://download.cnet.com/windows/internet-software/?tag=rb_content;main,internet-software,http://download.cnet.com/windows/bookmark-managers/,Bookmark Managers,http://download.cnet.com/iFavor-Bookmark-Manager/3000-2184_4-10968389.html,iFavor Bookmark Manager,Version: 2.0 Build 75, File size: 1.52MB ,Date added: August 12  2011,Price: Free to try (Limited functionality); $29.95 to buy ,Operating system: Windows 95/NT/98/Me/2000/XP/2003/Vista/Server 2008/7,Total downloads: 79,Downloads last week: 1
http://download.cnet.com/windows/internet-software/?tag=rb_content;main,internet-software,http://download.cnet.com/windows/bookmark-managers/,Bookmark Managers,http://download.cnet.com/Bookmarks-Unifier/3000-2184_4-10437884.html,Bookmarks Unifier,Version: 2.0b build 7, File size: 21.9K ,Date added: January 18  2006,Price: Free ,Operating system: Windows 95/NT/98/Me/2000/XP,Total downloads: 3 514,Downloads last week: 1
http://download.cnet.com/windows/internet-software/?tag=rb_content;main,internet-software,http://download.cnet.com/windows/bookmark-managers/,Bookmark Managers,http://download.cnet.com/Safavor/3000-2184_4-75176790.html,Safavor,Version: 2.0, File size: 34.97K ,Date added: September 10  2007,Price: Free ,Operating system: Windows 2000/XP/2003/Vista/7,Total downloads: 165,Downloads last week: 1
http://download.cnet.com/windows/internet-software/?tag=rb_content;main,internet-software,http://download.cnet.com/windows/bookmark-managers/,Bookmark Managers,http://download.cnet.com/Link-Manager/3000-2184_4-10502004.html,Link Manager,Version: 2, File size: 543.09K ,Date added: February 28  2006,Price: Free to try (Occasionally appearing warning); $12.90 to buy (Buy it now) ,Operating system: Windows 95/NT/98/Me/2000/XP,Total downloads: 246,Downloads last week: 1
http://download.cnet.com/windows/internet-software/?tag=rb_content;main,internet-software,http://download.cnet.com/windows/bookmark-managers/,Bookmark Managers,http://download.cnet.com/TrayURL/3000-2184_4-75954709.html,TrayURL,Version: 2.0, File size: 1.86MB ,Date added: July 11  2013,Price: Free ,Operating system: Windows NT/98/Me/2000/XP/2003/Vista/7,Total downloads: 35,Downloads last week: 1
http://download.cnet.com/windows/internet-software/?tag=rb_content;main,internet-software,http://download.cnet.com/windows/bookmark-managers/,Bookmark Managers,http://download.cnet.com/FeelDweb/3000-2184_4-76037276.html,FeelDweb,Version: 1.9, File size: 364.13K ,Date added: January 22  2014,Price: Free ,Operating system: Windows NT/98/Me/2000/XP/2003/Vista/Server 2008/7/8,Total downloads: 37,Downloads last week: 1
http://download.cnet.com/windows/internet-software/?tag=rb_content;main,internet-software,http://download.cnet.com/windows/bookmark-managers/,Bookmark Managers,http://download.cnet.com/iCarousels-Visual-Web/3000-2184_4-10399101.html,iCarousels Visual Web,Version: 01.02.08, File size: 2.81MB ,Date added: August 29  2005,Price: Free to try (60-day trial); $27.50 to buy (Buy it now) ,Operating system: Windows NT/98/Me/2000/XP,Total downloads: 247,Downloads last week: 1
http://download.cnet.com/windows/internet-software/?tag=rb_content;main,internet-software,http://download.cnet.com/windows/bookmark-managers/,Bookmark Managers,http://download.cnet.com/Bookmarks-Unifier/3000-2184_4-10437884.html,Bookmarks Unifier,Version: 2.0b build 7, File size: 21.9K ,Date added: January 18  2006,Price: Free ,Operating system: Windows 95/NT/98/Me/2000/XP,Total downloads: 3 514,Downloads last week: 1
http://download.cnet.com/windows/internet-software/?tag=rb_content;main,internet-software,http://download.cnet.com/windows/bookmark-managers/,Bookmark Managers,http://download.cnet.com/Deal-Slider/3000-2184_4-76016695.html,Deal Slider,Version: 1.0, File size: 995.87K ,Date added: October 18  2013,Price: Free ,Operating system: Windows,Total downloads: 107,Downloads last week: 1
http://download.cnet.com/windows/internet-software/?tag=rb_content;main,internet-software,http://download.cnet.com/windows/bookmark-managers/,Bookmark Managers,http://download.cnet.com/Xiaomo-Bookmarks/3000-2184_4-75157335.html,Xiaomo Bookmarks,Version: 1.2, File size: 1.31MB ,Date added: April 22  2010,Price: Free to try (30-day trial); $29.99 to buy ,Operating system: Windows 2000/XP/2003/Vista/Server 2008/7,Total downloads: 328,Downloads last week: 1
http://download.cnet.com/windows/internet-software/?tag=rb_content;main,internet-software,http://download.cnet.com/windows/bookmark-managers/,Bookmark Managers,http://download.cnet.com/iCarousels-Visual-Web/3000-2184_4-10399101.html,iCarousels Visual Web,Version: 01.02.08, File size: 2.81MB ,Date added: August 29  2005,Price: Free to try (60-day trial); $27.50 to buy (Buy it now) ,Operating system: Windows NT/98/Me/2000/XP,Total downloads: 247,Downloads last week: 1
http://download.cnet.com/windows/internet-software/?tag=rb_content;main,internet-software,http://download.cnet.com/windows/bookmark-managers/,Bookmark Managers,http://download.cnet.com/Check-Get/3000-2184_4-10042468.html,Check&Get;,Version: 3.4 Build 499, File size: 7.12MB ,Date added: April 14  2010,Price: Free ,Operating system: Windows 95/NT/98/2000,Total downloads: 4 047,Downloads last week: 1
http://download.cnet.com/windows/internet-software/?tag=rb_content;main,internet-software,http://download.cnet.com/windows/bookmark-managers/,Bookmark Managers,http://download.cnet.com/Quickmarks/3000-2184_4-94080.html,Quickmarks,Version: 3.4.1, File size: 2.15MB ,Date added: December 11  2008,Price: Free ,Operating system: Windows 95/NT/98/2000/XP,Total downloads: 106,Downloads last week: 1
http://download.cnet.com/windows/internet-software/?tag=rb_content;main,internet-software,http://download.cnet.com/windows/bookmark-managers/,Bookmark Managers,http://download.cnet.com/Final-Login/3000-2184_4-75134940.html,Final Login,Version: 2.2.2, File size: 7.2MB ,Date added: November 26  2010,Price: Free ,Operating system: Windows 2000/XP/Vista,Total downloads: 486,Downloads last week: 1
http://download.cnet.com/windows/internet-software/?tag=rb_content;main,internet-software,http://download.cnet.com/windows/bookmark-managers/,Bookmark Managers,http://download.cnet.com/FavIconizer-64-Bit/3000-2184_4-75854840.html,FavIconizer (64-Bit),Version: 1.4, File size: 225.5K ,Date added: January 28  2013,Price: Free ,Operating system: Windows 2000/XP/Vista/7,Total downloads: 58,Downloads last week: 1
http://download.cnet.com/windows/internet-software/?tag=rb_content;main,internet-software,http://download.cnet.com/windows/bookmark-managers/,Bookmark Managers,http://download.cnet.com/Transmute-Pro/3000-2184_4-75123231.html,Transmute Pro,Version: 2.50, File size: 3.94MB ,Date added: October 26  2011,Price: Free to try (Limited functionality); $29.95 to buy (Buy it now) ,Operating system: Windows NT/98/Me/2000/XP/2003/Vista/Server 2008/7,Total downloads: 393,Downloads last week: 1
http://download.cnet.com/windows/internet-software/?tag=rb_content;main,internet-software,http://download.cnet.com/windows/bookmark-managers/,Bookmark Managers,http://download.cnet.com/PeerMark/3000-2184_4-10380328.html,PeerMark,Version: 2.0.878, File size: 4.77MB ,Date added: February 08  2006,Price: Free to try (30-day trial); $9.95 to buy ,Operating system: Windows XP,Total downloads: 169,Downloads last week: 1
http://download.cnet.com/windows/internet-software/?tag=rb_content;main,internet-software,http://download.cnet.com/windows/bookmark-managers/,Bookmark Managers,http://download.cnet.com/Insert-Google-Translation-Plugin-for-Windows-Live-Writer/3000-2184_4-10799475.html,Insert Google Translation Plugin for Windows Live Writer,Version: 1.0.0.1, File size: 333.5K ,Date added: January 22  2008,Price: Free ,Operating system: Windows XP/Vista,Total downloads: 437,Downloads last week: 1
http://download.cnet.com/windows/internet-software/?tag=rb_content;main,internet-software,http://download.cnet.com/windows/bookmark-managers/,Bookmark Managers,http://download.cnet.com/Bookmark-Killer/3000-2184_4-10807791.html,Bookmark Killer,Version: 1.3, File size: 947.33K ,Date added: February 14  2008,Price: Free ,Operating system: Windows 95/NT/98/Me/2000/XP/Vista,Total downloads: 816,Downloads last week: 1
http://download.cnet.com/windows/internet-software/?tag=rb_content;main,internet-software,http://download.cnet.com/windows/bookmark-managers/,Bookmark Managers,http://download.cnet.com/Joshs-Video-of-the-Month-Toolbar/3000-2184_4-10412896.html,Joshs Video of the Month Toolbar,Version: 4.5.65.0, File size: 562.1K ,Date added: July 29  2005,Price: Free ,Operating system: Windows NT/98/Me/2000/XP,Total downloads: 203,Downloads last week: 1
http://download.cnet.com/windows/internet-software/?tag=rb_content;main,internet-software,http://download.cnet.com/windows/bookmark-managers/,Bookmark Managers,http://download.cnet.com/Link-Commander-Lite/3000-2184_4-10487424.html,Link Commander Lite,Version: 4.6.4, File size: 6.77MB ,Date added: September 06  2011,Price: Free to try (30-days trial); $19.95 to buy ,Operating system: Windows 2000/XP,Total downloads: 1 067,Downloads last week: 1
http://download.cnet.com/windows/internet-software/?tag=rb_content;main,internet-software,http://download.cnet.com/windows/bookmark-managers/,Bookmark Managers,http://download.cnet.com/iLinksList/3000-2184_4-75905644.html,iLinksList,Version: 2.2.5, File size: 4.38MB ,Date added: April 17  2013,Price: Free ,Operating system: Windows NT/XP/2003/Vista/Server 2008/7/8,Total downloads: 32,Downloads last week: 1
http://download.cnet.com/windows/internet-software/?tag=rb_content;main,internet-software,http://download.cnet.com/windows/bookmark-managers/,Bookmark Managers,http://download.cnet.com/LinkStash-Portable/3000-2184_4-75332015.html,LinkStash Portable,Version: 3.0, File size: 549.04K ,Date added: March 22  2013,Price: Free; $24.95 to buy ,Operating system: Windows 2000/XP/Vista/7/8,Total downloads: 248,Downloads last week: 1
http://download.cnet.com/windows/internet-software/?tag=rb_content;main,internet-software,http://download.cnet.com/windows/bookmark-managers/,Bookmark Managers,http://download.cnet.com/URL-Gather-Portable/3000-2184_4-75788934.html,URL Gather Portable,Version: 2.0.2, File size: 929.94K ,Date added: February 19  2013,Price: Free ,Operating system: Windows NT/98/Me/2000/XP/Vista/7,Total downloads: 257,Downloads last week: 1
http://download.cnet.com/windows/internet-software/?tag=rb_content;main,internet-software,http://download.cnet.com/windows/bookmark-managers/,Bookmark Managers,http://download.cnet.com/Web-Applications-List/3000-2184_4-75628296.html,Web Applications List,Version: 2.0, File size: 372K ,Date added: March 20  2012,Price: Free ,Operating system: Windows NT/98/Me/2000/XP/2003/Vista/Server 2008/7,Total downloads: 94,Downloads last week: 1
http://download.cnet.com/windows/internet-software/?tag=rb_content;main,internet-software,http://download.cnet.com/windows/bookmark-managers/,Bookmark Managers,http://download.cnet.com/My-Passwords/3000-2184_4-10634216.html,My Passwords,Version: 5, File size: 4.35MB ,Date added: February 13  2007,Price: Free to try (30-day trial); $24.95 to buy (Buy it now) ,Operating system: Windows 98/2000/XP/Vista,Total downloads: 811,Downloads last week: 1
http://download.cnet.com/windows/internet-software/?tag=rb_content;main,internet-software,http://download.cnet.com/windows/bookmark-managers/,Bookmark Managers,http://download.cnet.com/URLBase-Professional-Edition/3000-2184_4-10039520.html,URLBase Professional Edition,Version: 6.1.0.1130, File size: 2.43MB ,Date added: June 30  2007,Price: Free to try (30-day trial  save-disabled); $39.17 to buy ,Operating system: Windows NT/98/Me/2000/XP/Vista,Total downloads: 18 369,Downloads last week: 1
