http://download.cnet.com/windows/screensavers-and-wallpaper/?tag=rb_content;main,screensavers-and-wallpaper,http://download.cnet.com/windows/wallpaper-editors-and-tools/,Wallpaper Editors & Tools,http://download.cnet.com/Wallpaper-Changer/3000-2019_4-75212570.html,Wallpaper Changer,Version: 1.0, File size: 1.77MB ,Date added: June 30  2010,Price: Free ,Operating system: Windows 98/2000/XP/Vista/7,Total downloads: 4 503,Downloads last week: 194
http://download.cnet.com/windows/screensavers-and-wallpaper/?tag=rb_content;main,screensavers-and-wallpaper,http://download.cnet.com/windows/wallpaper-editors-and-tools/,Wallpaper Editors & Tools,http://download.cnet.com/Dream-Photo-Editor/3000-2019_4-10853530.html,Dream Photo Editor,Version: 2011.5.10, File size: 18.68MB ,Date added: May 05  2011,Price: Free to try (Watermark on image); $29.95 to buy (Buy it now) ,Operating system: Windows NT/98/Me/2000/XP/Vista/7,Total downloads: 21 515,Downloads last week: 46
http://download.cnet.com/windows/screensavers-and-wallpaper/?tag=rb_content;main,screensavers-and-wallpaper,http://download.cnet.com/windows/wallpaper-editors-and-tools/,Wallpaper Editors & Tools,http://download.cnet.com/SlideShow-Desktop/3000-2019_4-10062444.html,SlideShow Desktop,Version: 3.1, File size: 3.9MB ,Date added: February 28  2011,Price: Free to try (30-day trial); $19.95 to buy ,Operating system: Windows 95/NT/98/Me/2000/XP/2003/Vista,Total downloads: 148 057,Downloads last week: 57
http://download.cnet.com/windows/screensavers-and-wallpaper/?tag=rb_content;main,screensavers-and-wallpaper,http://download.cnet.com/windows/wallpaper-editors-and-tools/,Wallpaper Editors & Tools,http://download.cnet.com/Automatic-Wallpaper-Changer/3000-2019_4-10560884.html,Automatic Wallpaper Changer,Version: 4.11.2, File size: 12.3MB ,Date added: June 18  2012,Price: Free to try (28-day trial); $9.30 to buy (Buy it now) ,Operating system: Windows XP/2003/Vista/7,Total downloads: 469 635,Downloads last week: 687
http://download.cnet.com/windows/screensavers-and-wallpaper/?tag=rb_content;main,screensavers-and-wallpaper,http://download.cnet.com/windows/wallpaper-editors-and-tools/,Wallpaper Editors & Tools,http://download.cnet.com/Desktop-Wallpaper-Timer/3000-2019_4-10427141.html,Desktop Wallpaper Timer,Version: 1.6.12, File size: 1.85MB ,Date added: April 07  2009,Price: Free ,Operating system: Windows NT/Me/2000/XP/2003/Vista,Total downloads: 15 149,Downloads last week: 35
http://download.cnet.com/windows/screensavers-and-wallpaper/?tag=rb_content;main,screensavers-and-wallpaper,http://download.cnet.com/windows/wallpaper-editors-and-tools/,Wallpaper Editors & Tools,http://download.cnet.com/Live-Wallpaper-Creator/3000-2019_4-75623499.html,Live Wallpaper Creator,Version: 2.0, File size: 9.04MB ,Date added: December 08  2011,Price: Free to try (Watermark on image); $50.00 to buy (Buy it now) ,Operating system: Windows XP/Vista/7,Total downloads: 5 942,Downloads last week: 95
http://download.cnet.com/windows/screensavers-and-wallpaper/?tag=rb_content;main,screensavers-and-wallpaper,http://download.cnet.com/windows/wallpaper-editors-and-tools/,Wallpaper Editors & Tools,http://download.cnet.com/Wallpaper-Slideshow/3000-2019_4-10107447.html,Wallpaper Slideshow,Version: 1.24, File size: 1.29MB ,Date added: September 27  2005,Price: Free ,Operating system: Windows 95/NT/98/Me/2000/XP,Total downloads: 61 125,Downloads last week: 45
http://download.cnet.com/windows/screensavers-and-wallpaper/?tag=rb_content;main,screensavers-and-wallpaper,http://download.cnet.com/windows/wallpaper-editors-and-tools/,Wallpaper Editors & Tools,http://download.cnet.com/DeskScapes-8/3000-2019_4-10657476.html,DeskScapes 8,Version: 8.10, File size: 70.79MB ,Date added: October 24  2013,Price: Free to try (30-day trial); $9.99 to buy (Buy it now) ,Operating system: Windows 7/8,Total downloads: 1 267 281,Downloads last week: 2 136
http://download.cnet.com/windows/screensavers-and-wallpaper/?tag=rb_content;main,screensavers-and-wallpaper,http://download.cnet.com/windows/wallpaper-editors-and-tools/,Wallpaper Editors & Tools,http://download.cnet.com/Animated-Wallpaper-Maker/3000-2019_4-10833543.html,Animated Wallpaper Maker,Version: 4.0, File size: 18.3MB ,Date added: December 14  2013,Price: Free to try (Nag screen); $29.77 to buy (Buy it now) ,Operating system: Windows XP/Vista/7/8,Total downloads: 135 479,Downloads last week: 138
http://download.cnet.com/windows/screensavers-and-wallpaper/?tag=rb_content;main,screensavers-and-wallpaper,http://download.cnet.com/windows/wallpaper-editors-and-tools/,Wallpaper Editors & Tools,http://download.cnet.com/Wallpaper-Slideshow-LT/3000-2019_4-10649566.html,Wallpaper Slideshow LT,Version: 1.5.1, File size: 2.02MB ,Date added: May 02  2012,Price: Free ,Operating system: Windows 2000/XP/Vista/7/8,Total downloads: 22 139,Downloads last week: 31
http://download.cnet.com/windows/screensavers-and-wallpaper/?tag=rb_content;main,screensavers-and-wallpaper,http://download.cnet.com/windows/wallpaper-editors-and-tools/,Wallpaper Editors & Tools,http://download.cnet.com/Active-Wallpaper-Changer/3000-2019_4-10106443.html,Active Wallpaper Changer,Version: 3.7.7 build 591, File size: 2.73MB ,Date added: October 09  2007,Price: Free to try (30-day trial); $24.95 to buy (Buy it now) ,Operating system: Windows 2000/XP/Vista,Total downloads: 57 983,Downloads last week: 30
http://download.cnet.com/windows/screensavers-and-wallpaper/?tag=rb_content;main,screensavers-and-wallpaper,http://download.cnet.com/windows/wallpaper-editors-and-tools/,Wallpaper Editors & Tools,http://download.cnet.com/Yossoft-Live-Wallpaper-Creator/3000-2019_4-75622596.html,Yossoft Live Wallpaper Creator,Version: 3.5, File size: 26.44MB ,Date added: April 05  2013,Price: Free ,Operating system: Windows NT/2000/XP/2003/Vista/Server 2008/7/8,Total downloads: 1 517,Downloads last week: 29
http://download.cnet.com/windows/screensavers-and-wallpaper/?tag=rb_content;main,screensavers-and-wallpaper,http://download.cnet.com/windows/wallpaper-editors-and-tools/,Wallpaper Editors & Tools,http://download.cnet.com/Multi-Monitor-Wallpaper-Tool/3000-2019_4-10641534.html,Multi-Monitor Wallpaper Tool,Version: 1.3, File size: 1.36MB ,Date added: September 28  2007,Price: Free ,Operating system: Windows NT/2000/XP/Vista,Total downloads: 11 694,Downloads last week: 24
http://download.cnet.com/windows/screensavers-and-wallpaper/?tag=rb_content;main,screensavers-and-wallpaper,http://download.cnet.com/windows/wallpaper-editors-and-tools/,Wallpaper Editors & Tools,http://download.cnet.com/Wallpaper-Updater/3000-2019_4-75329618.html,Wallpaper Updater,Version: 2.4, File size: 1.32MB ,Date added: October 10  2013,Price: Free ,Operating system: Windows XP/2003/Vista/Server 2008/7/8,Total downloads: 4 279,Downloads last week: 22
http://download.cnet.com/windows/screensavers-and-wallpaper/?tag=rb_content;main,screensavers-and-wallpaper,http://download.cnet.com/windows/wallpaper-editors-and-tools/,Wallpaper Editors & Tools,http://download.cnet.com/Moderndesktop/3000-2019_4-10373719.html,Moderndesktop,Version: 1.1, File size: 1.3MB ,Date added: June 17  2005,Price: Free to try (15-day trial); $19.90 to buy (Buy it now) ,Operating system: Windows 95/NT/98/Me/2000/XP,Total downloads: 78 994,Downloads last week: 30
http://download.cnet.com/windows/screensavers-and-wallpaper/?tag=rb_content;main,screensavers-and-wallpaper,http://download.cnet.com/windows/wallpaper-editors-and-tools/,Wallpaper Editors & Tools,http://download.cnet.com/APOD-Wallpaper/3000-2019_4-10976816.html,APOD Wallpaper,Version: 1.2.5, File size: 60.31K ,Date added: July 29  2011,Price: Free ,Operating system: Windows XP/Vista/7,Total downloads: 6 815,Downloads last week: 32
http://download.cnet.com/windows/screensavers-and-wallpaper/?tag=rb_content;main,screensavers-and-wallpaper,http://download.cnet.com/windows/wallpaper-editors-and-tools/,Wallpaper Editors & Tools,http://download.cnet.com/Wallpaper-Cycler-Lite/3000-2019_4-10784244.html,Wallpaper Cycler Lite,Version: 3.6.0.180, File size: 5.61MB ,Date added: July 02  2009,Price: Free ,Operating system: Windows 2000/XP/2003/Vista/Server 2008/7,Total downloads: 29 544,Downloads last week: 18
http://download.cnet.com/windows/screensavers-and-wallpaper/?tag=rb_content;main,screensavers-and-wallpaper,http://download.cnet.com/windows/wallpaper-editors-and-tools/,Wallpaper Editors & Tools,http://download.cnet.com/World-Clocks-Wallpaper/3000-2019_4-10767171.html,World Clocks Wallpaper,Version: 1.1, File size: 1.27MB ,Date added: November 09  2007,Price: Free ,Operating system: Windows 95/NT/98/Me/2000/XP/Vista,Total downloads: 5 076,Downloads last week: 25
http://download.cnet.com/windows/screensavers-and-wallpaper/?tag=rb_content;main,screensavers-and-wallpaper,http://download.cnet.com/windows/wallpaper-editors-and-tools/,Wallpaper Editors & Tools,http://download.cnet.com/DesktopAlive/3000-2019_4-10522632.html,DesktopAlive,Version: 1.1, File size: 2.55MB ,Date added: April 24  2006,Price: Free to try (7-day trial); $20.95 to buy (Buy it now) ,Operating system: Windows XP,Total downloads: 1 485,Downloads last week: 11
http://download.cnet.com/windows/screensavers-and-wallpaper/?tag=rb_content;main,screensavers-and-wallpaper,http://download.cnet.com/windows/wallpaper-editors-and-tools/,Wallpaper Editors & Tools,http://download.cnet.com/MeyshanWall/3000-2019_4-10698912.html,MeyshanWall,Version: 1, File size: 704.17K ,Date added: June 28  2007,Price: Free ,Operating system: Windows NT/98/Me/2000/XP/Vista,Total downloads: 738,Downloads last week: 10
http://download.cnet.com/windows/screensavers-and-wallpaper/?tag=rb_content;main,screensavers-and-wallpaper,http://download.cnet.com/windows/wallpaper-editors-and-tools/,Wallpaper Editors & Tools,http://download.cnet.com/DeskSlide/3000-2019_4-10378548.html,DeskSlide,Version: 2.1 build 2.1.0.12, File size: 732.17K ,Date added: March 01  2012,Price: Free ,Operating system: Windows 98/Me/2000/XP/2003/Vista/Server 2008/7/8,Total downloads: 60 999,Downloads last week: 15
http://download.cnet.com/windows/screensavers-and-wallpaper/?tag=rb_content;main,screensavers-and-wallpaper,http://download.cnet.com/windows/wallpaper-editors-and-tools/,Wallpaper Editors & Tools,http://download.cnet.com/Video-Wallpaper-Master/3000-2019_4-10910992.html,Video Wallpaper Master,Version: 1.0.2, File size: 565.43K ,Date added: February 16  2010,Price: Free to try (Nag screen); $19.97 to buy (Buy it now) ,Operating system: Windows XP/Vista/7,Total downloads: 3 784,Downloads last week: 16
http://download.cnet.com/windows/screensavers-and-wallpaper/?tag=rb_content;main,screensavers-and-wallpaper,http://download.cnet.com/windows/wallpaper-editors-and-tools/,Wallpaper Editors & Tools,http://download.cnet.com/Fresh-Desktop/3000-2019_4-10305786.html,Fresh Desktop,Version: 4.0, File size: 1.54MB ,Date added: March 07  2008,Price: Free to try (30-day trial); $14.95 to buy ,Operating system: Windows 95/NT/98/Me/2000/XP/Vista,Total downloads: 8 401,Downloads last week: 10
http://download.cnet.com/windows/screensavers-and-wallpaper/?tag=rb_content;main,screensavers-and-wallpaper,http://download.cnet.com/windows/wallpaper-editors-and-tools/,Wallpaper Editors & Tools,http://download.cnet.com/CoreDownload-Free-Wallpaper-Changer/3000-2019_4-10820707.html,CoreDownload Free Wallpaper Changer,Version: 2.1, File size: 3.22MB ,Date added: April 15  2008,Price: Free ,Operating system: Windows NT/2000/XP/Vista,Total downloads: 2 624,Downloads last week: 10
http://download.cnet.com/windows/screensavers-and-wallpaper/?tag=rb_content;main,screensavers-and-wallpaper,http://download.cnet.com/windows/wallpaper-editors-and-tools/,Wallpaper Editors & Tools,http://download.cnet.com/Izbushka-Wallpaper-Organizer/3000-2019_4-10429812.html,Izbushka Wallpaper Organizer,Version: 2.04, File size: 3.55MB ,Date added: December 10  2007,Price: Free to try (30-day trial); $14.95 to buy (Buy it now) ,Operating system: Windows NT/Me/2000/XP/Vista,Total downloads: 4 379,Downloads last week: 10
http://download.cnet.com/windows/screensavers-and-wallpaper/?tag=rb_content;main,screensavers-and-wallpaper,http://download.cnet.com/windows/wallpaper-editors-and-tools/,Wallpaper Editors & Tools,http://download.cnet.com/Scotts-Wallpaper-Switcher/3000-2019_4-10425378.html,Scotts Wallpaper Switcher,Version: 1.4, File size: 662.38K ,Date added: December 07  2006,Price: Free to try; $12.00 to buy (Buy it now) ,Operating system: Windows 95/NT/98/Me/2000/XP,Total downloads: 1 366,Downloads last week: 11
http://download.cnet.com/windows/screensavers-and-wallpaper/?tag=rb_content;main,screensavers-and-wallpaper,http://download.cnet.com/windows/wallpaper-editors-and-tools/,Wallpaper Editors & Tools,http://download.cnet.com/BG-Changer/3000-2019_4-10615413.html,BG Changer,Version: 1.0 build 3445, File size: 1.53MB ,Date added: June 16  2009,Price: Free to try (15-day trial); $1.99 to buy ,Operating system: Windows XP/Vista,Total downloads: 2 840,Downloads last week: 8
http://download.cnet.com/windows/screensavers-and-wallpaper/?tag=rb_content;main,screensavers-and-wallpaper,http://download.cnet.com/windows/wallpaper-editors-and-tools/,Wallpaper Editors & Tools,http://download.cnet.com/Desktop-Manager/3000-2019_4-10758997.html,Desktop Manager,Version: 2.0, File size: 930.13K ,Date added: September 01  2010,Price: Free ,Operating system: Windows 2000/XP/Vista,Total downloads: 3 226,Downloads last week: 6
http://download.cnet.com/windows/screensavers-and-wallpaper/?tag=rb_content;main,screensavers-and-wallpaper,http://download.cnet.com/windows/wallpaper-editors-and-tools/,Wallpaper Editors & Tools,http://download.cnet.com/Wallpaper-Randomizer/3000-2019_4-10965612.html,Wallpaper Randomizer,Version: 0.40, File size: 488.7K ,Date added: July 05  2011,Price: Free ,Operating system: Windows 98/2000/XP/Vista/7,Total downloads: 12 171,Downloads last week: 9
http://download.cnet.com/windows/screensavers-and-wallpaper/?tag=rb_content;main,screensavers-and-wallpaper,http://download.cnet.com/windows/wallpaper-editors-and-tools/,Wallpaper Editors & Tools,http://download.cnet.com/Walyk-Wallpaper-Changer/3000-2019_4-75811032.html,Walyk Wallpaper Changer,Version: 1.6, File size: 3.01MB ,Date added: November 19  2012,Price: Free ,Operating system: Windows 2000/XP/Vista/7,Total downloads: 147,Downloads last week: 6
http://download.cnet.com/windows/screensavers-and-wallpaper/?tag=rb_content;main,screensavers-and-wallpaper,http://download.cnet.com/windows/wallpaper-editors-and-tools/,Wallpaper Editors & Tools,http://download.cnet.com/DeskNite/3000-2019_4-10030582.html,DeskNite,Version: 1, File size: 1.36MB ,Date added: June 30  1999,Price: Free ,Operating system: Windows 95/NT/98/Me/2000/XP,Total downloads: 85 977,Downloads last week: 5
http://download.cnet.com/windows/screensavers-and-wallpaper/?tag=rb_content;main,screensavers-and-wallpaper,http://download.cnet.com/windows/wallpaper-editors-and-tools/,Wallpaper Editors & Tools,http://download.cnet.com/Wallpaper-Switcher-NET/3000-2019_4-10558039.html,Wallpaper Switcher .NET,Version: 1, File size: 130.19K ,Date added: July 24  2006,Price: Free ,Operating system: Windows 98/Me/2000/XP,Total downloads: 13 883,Downloads last week: 5
http://download.cnet.com/windows/screensavers-and-wallpaper/?tag=rb_content;main,screensavers-and-wallpaper,http://download.cnet.com/windows/wallpaper-editors-and-tools/,Wallpaper Editors & Tools,http://download.cnet.com/ThetaWall/3000-2019_4-10832372.html,ThetaWall,Version: 1.0.21, File size: 88.29K ,Date added: April 16  2009,Price: Free ,Operating system: Windows 95/XP/Vista,Total downloads: 3 260,Downloads last week: 6
http://download.cnet.com/windows/screensavers-and-wallpaper/?tag=rb_content;main,screensavers-and-wallpaper,http://download.cnet.com/windows/wallpaper-editors-and-tools/,Wallpaper Editors & Tools,http://download.cnet.com/Random-BackGround/3000-2019_4-10707313.html,Random BackGround,Version: 1.4.4, File size: 1.35MB ,Date added: March 11  2013,Price: Free ,Operating system: Windows NT/98/Me/2000/XP/2003/Vista/Server 2008/7/8,Total downloads: 13 174,Downloads last week: 9
http://download.cnet.com/windows/screensavers-and-wallpaper/?tag=rb_content;main,screensavers-and-wallpaper,http://download.cnet.com/windows/wallpaper-editors-and-tools/,Wallpaper Editors & Tools,http://download.cnet.com/Desktop-Dreamscapes/3000-2019_4-10107487.html,Desktop Dreamscapes,Version: 1.0, File size: 5.1MB ,Date added: April 30  2002,Price: Free to try (4 scenes); $15.00 to buy ,Operating system: Windows 98/Me/2000/XP,Total downloads: 66 785,Downloads last week: 6
http://download.cnet.com/windows/screensavers-and-wallpaper/?tag=rb_content;main,screensavers-and-wallpaper,http://download.cnet.com/windows/wallpaper-editors-and-tools/,Wallpaper Editors & Tools,http://download.cnet.com/Dexclock/3000-2019_4-75326871.html,Dexclock,Version: 1.2, File size: 5.25MB ,Date added: October 01  2012,Price: Free ,Operating system: Windows 2000/XP/2003/Vista/Server 2008/7,Total downloads: 726,Downloads last week: 5
http://download.cnet.com/windows/screensavers-and-wallpaper/?tag=rb_content;main,screensavers-and-wallpaper,http://download.cnet.com/windows/wallpaper-editors-and-tools/,Wallpaper Editors & Tools,http://download.cnet.com/Novisso-Desktop-Wallpaper-Rotator/3000-2019_4-75593725.html,Novisso Desktop Wallpaper Rotator,Version: 2.002, File size: 4.74MB ,Date added: December 07  2012,Price: Free ,Operating system: Windows 2000/XP/2003/Vista/Server 2008/7,Total downloads: 801,Downloads last week: 4
http://download.cnet.com/windows/screensavers-and-wallpaper/?tag=rb_content;main,screensavers-and-wallpaper,http://download.cnet.com/windows/wallpaper-editors-and-tools/,Wallpaper Editors & Tools,http://download.cnet.com/Weather-Wallpaper/3000-2019_4-10729358.html,Weather Wallpaper,Version: 1, File size: 401.97K ,Date added: October 05  2007,Price: Free ,Operating system: Windows XP,Total downloads: 3 875,Downloads last week: 3
http://download.cnet.com/windows/screensavers-and-wallpaper/?tag=rb_content;main,screensavers-and-wallpaper,http://download.cnet.com/windows/wallpaper-editors-and-tools/,Wallpaper Editors & Tools,http://download.cnet.com/Command-Line-Wallpaper-Changer-Portable/3000-2019_4-10804844.html,Command Line Wallpaper Changer Portable,Version: 1.0, File size: 258.94K ,Date added: February 18  2008,Price: Free ,Operating system: Windows 95/NT/98/Me/2000/XP/Vista,Total downloads: 2 711,Downloads last week: 4
http://download.cnet.com/windows/screensavers-and-wallpaper/?tag=rb_content;main,screensavers-and-wallpaper,http://download.cnet.com/windows/wallpaper-editors-and-tools/,Wallpaper Editors & Tools,http://download.cnet.com/Crystal-Wallpaper/3000-2019_4-10137221.html,Crystal Wallpaper,Version: 1.1, File size: 964.15K ,Date added: October 18  2002,Price: Free to try (15-day trial); $19.95 to buy ,Operating system: Windows 2000/XP,Total downloads: 54 409,Downloads last week: 3
http://download.cnet.com/windows/screensavers-and-wallpaper/?tag=rb_content;main,screensavers-and-wallpaper,http://download.cnet.com/windows/wallpaper-editors-and-tools/,Wallpaper Editors & Tools,http://download.cnet.com/WallSwitch/3000-2019_4-75954675.html,WallSwitch,Version: 1.2.3, File size: 354.63K ,Date added: July 11  2013,Price: Free ,Operating system: Windows XP/Vista/7,Total downloads: 71,Downloads last week: 4
http://download.cnet.com/windows/screensavers-and-wallpaper/?tag=rb_content;main,screensavers-and-wallpaper,http://download.cnet.com/windows/wallpaper-editors-and-tools/,Wallpaper Editors & Tools,http://download.cnet.com/DesktopSense/3000-2019_4-10688075.html,DesktopSense,Version: 1.33, File size: 2.75MB ,Date added: July 09  2007,Price: Free to try (30-day trial); $14.95 to buy (Buy it now) ,Operating system: Windows XP/Vista,Total downloads: 1 208,Downloads last week: 4
http://download.cnet.com/windows/screensavers-and-wallpaper/?tag=rb_content;main,screensavers-and-wallpaper,http://download.cnet.com/windows/wallpaper-editors-and-tools/,Wallpaper Editors & Tools,http://download.cnet.com/Advanced-Wallpaper-Manager/3000-2019_4-10920215.html,Advanced Wallpaper Manager,Version: 1.03, File size: 533.74K ,Date added: July 06  2009,Price: Free to try (Some features disabled); $14.95 to buy (Buy it now) ,Operating system: Windows XP/Vista/7,Total downloads: 732,Downloads last week: 4
http://download.cnet.com/windows/screensavers-and-wallpaper/?tag=rb_content;main,screensavers-and-wallpaper,http://download.cnet.com/windows/wallpaper-editors-and-tools/,Wallpaper Editors & Tools,http://download.cnet.com/Smart-Wallpaper-Lite/3000-2019_4-10412407.html,Smart Wallpaper Lite,Version: 3.0.0.8, File size: 2.26MB ,Date added: October 13  2005,Price: Free to try; $24.95 to buy (Buy it now) ,Operating system: Windows NT/98/Me/2000/XP,Total downloads: 3 026,Downloads last week: 4
http://download.cnet.com/windows/screensavers-and-wallpaper/?tag=rb_content;main,screensavers-and-wallpaper,http://download.cnet.com/windows/wallpaper-editors-and-tools/,Wallpaper Editors & Tools,http://download.cnet.com/MD-Wallpaper-Creator/3000-2019_4-10790032.html,MD Wallpaper Creator,Version: 1.26f, File size: 807.11K ,Date added: April 09  2008,Price: Free ,Operating system: Windows 2000/XP/Vista,Total downloads: 25 214,Downloads last week: 4
http://download.cnet.com/windows/screensavers-and-wallpaper/?tag=rb_content;main,screensavers-and-wallpaper,http://download.cnet.com/windows/wallpaper-editors-and-tools/,Wallpaper Editors & Tools,http://download.cnet.com/TyphoonWallpaper/3000-2019_4-10869414.html,TyphoonWallpaper,Version: 1, File size: 3.56MB ,Date added: July 31  2008,Price: Free ,Operating system: Windows NT/2000/XP/Vista,Total downloads: 1 980,Downloads last week: 3
http://download.cnet.com/windows/screensavers-and-wallpaper/?tag=rb_content;main,screensavers-and-wallpaper,http://download.cnet.com/windows/wallpaper-editors-and-tools/,Wallpaper Editors & Tools,http://download.cnet.com/Wallpaper-Cam/3000-2019_4-10767153.html,Wallpaper Cam,Version: 1.0.2, File size: 1.09MB ,Date added: November 09  2007,Price: Free to try (5-day trial); $19.95 to buy ,Operating system: Windows 95/NT/98/Me/2000/XP/Vista,Total downloads: 991,Downloads last week: 3
http://download.cnet.com/windows/screensavers-and-wallpaper/?tag=rb_content;main,screensavers-and-wallpaper,http://download.cnet.com/windows/wallpaper-editors-and-tools/,Wallpaper Editors & Tools,http://download.cnet.com/WallMagician/3000-2019_4-75605092.html,WallMagician,Version: 1.0, File size: 1.06MB ,Date added: October 26  2011,Price: Free ,Operating system: Windows NT/98/Me/2000/XP/2003/Vista/7,Total downloads: 537,Downloads last week: 3
http://download.cnet.com/windows/screensavers-and-wallpaper/?tag=rb_content;main,screensavers-and-wallpaper,http://download.cnet.com/windows/wallpaper-editors-and-tools/,Wallpaper Editors & Tools,http://download.cnet.com/MCP-VLC-Player-Background-Changer/3000-2019_4-75894154.html,MCP VLC Player Background Changer,Version: 1.1, File size: 296.25K ,Date added: April 01  2013,Price: Free ,Operating system: Windows Vista/Server 2008/7/8,Total downloads: 161,Downloads last week: 3
http://download.cnet.com/windows/screensavers-and-wallpaper/?tag=rb_content;main,screensavers-and-wallpaper,http://download.cnet.com/windows/wallpaper-editors-and-tools/,Wallpaper Editors & Tools,http://download.cnet.com/Background-Boss/3000-2019_4-10336134.html,Background Boss,Version: 2, File size: 2.82MB ,Date added: June 06  2006,Price: Free to try (30-day trial); $14.95 to buy (Buy it now) ,Operating system: Windows 98/Me/2000/XP,Total downloads: 3 921,Downloads last week: 3
http://download.cnet.com/windows/screensavers-and-wallpaper/?tag=rb_content;main,screensavers-and-wallpaper,http://download.cnet.com/windows/wallpaper-editors-and-tools/,Wallpaper Editors & Tools,http://download.cnet.com/100dof-Wallpaper-Rotator/3000-2019_4-10789595.html,100dof Wallpaper Rotator,Version: 1.5, File size: 882.11K ,Date added: April 10  2012,Price: Free ,Operating system: Windows NT/98/Me/2000/XP/Vista/7,Total downloads: 4 945,Downloads last week: 3
http://download.cnet.com/windows/screensavers-and-wallpaper/?tag=rb_content;main,screensavers-and-wallpaper,http://download.cnet.com/windows/wallpaper-editors-and-tools/,Wallpaper Editors & Tools,http://download.cnet.com/Flash-Wallpaper-Maker/3000-2019_4-10513655.html,Flash Wallpaper Maker,Version: 2.07, File size: 995.51K ,Date added: March 24  2010,Price: Free to try (15-day trial); $29.95 to buy ,Operating system: Windows 95/NT/98/Me/2000/XP,Total downloads: 11 266,Downloads last week: 3
http://download.cnet.com/windows/screensavers-and-wallpaper/?tag=rb_content;main,screensavers-and-wallpaper,http://download.cnet.com/windows/wallpaper-editors-and-tools/,Wallpaper Editors & Tools,http://download.cnet.com/ABs-Wallpaper-Tray/3000-2019_4-10469025.html,ABs Wallpaper Tray,Version: 1.7, File size: 1.01MB ,Date added: May 14  2007,Price: Free ,Operating system: Windows 98/Me/2000/XP,Total downloads: 17 367,Downloads last week: 3
http://download.cnet.com/windows/screensavers-and-wallpaper/?tag=rb_content;main,screensavers-and-wallpaper,http://download.cnet.com/windows/wallpaper-editors-and-tools/,Wallpaper Editors & Tools,http://download.cnet.com/Wallpaper-Change-Scheduler/3000-2019_4-75824428.html,Wallpaper Change Scheduler,Version: 1.0, File size: 849K ,Date added: December 13  2012,Price: Free ,Operating system: Windows XP/Vista/7/8,Total downloads: 65,Downloads last week: 3
http://download.cnet.com/windows/screensavers-and-wallpaper/?tag=rb_content;main,screensavers-and-wallpaper,http://download.cnet.com/windows/wallpaper-editors-and-tools/,Wallpaper Editors & Tools,http://download.cnet.com/Stardust-Wallpaper-Packager-2003/3000-2019_4-10217558.html,Stardust Wallpaper Packager 2003,Version: 1.0.0.5, File size: 918.29K ,Date added: July 31  2003,Price: Free to try (10-day trial); $19.00 to buy ,Operating system: Windows 95/NT/98/Me/2000/XP,Total downloads: 7 090,Downloads last week: 3
http://download.cnet.com/windows/screensavers-and-wallpaper/?tag=rb_content;main,screensavers-and-wallpaper,http://download.cnet.com/windows/wallpaper-editors-and-tools/,Wallpaper Editors & Tools,http://download.cnet.com/WallpaperCuts/3000-2019_4-10725383.html,WallpaperCuts,Version: 1, File size: 1.15MB ,Date added: October 01  2007,Price: Free to try (Registration required after trial); $5.49 to buy (Buy it now) ,Operating system: Windows NT/98/Me/2000/XP/Vista,Total downloads: 596,Downloads last week: 1
http://download.cnet.com/windows/screensavers-and-wallpaper/?tag=rb_content;main,screensavers-and-wallpaper,http://download.cnet.com/windows/wallpaper-editors-and-tools/,Wallpaper Editors & Tools,http://download.cnet.com/Interactive-Desktop-Wallpaper-Changer/3000-2019_4-10900099.html,Interactive Desktop Wallpaper Changer,Version: 1.0.01, File size: 109.41K ,Date added: October 30  2008,Price: Free ,Operating system: Windows NT/98/Me/2000/XP,Total downloads: 1 964,Downloads last week: 2
http://download.cnet.com/windows/screensavers-and-wallpaper/?tag=rb_content;main,screensavers-and-wallpaper,http://download.cnet.com/windows/wallpaper-editors-and-tools/,Wallpaper Editors & Tools,http://download.cnet.com/Wallpaper-Magic/3000-2019_4-10015641.html,Wallpaper Magic,Version: 2.5, File size: 2.31MB ,Date added: March 26  2004,Price: Free to try (15-picture limit); $19.00 to buy ,Operating system: Windows 95/NT/98/Me/2000/XP,Total downloads: 35 118,Downloads last week: 2
http://download.cnet.com/windows/screensavers-and-wallpaper/?tag=rb_content;main,screensavers-and-wallpaper,http://download.cnet.com/windows/wallpaper-editors-and-tools/,Wallpaper Editors & Tools,http://download.cnet.com/3-D-Wallpaper-PRO/3000-2019_4-75451256.html,3-D Wallpaper PRO,Version: 1.0.9300.72, File size: 6.84MB ,Date added: September 26  2011,Price: Free to try (10-day trial); $9.95 to buy (Buy it now) ,Operating system: Windows 7,Total downloads: 360,Downloads last week: 2
http://download.cnet.com/windows/screensavers-and-wallpaper/?tag=rb_content;main,screensavers-and-wallpaper,http://download.cnet.com/windows/wallpaper-editors-and-tools/,Wallpaper Editors & Tools,http://download.cnet.com/STRAYK/3000-2019_4-10525902.html,STRAYK,Version: 2.1, File size: 1.66MB ,Date added: December 04  2007,Price: Free ,Operating system: Windows NT/98/Me/2000/XP,Total downloads: 6 952,Downloads last week: 2
http://download.cnet.com/windows/screensavers-and-wallpaper/?tag=rb_content;main,screensavers-and-wallpaper,http://download.cnet.com/windows/wallpaper-editors-and-tools/,Wallpaper Editors & Tools,http://download.cnet.com/PhotoStacker/3000-2019_4-10871236.html,PhotoStacker,Version: 2, File size: 1.5MB ,Date added: August 12  2008,Price: Free to try (14-day); $14.99 to buy ,Operating system: Windows 2000/XP/Vista,Total downloads: 752,Downloads last week: 2
http://download.cnet.com/windows/screensavers-and-wallpaper/?tag=rb_content;main,screensavers-and-wallpaper,http://download.cnet.com/windows/wallpaper-editors-and-tools/,Wallpaper Editors & Tools,http://download.cnet.com/abylon-LOGON-WALLPAPER-CHANGER/3000-2019_4-75828092.html,abylon LOGON-WALLPAPER-CHANGER,Version: 2013, File size: 16.28MB ,Date added: December 21  2012,Price: Free to try (30-day trial) ,Operating system: Windows 2000/XP/Vista/7/8,Total downloads: 115,Downloads last week: 2
http://download.cnet.com/windows/screensavers-and-wallpaper/?tag=rb_content;main,screensavers-and-wallpaper,http://download.cnet.com/windows/wallpaper-editors-and-tools/,Wallpaper Editors & Tools,http://download.cnet.com/WallpaperSpinner/3000-2019_4-10535891.html,WallpaperSpinner,Version: 2, File size: 920.47K ,Date added: October 25  2006,Price: Free ,Operating system: Windows 95/NT/98/Me/2000/XP,Total downloads: 6 584,Downloads last week: 3
http://download.cnet.com/windows/screensavers-and-wallpaper/?tag=rb_content;main,screensavers-and-wallpaper,http://download.cnet.com/windows/wallpaper-editors-and-tools/,Wallpaper Editors & Tools,http://download.cnet.com/SphereXP/3000-2019_4-10767135.html,SphereXP,Version: 1.4.10, File size: 7.11MB ,Date added: May 13  2009,Price: Free ,Operating system: Windows XP/Vista/7,Total downloads: 2 860,Downloads last week: 2
http://download.cnet.com/windows/screensavers-and-wallpaper/?tag=rb_content;main,screensavers-and-wallpaper,http://download.cnet.com/windows/wallpaper-editors-and-tools/,Wallpaper Editors & Tools,http://download.cnet.com/Wandigo/3000-2019_4-75964400.html,Wandigo,Version: 1.1, File size: 522K ,Date added: July 24  2013,Price: Free ,Operating system: Windows XP/Vista/7/8,Total downloads: 37,Downloads last week: 2
http://download.cnet.com/windows/screensavers-and-wallpaper/?tag=rb_content;main,screensavers-and-wallpaper,http://download.cnet.com/windows/wallpaper-editors-and-tools/,Wallpaper Editors & Tools,http://download.cnet.com/Advanced-Wallpaper-Changer/3000-2019_4-10599323.html,Advanced Wallpaper Changer,Version: 2.1, File size: 592.81K ,Date added: November 10  2006,Price: Free ,Operating system: Windows NT/98/Me/2000/XP,Total downloads: 3 612,Downloads last week: 2
http://download.cnet.com/windows/screensavers-and-wallpaper/?tag=rb_content;main,screensavers-and-wallpaper,http://download.cnet.com/windows/wallpaper-editors-and-tools/,Wallpaper Editors & Tools,http://download.cnet.com/Wallpaper-Magic/3000-2019_4-10015641.html,Wallpaper Magic,Version: 2.5, File size: 2.31MB ,Date added: March 26  2004,Price: Free to try (15-picture limit); $19.00 to buy ,Operating system: Windows 95/NT/98/Me/2000/XP,Total downloads: 35 118,Downloads last week: 2
http://download.cnet.com/windows/screensavers-and-wallpaper/?tag=rb_content;main,screensavers-and-wallpaper,http://download.cnet.com/windows/wallpaper-editors-and-tools/,Wallpaper Editors & Tools,http://download.cnet.com/100dof-Wallpaper-Rotator-Portable/3000-2019_4-75923465.html,100dof Wallpaper Rotator Portable,Version: 1.5, File size: 724.14K ,Date added: June 04  2013,Price: Free ,Operating system: Windows 2000/XP/Vista/7,Total downloads: 56,Downloads last week: 2
http://download.cnet.com/windows/screensavers-and-wallpaper/?tag=rb_content;main,screensavers-and-wallpaper,http://download.cnet.com/windows/wallpaper-editors-and-tools/,Wallpaper Editors & Tools,http://download.cnet.com/Wallpaper-Photo-Show/3000-2019_4-10433051.html,Wallpaper Photo Show,Version: 1.1, File size: 2.44MB ,Date added: September 20  2005,Price: Free to try; $19.95 to buy (Buy it now) ,Operating system: Windows 95/NT/98/Me/2000/XP,Total downloads: 2 155,Downloads last week: 2
http://download.cnet.com/windows/screensavers-and-wallpaper/?tag=rb_content;main,screensavers-and-wallpaper,http://download.cnet.com/windows/wallpaper-editors-and-tools/,Wallpaper Editors & Tools,http://download.cnet.com/Flash2X-Wallpaper-Maker/3000-2019_4-10392581.html,Flash2X Wallpaper Maker,Version: 3.0, File size: 868.82K ,Date added: September 11  2008,Price: Free to try (7-day trail); $29.95 to buy (Buy it now) ,Operating system: Windows 95/NT/98/Me/2000/XP/Vista,Total downloads: 5 036,Downloads last week: 2
http://download.cnet.com/windows/screensavers-and-wallpaper/?tag=rb_content;main,screensavers-and-wallpaper,http://download.cnet.com/windows/wallpaper-editors-and-tools/,Wallpaper Editors & Tools,http://download.cnet.com/PaperQuote/3000-2019_4-10038607.html,PaperQuote,Version: '01, File size: 1MB ,Date added: May 24  2001,Price: Free ,Operating system: Windows 95/NT/98/2000/XP,Total downloads: 49 898,Downloads last week: 2
http://download.cnet.com/windows/screensavers-and-wallpaper/?tag=rb_content;main,screensavers-and-wallpaper,http://download.cnet.com/windows/wallpaper-editors-and-tools/,Wallpaper Editors & Tools,http://download.cnet.com/Wallpaper-Desktop-Calendar-Living-Gallery/3000-2019_4-10536600.html,Wallpaper Desktop Calendar Living Gallery,Version: 1.5, File size: 3.25MB ,Date added: May 17  2006,Price: Free to try (30-day trial); $8.99 to buy ,Operating system: Windows 2000/XP,Total downloads: 4 685,Downloads last week: 2
http://download.cnet.com/windows/screensavers-and-wallpaper/?tag=rb_content;main,screensavers-and-wallpaper,http://download.cnet.com/windows/wallpaper-editors-and-tools/,Wallpaper Editors & Tools,http://download.cnet.com/Magic-Wallpaper/3000-2019_4-10431956.html,Magic Wallpaper,Version: 5.2, File size: 409.93K ,Date added: August 31  2005,Price: Free ,Operating system: Windows 98/Me/2000/XP,Total downloads: 47 399,Downloads last week: 2
http://download.cnet.com/windows/screensavers-and-wallpaper/?tag=rb_content;main,screensavers-and-wallpaper,http://download.cnet.com/windows/wallpaper-editors-and-tools/,Wallpaper Editors & Tools,http://download.cnet.com/Gaia-Wallpaper-Desktop/3000-2019_4-10619792.html,Gaia Wallpaper Desktop,Version: 1.21, File size: 3.99MB ,Date added: November 28  2007,Price: Free ,Operating system: Windows 2000/XP/Vista,Total downloads: 4 358,Downloads last week: 2
http://download.cnet.com/windows/screensavers-and-wallpaper/?tag=rb_content;main,screensavers-and-wallpaper,http://download.cnet.com/windows/wallpaper-editors-and-tools/,Wallpaper Editors & Tools,http://download.cnet.com/Automatic-Wallpaper-Changer-Software/3000-2019_4-75915568.html,Automatic Wallpaper Changer Software,Version: 7.0, File size: 9.12MB ,Date added: May 29  2013,Price: Free to try (Nag screen  limited functionality); $4.99 to buy (Buy it now) ,Operating system: Windows NT/98/Me/2000/XP/2003/Vista/Server 2008/7/8,Total downloads: 108,Downloads last week: 2
http://download.cnet.com/windows/screensavers-and-wallpaper/?tag=rb_content;main,screensavers-and-wallpaper,http://download.cnet.com/windows/wallpaper-editors-and-tools/,Wallpaper Editors & Tools,http://download.cnet.com/Winpix/3000-2019_4-10221775.html,Winpix,Version: 1.0, File size: 2.44MB ,Date added: August 25  2003,Price: Free to try; $10.00 to buy ,Operating system: Windows NT/98/Me/2000/XP,Total downloads: 17 059,Downloads last week: 2
http://download.cnet.com/windows/screensavers-and-wallpaper/?tag=rb_content;main,screensavers-and-wallpaper,http://download.cnet.com/windows/wallpaper-editors-and-tools/,Wallpaper Editors & Tools,http://download.cnet.com/Wallpaper-Positioner/3000-2019_4-10062592.html,Wallpaper Positioner,Version: 1.2, File size: 2.76MB ,Date added: August 20  2001,Price: Free ,Operating system: Windows NT/2000,Total downloads: 14 337,Downloads last week: 2
http://download.cnet.com/windows/screensavers-and-wallpaper/?tag=rb_content;main,screensavers-and-wallpaper,http://download.cnet.com/windows/wallpaper-editors-and-tools/,Wallpaper Editors & Tools,http://download.cnet.com/Fractal-Wallpaper/3000-2019_4-10311965.html,Fractal Wallpaper,Version: 1.1, File size: 427.63K ,Date added: October 07  2005,Price: Free ,Operating system: Windows 95/NT/98/Me/2000/XP,Total downloads: 23 821,Downloads last week: 2
http://download.cnet.com/windows/screensavers-and-wallpaper/?tag=rb_content;main,screensavers-and-wallpaper,http://download.cnet.com/windows/wallpaper-editors-and-tools/,Wallpaper Editors & Tools,http://download.cnet.com/Alaman-Wallpaper/3000-2019_4-10457410.html,Alaman Wallpaper,Version: 1.07, File size: 558.19K ,Date added: November 22  2005,Price: Free ,Operating system: Windows NT/98/Me/2000/XP,Total downloads: 1 363,Downloads last week: 1
http://download.cnet.com/windows/screensavers-and-wallpaper/?tag=rb_content;main,screensavers-and-wallpaper,http://download.cnet.com/windows/wallpaper-editors-and-tools/,Wallpaper Editors & Tools,http://download.cnet.com/Wallpaper-Deluxe/3000-2019_4-10784924.html,Wallpaper Deluxe,Version: 1.1, File size: 52.7MB ,Date added: January 25  2008,Price: Free to try (Nag screen); $9.95 to buy ,Operating system: Windows 2000/XP/Vista,Total downloads: 1 861,Downloads last week: 1
http://download.cnet.com/windows/screensavers-and-wallpaper/?tag=rb_content;main,screensavers-and-wallpaper,http://download.cnet.com/windows/wallpaper-editors-and-tools/,Wallpaper Editors & Tools,http://download.cnet.com/DeskoverX/3000-2019_4-10538573.html,DeskoverX,Version: 1.2, File size: 35.13MB ,Date added: July 19  2006,Price: Free to try (14-day trial); $24.95 to buy (Buy it now) ,Operating system: Windows XP,Total downloads: 3 464,Downloads last week: 1
http://download.cnet.com/windows/screensavers-and-wallpaper/?tag=rb_content;main,screensavers-and-wallpaper,http://download.cnet.com/windows/wallpaper-editors-and-tools/,Wallpaper Editors & Tools,http://download.cnet.com/WebPaper/3000-2019_4-10619463.html,WebPaper,Version: 1.01, File size: 1.13MB ,Date added: December 26  2006,Price: Free to try (10-day trial); $14.95 to buy ,Operating system: Windows 98/2000/XP/Vista/7,Total downloads: 881,Downloads last week: 2
http://download.cnet.com/windows/screensavers-and-wallpaper/?tag=rb_content;main,screensavers-and-wallpaper,http://download.cnet.com/windows/wallpaper-editors-and-tools/,Wallpaper Editors & Tools,http://download.cnet.com/yhWallpaper-Changer/3000-2019_4-10722220.html,yhWallpaper Changer,Version: 1, File size: 396.82K ,Date added: September 18  2007,Price: Free ,Operating system: Windows 95/NT/98/Me/2000/XP/Vista,Total downloads: 953,Downloads last week: 1
http://download.cnet.com/windows/screensavers-and-wallpaper/?tag=rb_content;main,screensavers-and-wallpaper,http://download.cnet.com/windows/wallpaper-editors-and-tools/,Wallpaper Editors & Tools,http://download.cnet.com/PictureShare-net/3000-2019_4-10221975.html,PictureShare.net,Version: 4.0, File size: 3.97MB ,Date added: January 28  2005,Price: Free to try (30-day and 20-image trial); $19.95 to buy ,Operating system: Windows 98/Me/2000/XP,Total downloads: 28 724,Downloads last week: 1
http://download.cnet.com/windows/screensavers-and-wallpaper/?tag=rb_content;main,screensavers-and-wallpaper,http://download.cnet.com/windows/wallpaper-editors-and-tools/,Wallpaper Editors & Tools,http://download.cnet.com/Sundo-Wallpaper-Changer/3000-2019_4-10380030.html,Sundo Wallpaper Changer,Version: 1, File size: 238.53K ,Date added: May 30  2005,Price: Free ,Operating system: Windows 98/XP,Total downloads: 3 963,Downloads last week: 1
http://download.cnet.com/windows/screensavers-and-wallpaper/?tag=rb_content;main,screensavers-and-wallpaper,http://download.cnet.com/windows/wallpaper-editors-and-tools/,Wallpaper Editors & Tools,http://download.cnet.com/LoONeYBackgrounds/3000-2019_4-10473375.html,LoONeYBackgrounds,Version: 1.1, File size: 340K ,Date added: January 12  2006,Price: Free ,Operating system: Windows 2000/XP,Total downloads: 1 622,Downloads last week: 1
http://download.cnet.com/windows/screensavers-and-wallpaper/?tag=rb_content;main,screensavers-and-wallpaper,http://download.cnet.com/windows/wallpaper-editors-and-tools/,Wallpaper Editors & Tools,http://download.cnet.com/LikecanViewer/3000-2019_4-10662791.html,LikecanViewer,Version: 20070411, File size: 316.43K ,Date added: April 26  2007,Price: Free ,Operating system: Windows 95/NT/98/Me/2000/XP/Vista,Total downloads: 288,Downloads last week: 1
http://download.cnet.com/windows/screensavers-and-wallpaper/?tag=rb_content;main,screensavers-and-wallpaper,http://download.cnet.com/windows/wallpaper-editors-and-tools/,Wallpaper Editors & Tools,http://download.cnet.com/Artist/3000-2019_4-10063474.html,Artist,Version: 1, File size: 502.32K ,Date added: November 08  2005,Price: Free to try (Text on generated wallpaper); $23.00 to buy ,Operating system: Windows 95/98/Me/2000,Total downloads: 5 330,Downloads last week: 1
http://download.cnet.com/windows/screensavers-and-wallpaper/?tag=rb_content;main,screensavers-and-wallpaper,http://download.cnet.com/windows/wallpaper-editors-and-tools/,Wallpaper Editors & Tools,http://download.cnet.com/WebtoWall/3000-2019_4-10759211.html,WebtoWall,Version: 1.0.0.52, File size: 1.28MB ,Date added: October 23  2007,Price: Free ,Operating system: Windows 95/NT/98/Me/2000/XP/Vista,Total downloads: 619,Downloads last week: 1
http://download.cnet.com/windows/screensavers-and-wallpaper/?tag=rb_content;main,screensavers-and-wallpaper,http://download.cnet.com/windows/wallpaper-editors-and-tools/,Wallpaper Editors & Tools,http://download.cnet.com/PaperSelect/3000-2019_4-75184115.html,PaperSelect,Version: 2.0, File size: 812.77K ,Date added: September 07  2009,Price: Free ,Operating system: Windows 2000/XP/2003/Vista/7,Total downloads: 45,Downloads last week: 1
http://download.cnet.com/windows/screensavers-and-wallpaper/?tag=rb_content;main,screensavers-and-wallpaper,http://download.cnet.com/windows/wallpaper-editors-and-tools/,Wallpaper Editors & Tools,http://download.cnet.com/ChronoWall-32-bit/3000-2019_4-75838929.html,ChronoWall (32-bit),Version: 2.0, File size: 34.35MB ,Date added: January 07  2013,Price: Free to try (30-day trial); $11.99 to buy ,Operating system: Windows XP/Vista/7,Total downloads: 26,Downloads last week: 1
http://download.cnet.com/windows/screensavers-and-wallpaper/?tag=rb_content;main,screensavers-and-wallpaper,http://download.cnet.com/windows/wallpaper-editors-and-tools/,Wallpaper Editors & Tools,http://download.cnet.com/ChangeIT/3000-2019_4-75692314.html,ChangeIT,Version: 2.0.2, File size: 419.45K ,Date added: April 10  2012,Price: Free to try (Program will place a watermark on random wallpaper (nag)); $9.99 to buy (Buy it now) ,Operating system: Windows XP/2003/Vista/7,Total downloads: 40,Downloads last week: 1
http://download.cnet.com/windows/screensavers-and-wallpaper/?tag=rb_content;main,screensavers-and-wallpaper,http://download.cnet.com/windows/wallpaper-editors-and-tools/,Wallpaper Editors & Tools,http://download.cnet.com/WallGen/3000-2019_4-10281032.html,WallGen,Version: 1.0, File size: 245.63K ,Date added: April 08  2004,Price: Free to try (Watermark on wallpaper); $29.95 to buy ,Operating system: Windows 95/NT/98/Me/2000/XP,Total downloads: 2 807,Downloads last week: 1
http://download.cnet.com/windows/screensavers-and-wallpaper/?tag=rb_content;main,screensavers-and-wallpaper,http://download.cnet.com/windows/wallpaper-editors-and-tools/,Wallpaper Editors & Tools,http://download.cnet.com/Backslider/3000-2019_4-10881629.html,Backslider,Version: 1, File size: 220K ,Date added: September 09  2008,Price: Free ,Operating system: Windows XP/Vista,Total downloads: 127,Downloads last week: 1
http://download.cnet.com/windows/screensavers-and-wallpaper/?tag=rb_content;main,screensavers-and-wallpaper,http://download.cnet.com/windows/wallpaper-editors-and-tools/,Wallpaper Editors & Tools,http://download.cnet.com/DeskDeco/3000-2019_4-75738180.html,DeskDeco,Version: 2.1, File size: 587.61K ,Date added: June 20  2012,Price: Free ,Operating system: Windows XP/2003/Vista/Server 2008/7,Total downloads: 38,Downloads last week: 1
http://download.cnet.com/windows/screensavers-and-wallpaper/?tag=rb_content;main,screensavers-and-wallpaper,http://download.cnet.com/windows/wallpaper-editors-and-tools/,Wallpaper Editors & Tools,http://download.cnet.com/AIV-Wallpaper-Changer/3000-2019_4-10724240.html,AIV Wallpaper Changer,Version: 1.1, File size: 3.07MB ,Date added: September 24  2007,Price: Free ,Operating system: Windows 2000/XP/Vista,Total downloads: 1 841,Downloads last week: 2
http://download.cnet.com/windows/screensavers-and-wallpaper/?tag=rb_content;main,screensavers-and-wallpaper,http://download.cnet.com/windows/wallpaper-editors-and-tools/,Wallpaper Editors & Tools,http://download.cnet.com/Moonlight-Cyclone/3000-2019_4-10969426.html,Moonlight Cyclone,Version: 1.3.2, File size: 470.5K ,Date added: September 29  2009,Price: Free ,Operating system: Windows 98/Me/2000/XP/Vista/7,Total downloads: 209,Downloads last week: 1
http://download.cnet.com/windows/screensavers-and-wallpaper/?tag=rb_content;main,screensavers-and-wallpaper,http://download.cnet.com/windows/wallpaper-editors-and-tools/,Wallpaper Editors & Tools,http://download.cnet.com/WallSort/3000-2019_4-75807192.html,WallSort,Version: 1.01, File size: 57.68K ,Date added: November 09  2012,Price: Free ,Operating system: Windows XP/Vista/7,Total downloads: 21,Downloads last week: 1
http://download.cnet.com/windows/screensavers-and-wallpaper/?tag=rb_content;main,screensavers-and-wallpaper,http://download.cnet.com/windows/wallpaper-editors-and-tools/,Wallpaper Editors & Tools,http://download.cnet.com/ALTools-Xmas-Desktop-Wallpaper/3000-2019_4-10907939.html,ALTools Xmas Desktop Wallpaper,Version: 2008, File size: 5.95MB ,Date added: February 12  2009,Price: Free ,Operating system: Windows 3.x/95/NT/98/Me/2000/XP/2003/Vista/Server 2008,Total downloads: 232,Downloads last week: 1
http://download.cnet.com/windows/screensavers-and-wallpaper/?tag=rb_content;main,screensavers-and-wallpaper,http://download.cnet.com/windows/wallpaper-editors-and-tools/,Wallpaper Editors & Tools,http://download.cnet.com/Wallpaper-Mate/3000-2019_4-10332813.html,Wallpaper Mate,Version: 1.07, File size: 866.67K ,Date added: October 12  2005,Price: Free to try (10-day trial); $9.45 to buy (Buy it now) ,Operating system: Windows 95/98/Me/2000/XP,Total downloads: 7 265,Downloads last week: 1
http://download.cnet.com/windows/screensavers-and-wallpaper/?tag=rb_content;main,screensavers-and-wallpaper,http://download.cnet.com/windows/wallpaper-editors-and-tools/,Wallpaper Editors & Tools,http://download.cnet.com/Wallpaper-Scout/3000-2019_4-10386962.html,Wallpaper Scout,Version: 1.51, File size: 5.47MB ,Date added: January 30  2007,Price: Free to try (Reminder message); $29.00 to buy ,Operating system: Windows 95/NT/98/Me/2000/XP,Total downloads: 2 783,Downloads last week: 1
http://download.cnet.com/windows/screensavers-and-wallpaper/?tag=rb_content;main,screensavers-and-wallpaper,http://download.cnet.com/windows/wallpaper-editors-and-tools/,Wallpaper Editors & Tools,http://download.cnet.com/WallPanorama/3000-2019_4-75000151.html,WallPanorama,Version: 1.0, File size: 4.6MB ,Date added: December 09  2009,Price: Free to try (Some feathers disabled); $14.95 to buy (Buy it now) ,Operating system: Windows 2000/XP/2003/Vista/Server 2008/7,Total downloads: 80,Downloads last week: 1
http://download.cnet.com/windows/screensavers-and-wallpaper/?tag=rb_content;main,screensavers-and-wallpaper,http://download.cnet.com/windows/wallpaper-editors-and-tools/,Wallpaper Editors & Tools,http://download.cnet.com/Wallpaper-Boot-Master/3000-2019_4-10513876.html,Wallpaper Boot Master,Version: 2.2.6 DEMO, File size: 873.74K ,Date added: March 31  2006,Price: Free to try (See description); $5.00 to buy ,Operating system: Windows 98/Me/XP,Total downloads: 804,Downloads last week: 1
http://download.cnet.com/windows/screensavers-and-wallpaper/?tag=rb_content;main,screensavers-and-wallpaper,http://download.cnet.com/windows/wallpaper-editors-and-tools/,Wallpaper Editors & Tools,http://download.cnet.com/Cosmic-Scenes/3000-2019_4-10387833.html,Cosmic Scenes,Version: 2.3, File size: 753.05K ,Date added: March 29  2006,Price: Free to try (Logo overlay); $16.95 to buy (Buy it now) ,Operating system: Windows 95/NT/98/Me/2000/XP,Total downloads: 3 617,Downloads last week: 1
http://download.cnet.com/windows/screensavers-and-wallpaper/?tag=rb_content;main,screensavers-and-wallpaper,http://download.cnet.com/windows/wallpaper-editors-and-tools/,Wallpaper Editors & Tools,http://download.cnet.com/Vicktor-Desktop-Changer/3000-2019_4-75765051.html,Vicktor Desktop Changer,Version: 2012.9.17.32, File size: 1.84MB ,Date added: September 18  2012,Price: Free ,Operating system: Windows XP/Vista/7,Total downloads: 88,Downloads last week: 1
http://download.cnet.com/windows/screensavers-and-wallpaper/?tag=rb_content;main,screensavers-and-wallpaper,http://download.cnet.com/windows/wallpaper-editors-and-tools/,Wallpaper Editors & Tools,http://download.cnet.com/WallSwitch/3000-2019_4-75954673.html,WallSwitch,Version: 1.2.3, File size: 354.63K ,Date added: July 10  2013,Price: Free ,Operating system: Windows XP/Vista/7,Total downloads: 3,Downloads last week: 1
http://download.cnet.com/windows/screensavers-and-wallpaper/?tag=rb_content;main,screensavers-and-wallpaper,http://download.cnet.com/windows/wallpaper-editors-and-tools/,Wallpaper Editors & Tools,http://download.cnet.com/Fighting-Dragons/3000-2019_4-75145944.html,Fighting Dragons,Version: 1.0, File size: 5.57MB ,Date added: February 15  2010,Price: Free ,Operating system: Windows 95/98/Me/XP/Vista/7,Total downloads: 219,Downloads last week: 1
http://download.cnet.com/windows/screensavers-and-wallpaper/?tag=rb_content;main,screensavers-and-wallpaper,http://download.cnet.com/windows/wallpaper-editors-and-tools/,Wallpaper Editors & Tools,http://download.cnet.com/JAWS-Just-Another-Wallpaper-Switcher/3000-2019_4-10913113.html,JAWS: Just Another Wallpaper Switcher,Version: 1.0.1, File size: 361.5K ,Date added: April 16  2009,Price: Free ,Operating system: Windows XP/Vista,Total downloads: 169,Downloads last week: 1
http://download.cnet.com/windows/screensavers-and-wallpaper/?tag=rb_content;main,screensavers-and-wallpaper,http://download.cnet.com/windows/wallpaper-editors-and-tools/,Wallpaper Editors & Tools,http://download.cnet.com/Magic-Affirmations/3000-2019_4-10964609.html,Magic Affirmations,Version: 1.0, File size: 1 018.25K ,Date added: August 03  2009,Price: Free to try (20-day trial); $29.00 to buy (Buy it now) ,Operating system: Windows XP/Vista,Total downloads: 103,Downloads last week: 1
http://download.cnet.com/windows/screensavers-and-wallpaper/?tag=rb_content;main,screensavers-and-wallpaper,http://download.cnet.com/windows/wallpaper-editors-and-tools/,Wallpaper Editors & Tools,http://download.cnet.com/Easy-piCut/3000-2019_4-10608730.html,Easy piCut,Version: 1.18, File size: 902.62K ,Date added: December 07  2006,Price: Free to try (Unregistered tag and reminder window); $14.95 to buy (Buy it now) ,Operating system: Windows 98/Me/2000/XP,Total downloads: 819,Downloads last week: 1
http://download.cnet.com/windows/screensavers-and-wallpaper/?tag=rb_content;main,screensavers-and-wallpaper,http://download.cnet.com/windows/wallpaper-editors-and-tools/,Wallpaper Editors & Tools,http://download.cnet.com/Chaper/3000-2019_4-10578677.html,Chaper,Version: 3, File size: 1.06MB ,Date added: March 14  2007,Price: Free to try (30-day trial); $19.95 to buy (Buy it now) ,Operating system: Windows 2000/XP,Total downloads: 419,Downloads last week: 1
http://download.cnet.com/windows/screensavers-and-wallpaper/?tag=rb_content;main,screensavers-and-wallpaper,http://download.cnet.com/windows/wallpaper-editors-and-tools/,Wallpaper Editors & Tools,http://download.cnet.com/Ducklet-DeskPhoto/3000-2019_4-10566996.html,Ducklet DeskPhoto,Version: 1.1, File size: 1.4MB ,Date added: October 04  2006,Price: Free to try (15-day trial); $19.95 to buy (Buy it now) ,Operating system: Windows XP/Vista,Total downloads: 846,Downloads last week: 1
http://download.cnet.com/windows/screensavers-and-wallpaper/?tag=rb_content;main,screensavers-and-wallpaper,http://download.cnet.com/windows/wallpaper-editors-and-tools/,Wallpaper Editors & Tools,http://download.cnet.com/Network-Wallpaper-Switch/3000-2019_4-10684618.html,Network Wallpaper Switch,Version: 1, File size: 335.31K ,Date added: June 06  2007,Price: Free to try (50-use trial); $14.95 to buy (Buy it now) ,Operating system: Windows 2000/XP,Total downloads: 459,Downloads last week: 1
http://download.cnet.com/windows/screensavers-and-wallpaper/?tag=rb_content;main,screensavers-and-wallpaper,http://download.cnet.com/windows/wallpaper-editors-and-tools/,Wallpaper Editors & Tools,http://download.cnet.com/Screensaver-Disabled/3000-2019_4-75932454.html,Screensaver Disabled,Version: 1.5, File size: 128.4K ,Date added: June 10  2013,Price: Free ,Operating system: Windows XP/Vista/7,Total downloads: 49,Downloads last week: 1
http://download.cnet.com/windows/screensavers-and-wallpaper/?tag=rb_content;main,screensavers-and-wallpaper,http://download.cnet.com/windows/wallpaper-editors-and-tools/,Wallpaper Editors & Tools,http://download.cnet.com/Wallpaper-Changer-NET/3000-2019_4-10912602.html,Wallpaper Changer .NET,Version: 1.2, File size: 72.49K ,Date added: April 09  2009,Price: Free ,Operating system: Windows 95/NT/98/Me/2000/XP/2003/Vista/Server 2008,Total downloads: 304,Downloads last week: 1
http://download.cnet.com/windows/screensavers-and-wallpaper/?tag=rb_content;main,screensavers-and-wallpaper,http://download.cnet.com/windows/wallpaper-editors-and-tools/,Wallpaper Editors & Tools,http://download.cnet.com/GWallChanger/3000-2019_4-10440636.html,GWallChanger,Version: 0.2, File size: 386.95K ,Date added: October 19  2005,Price: Free ,Operating system: Windows NT/98/Me/2000/XP,Total downloads: 2 355,Downloads last week: 1
http://download.cnet.com/windows/screensavers-and-wallpaper/?tag=rb_content;main,screensavers-and-wallpaper,http://download.cnet.com/windows/wallpaper-editors-and-tools/,Wallpaper Editors & Tools,http://download.cnet.com/Just-Wallpaper/3000-2019_4-10284418.html,Just Wallpaper,Version: 3.5, File size: 3.37MB ,Date added: October 24  2007,Price: Free to try (20-day trial); $14.95 to buy ,Operating system: Windows NT/98/Me/2000/XP,Total downloads: 6 714,Downloads last week: 1
http://download.cnet.com/windows/screensavers-and-wallpaper/?tag=rb_content;main,screensavers-and-wallpaper,http://download.cnet.com/windows/wallpaper-editors-and-tools/,Wallpaper Editors & Tools,http://download.cnet.com/MuralPix/3000-2019_4-10395048.html,MuralPix,Version: 1.07, File size: 3.79MB ,Date added: January 19  2007,Price: Free ,Operating system: Windows 98/Me/2000/XP,Total downloads: 2 532,Downloads last week: 1
http://download.cnet.com/windows/screensavers-and-wallpaper/?tag=rb_content;main,screensavers-and-wallpaper,http://download.cnet.com/windows/wallpaper-editors-and-tools/,Wallpaper Editors & Tools,http://download.cnet.com/Matters-of-Time/3000-2019_4-10423587.html,Matters of Time,Version: 1.0, File size: 2.45MB ,Date added: August 15  2005,Price: Free to try (30-day trial); $5.99 to buy ,Operating system: Windows 2000/XP,Total downloads: 2 368,Downloads last week: 1
http://download.cnet.com/windows/screensavers-and-wallpaper/?tag=rb_content;main,screensavers-and-wallpaper,http://download.cnet.com/windows/wallpaper-editors-and-tools/,Wallpaper Editors & Tools,http://download.cnet.com/ChronoWall-64-bit/3000-2019_4-75838932.html,ChronoWall (64-bit),Version: 2.0, File size: 35.12MB ,Date added: January 07  2013,Price: Free to try (30-day trial); $11.99 to buy ,Operating system: Windows XP/Vista/7,Total downloads: 47,Downloads last week: 1
http://download.cnet.com/windows/screensavers-and-wallpaper/?tag=rb_content;main,screensavers-and-wallpaper,http://download.cnet.com/windows/wallpaper-editors-and-tools/,Wallpaper Editors & Tools,http://download.cnet.com/Wallpaper-Sequencer-Lite/3000-2019_4-10401260.html,Wallpaper Sequencer Lite,Version: 4.5, File size: 4.01MB ,Date added: December 29  2005,Price: Free to try (60-day trial); $14.95 to buy (Buy it now) ,Operating system: Windows 95/NT/98/Me/2000/XP,Total downloads: 1 662,Downloads last week: 1
http://download.cnet.com/windows/screensavers-and-wallpaper/?tag=rb_content;main,screensavers-and-wallpaper,http://download.cnet.com/windows/wallpaper-editors-and-tools/,Wallpaper Editors & Tools,http://download.cnet.com/Wallpaper-XChange/3000-2019_4-75914695.html,Wallpaper XChange,Version: 0.3, File size: 3.3MB ,Date added: May 21  2013,Price: Free ,Operating system: Windows 2000/XP/Vista/7,Total downloads: 62,Downloads last week: 1
http://download.cnet.com/windows/screensavers-and-wallpaper/?tag=rb_content;main,screensavers-and-wallpaper,http://download.cnet.com/windows/wallpaper-editors-and-tools/,Wallpaper Editors & Tools,http://download.cnet.com/Merlin-Funnies/3000-2019_4-10065591.html,Merlin Funnies,Version: 3.0.4, File size: 752.14K ,Date added: November 26  2012,Price: Free to try (15-day trial); $9.95 to buy ,Operating system: Windows 95/98/Me/2000/XP/Vista,Total downloads: 1 766,Downloads last week: 1
http://download.cnet.com/windows/screensavers-and-wallpaper/?tag=rb_content;main,screensavers-and-wallpaper,http://download.cnet.com/windows/wallpaper-editors-and-tools/,Wallpaper Editors & Tools,http://download.cnet.com/UseFull-Backgrounder/3000-2019_4-75930839.html,UseFull Backgrounder,Version: 1.0, File size: 3.72MB ,Date added: June 06  2013,Price: Free ,Operating system: Windows 7/8,Total downloads: 45,Downloads last week: 1
http://download.cnet.com/windows/screensavers-and-wallpaper/?tag=rb_content;main,screensavers-and-wallpaper,http://download.cnet.com/windows/wallpaper-editors-and-tools/,Wallpaper Editors & Tools,http://download.cnet.com/Caledos-Wallpaper-Changer/3000-2019_4-10506555.html,Caledos Wallpaper Changer,Version: 4, File size: 188.55K ,Date added: March 13  2006,Price: Free ,Operating system: Windows 95/NT,Total downloads: 4 187,Downloads last week: 1
http://download.cnet.com/windows/screensavers-and-wallpaper/?tag=rb_content;main,screensavers-and-wallpaper,http://download.cnet.com/windows/wallpaper-editors-and-tools/,Wallpaper Editors & Tools,http://download.cnet.com/Auto-Wallpapers/3000-2019_4-10713100.html,Auto-Wallpapers,Version: 3.3, File size: 1.1MB ,Date added: February 07  2011,Price: Free to try (Some features disabled); $19.95 to buy ,Operating system: Windows 2000/XP/Vista/7,Total downloads: 2 929,Downloads last week: 1
http://download.cnet.com/windows/screensavers-and-wallpaper/?tag=rb_content;main,screensavers-and-wallpaper,http://download.cnet.com/windows/wallpaper-editors-and-tools/,Wallpaper Editors & Tools,http://download.cnet.com/Free-Wallpaper-Radar/3000-2019_4-10382251.html,Free Wallpaper Radar,Version: 2005, File size: 1.44MB ,Date added: May 30  2005,Price: Free to try (15-day trial); $19.95 to buy (Buy it now) ,Operating system: Windows NT/2000/XP,Total downloads: 5 287,Downloads last week: 1
http://download.cnet.com/windows/screensavers-and-wallpaper/?tag=rb_content;main,screensavers-and-wallpaper,http://download.cnet.com/windows/wallpaper-editors-and-tools/,Wallpaper Editors & Tools,http://download.cnet.com/Quick-Background-Note/3000-2019_4-10555609.html,Quick Background Note,Version: 1, File size: 401.1K ,Date added: July 21  2006,Price: Free to try (See description); $5.00 to buy ,Operating system: Windows XP,Total downloads: 1 323,Downloads last week: 1
http://download.cnet.com/windows/screensavers-and-wallpaper/?tag=rb_content;main,screensavers-and-wallpaper,http://download.cnet.com/windows/wallpaper-editors-and-tools/,Wallpaper Editors & Tools,http://download.cnet.com/WallPerformer/3000-2019_4-10770304.html,WallPerformer,Version: 2.1, File size: 5.36MB ,Date added: January 03  2008,Price: Free ,Operating system: Windows NT/98/Me/2000/XP/Vista,Total downloads: 2 871,Downloads last week: 1
http://download.cnet.com/windows/screensavers-and-wallpaper/?tag=rb_content;main,screensavers-and-wallpaper,http://download.cnet.com/windows/wallpaper-editors-and-tools/,Wallpaper Editors & Tools,http://download.cnet.com/Ccy-Wallpaper-Changer/3000-2019_4-75445934.html,Ccy Wallpaper Changer,Version: 2.1.4, File size: 20.69K ,Date added: April 07  2011,Price: Free ,Operating system: Windows 95/NT/98/Me/2000/XP,Total downloads: 39,Downloads last week: 1
http://download.cnet.com/windows/screensavers-and-wallpaper/?tag=rb_content;main,screensavers-and-wallpaper,http://download.cnet.com/windows/wallpaper-editors-and-tools/,Wallpaper Editors & Tools,http://download.cnet.com/Jimpl-Wallpaper-Changer/3000-2019_4-75578476.html,Jimpl Wallpaper Changer,Version: 1.0, File size: 4.3MB ,Date added: September 28  2011,Price: Free ,Operating system: Windows XP/2003/Vista/Server 2008/7,Total downloads: 80,Downloads last week: 1
http://download.cnet.com/windows/screensavers-and-wallpaper/?tag=rb_content;main,screensavers-and-wallpaper,http://download.cnet.com/windows/wallpaper-editors-and-tools/,Wallpaper Editors & Tools,http://download.cnet.com/TBDesktop/3000-2019_4-10612552.html,TBDesktop,Version: 2, File size: 1.2MB ,Date added: November 26  2007,Price: Free to try (5-day trial); $5.00 to buy (Buy it now) ,Operating system: Windows 95/98/Me/2000/XP/Vista,Total downloads: 4 289,Downloads last week: 1
http://download.cnet.com/windows/screensavers-and-wallpaper/?tag=rb_content;main,screensavers-and-wallpaper,http://download.cnet.com/windows/wallpaper-editors-and-tools/,Wallpaper Editors & Tools,http://download.cnet.com/Hunter-Perrin-s-Timewise-Desktop/3000-2019_4-10399730.html,Hunter Perrin's Timewise Desktop,Version: 1.0, File size: 4.54MB ,Date added: June 15  2005,Price: Free ,Operating system: Windows NT/98/Me/2000/XP,Total downloads: 3 228,Downloads last week: 1
http://download.cnet.com/windows/screensavers-and-wallpaper/?tag=rb_content;main,screensavers-and-wallpaper,http://download.cnet.com/windows/wallpaper-editors-and-tools/,Wallpaper Editors & Tools,http://download.cnet.com/Vladstudio-Companion/3000-2019_4-10424752.html,Vladstudio Companion,Version: 1.0, File size: 783.88K ,Date added: August 27  2005,Price: Free ,Operating system: Windows 98/2000/XP,Total downloads: 5 566,Downloads last week: 1
http://download.cnet.com/windows/screensavers-and-wallpaper/?tag=rb_content;main,screensavers-and-wallpaper,http://download.cnet.com/windows/wallpaper-editors-and-tools/,Wallpaper Editors & Tools,http://download.cnet.com/Adolix-Wallpaper-Changer/3000-2019_4-10821133.html,Adolix Wallpaper Changer,Version: 2.2, File size: 3.22MB ,Date added: April 03  2008,Price: Free ,Operating system: Windows NT/98/Me/2000/XP/Vista,Total downloads: 2 575,Downloads last week: 1
http://download.cnet.com/windows/screensavers-and-wallpaper/?tag=rb_content;main,screensavers-and-wallpaper,http://download.cnet.com/windows/wallpaper-editors-and-tools/,Wallpaper Editors & Tools,http://download.cnet.com/Auto-Wallpapers/3000-2019_4-10713100.html,Auto-Wallpapers,Version: 3.3, File size: 1.1MB ,Date added: February 07  2011,Price: Free to try (Some features disabled); $19.95 to buy ,Operating system: Windows 2000/XP/Vista/7,Total downloads: 2 929,Downloads last week: 1
http://download.cnet.com/windows/screensavers-and-wallpaper/?tag=rb_content;main,screensavers-and-wallpaper,http://download.cnet.com/windows/wallpaper-editors-and-tools/,Wallpaper Editors & Tools,http://download.cnet.com/WallPerformer/3000-2019_4-10770304.html,WallPerformer,Version: 2.1, File size: 5.36MB ,Date added: January 03  2008,Price: Free ,Operating system: Windows NT/98/Me/2000/XP/Vista,Total downloads: 2 871,Downloads last week: 1
http://download.cnet.com/windows/screensavers-and-wallpaper/?tag=rb_content;main,screensavers-and-wallpaper,http://download.cnet.com/windows/wallpaper-editors-and-tools/,Wallpaper Editors & Tools,http://download.cnet.com/Clowp/3000-2019_4-76085095.html,Clowp,Version: 1.4.6.3, File size: 26.12MB ,Date added: February 10  2014,Price: Free ,Operating system: Windows XP/2003/Vista/Server 2008/7/8,Total downloads: 46,Downloads last week: 1
http://download.cnet.com/windows/screensavers-and-wallpaper/?tag=rb_content;main,screensavers-and-wallpaper,http://download.cnet.com/windows/wallpaper-editors-and-tools/,Wallpaper Editors & Tools,http://download.cnet.com/AutoWallpaper/3000-2019_4-10566588.html,AutoWallpaper,Version: 5.6, File size: 7.87MB ,Date added: April 25  2011,Price: Free to try (31-day trial); $8.99 to buy (Buy it now) ,Operating system: Windows NT/2000/XP/Vista/7,Total downloads: 4 044,Downloads last week: 1
http://download.cnet.com/windows/screensavers-and-wallpaper/?tag=rb_content;main,screensavers-and-wallpaper,http://download.cnet.com/windows/wallpaper-editors-and-tools/,Wallpaper Editors & Tools,http://download.cnet.com/Swapper/3000-2019_4-10609327.html,Swapper,Version: 1.1, File size: 11.97K ,Date added: January 31  2007,Price: Free ,Operating system: Windows XP/Vista,Total downloads: 1 414,Downloads last week: 1
http://download.cnet.com/windows/screensavers-and-wallpaper/?tag=rb_content;main,screensavers-and-wallpaper,http://download.cnet.com/windows/wallpaper-editors-and-tools/,Wallpaper Editors & Tools,http://download.cnet.com/Gaia-Wallpaper-Desktop-Pro/3000-2019_4-10619785.html,Gaia Wallpaper Desktop Pro,Version: 1.21, File size: 4.04MB ,Date added: November 28  2007,Price: Free to try (Number of wallpapers and user profiles are limited); $14.95 to buy (Buy it now) ,Operating system: Windows 2000/XP/Vista,Total downloads: 1 943,Downloads last week: 1
http://download.cnet.com/windows/screensavers-and-wallpaper/?tag=rb_content;main,screensavers-and-wallpaper,http://download.cnet.com/windows/wallpaper-editors-and-tools/,Wallpaper Editors & Tools,http://download.cnet.com/Auto-Wallpapers/3000-2019_4-10713100.html,Auto-Wallpapers,Version: 3.3, File size: 1.1MB ,Date added: February 07  2011,Price: Free to try (Some features disabled); $19.95 to buy ,Operating system: Windows 2000/XP/Vista/7,Total downloads: 2 929,Downloads last week: 1
http://download.cnet.com/windows/screensavers-and-wallpaper/?tag=rb_content;main,screensavers-and-wallpaper,http://download.cnet.com/windows/wallpaper-editors-and-tools/,Wallpaper Editors & Tools,http://download.cnet.com/Paper-Hanger/3000-2019_4-75221992.html,Paper Hanger,Version: 2.4, File size: 7.65MB ,Date added: August 19  2010,Price: Free ,Operating system: Windows 2000/XP/2003/Vista/7,Total downloads: 100,Downloads last week: 1
http://download.cnet.com/windows/screensavers-and-wallpaper/?tag=rb_content;main,screensavers-and-wallpaper,http://download.cnet.com/windows/wallpaper-editors-and-tools/,Wallpaper Editors & Tools,http://download.cnet.com/Quick-Background-Note/3000-2019_4-10555609.html,Quick Background Note,Version: 1, File size: 401.1K ,Date added: July 21  2006,Price: Free to try (See description); $5.00 to buy ,Operating system: Windows XP,Total downloads: 1 323,Downloads last week: 1
http://download.cnet.com/windows/screensavers-and-wallpaper/?tag=rb_content;main,screensavers-and-wallpaper,http://download.cnet.com/windows/wallpaper-editors-and-tools/,Wallpaper Editors & Tools,http://download.cnet.com/EasyWallpaper/3000-2019_4-10075573.html,EasyWallpaper,Version: 3.1, File size: 3.8MB ,Date added: July 15  2005,Price: Free to try (15-day trial); $19.95 to buy (Buy it now) ,Operating system: Windows 95/NT/98/Me/2000/XP,Total downloads: 10 127,Downloads last week: 1
http://download.cnet.com/windows/screensavers-and-wallpaper/?tag=rb_content;main,screensavers-and-wallpaper,http://download.cnet.com/windows/wallpaper-editors-and-tools/,Wallpaper Editors & Tools,http://download.cnet.com/WallpaperFlickr/3000-2019_4-10622988.html,WallpaperFlickr,Version: 1, File size: 50.31K ,Date added: January 12  2007,Price: Free ,Operating system: Windows 2000/XP/Vista,Total downloads: 2 793,Downloads last week: 1
http://download.cnet.com/windows/screensavers-and-wallpaper/?tag=rb_content;main,screensavers-and-wallpaper,http://download.cnet.com/windows/wallpaper-editors-and-tools/,Wallpaper Editors & Tools,http://download.cnet.com/WallPerformer/3000-2019_4-10770304.html,WallPerformer,Version: 2.1, File size: 5.36MB ,Date added: January 03  2008,Price: Free ,Operating system: Windows NT/98/Me/2000/XP/Vista,Total downloads: 2 871,Downloads last week: 1
http://download.cnet.com/windows/screensavers-and-wallpaper/?tag=rb_content;main,screensavers-and-wallpaper,http://download.cnet.com/windows/wallpaper-editors-and-tools/,Wallpaper Editors & Tools,http://download.cnet.com/Free-Wallpaper-Radar/3000-2019_4-10382251.html,Free Wallpaper Radar,Version: 2005, File size: 1.44MB ,Date added: May 30  2005,Price: Free to try (15-day trial); $19.95 to buy (Buy it now) ,Operating system: Windows NT/2000/XP,Total downloads: 5 287,Downloads last week: 1
http://download.cnet.com/windows/screensavers-and-wallpaper/?tag=rb_content;main,screensavers-and-wallpaper,http://download.cnet.com/windows/wallpaper-editors-and-tools/,Wallpaper Editors & Tools,http://download.cnet.com/Magic-Desktop-Wallpaper/3000-2019_4-10399485.html,Magic Desktop Wallpaper,Version: 1.1, File size: 1.79MB ,Date added: June 20  2005,Price: Free to try (30-launch trial); $29.95 to buy (Buy it now) ,Operating system: Windows NT/98/Me/2000/XP,Total downloads: 6 318,Downloads last week: 1
http://download.cnet.com/windows/screensavers-and-wallpaper/?tag=rb_content;main,screensavers-and-wallpaper,http://download.cnet.com/windows/wallpaper-editors-and-tools/,Wallpaper Editors & Tools,http://download.cnet.com/Aligner/3000-2019_4-10116214.html,Aligner,Version: 3.0.1, File size: 944.65K ,Date added: February 04  2012,Price: Free ,Operating system: Windows 2000/XP,Total downloads: 7 367,Downloads last week: 1
http://download.cnet.com/windows/screensavers-and-wallpaper/?tag=rb_content;main,screensavers-and-wallpaper,http://download.cnet.com/windows/wallpaper-editors-and-tools/,Wallpaper Editors & Tools,http://download.cnet.com/Flash-Wallpaper/3000-2019_4-10294134.html,Flash Wallpaper,Version: 1.01, File size: 1.82MB ,Date added: June 09  2004,Price: Free to try (Rebranding features disabled); $49.95 to buy ,Operating system: Windows 95/NT/98/Me/2000/XP,Total downloads: 7 668,Downloads last week: 1
http://download.cnet.com/windows/screensavers-and-wallpaper/?tag=rb_content;main,screensavers-and-wallpaper,http://download.cnet.com/windows/wallpaper-editors-and-tools/,Wallpaper Editors & Tools,http://download.cnet.com/WallpaperFlickr/3000-2019_4-10622988.html,WallpaperFlickr,Version: 1, File size: 50.31K ,Date added: January 12  2007,Price: Free ,Operating system: Windows 2000/XP/Vista,Total downloads: 2 793,Downloads last week: 1
http://download.cnet.com/windows/screensavers-and-wallpaper/?tag=rb_content;main,screensavers-and-wallpaper,http://download.cnet.com/windows/wallpaper-editors-and-tools/,Wallpaper Editors & Tools,http://download.cnet.com/Magic-Desktop-Wallpaper/3000-2019_4-10399485.html,Magic Desktop Wallpaper,Version: 1.1, File size: 1.79MB ,Date added: June 20  2005,Price: Free to try (30-launch trial); $29.95 to buy (Buy it now) ,Operating system: Windows NT/98/Me/2000/XP,Total downloads: 6 318,Downloads last week: 1
http://download.cnet.com/windows/screensavers-and-wallpaper/?tag=rb_content;main,screensavers-and-wallpaper,http://download.cnet.com/windows/wallpaper-editors-and-tools/,Wallpaper Editors & Tools,http://download.cnet.com/StartClock/3000-2019_4-10767137.html,StartClock,Version: 1.5, File size: 195.55K ,Date added: November 09  2007,Price: Free ,Operating system: Windows 95/NT/98/Me/2000/XP/Vista,Total downloads: 1 662,Downloads last week: 1
http://download.cnet.com/windows/screensavers-and-wallpaper/?tag=rb_content;main,screensavers-and-wallpaper,http://download.cnet.com/windows/wallpaper-editors-and-tools/,Wallpaper Editors & Tools,http://download.cnet.com/Automatic-Wallpaper-Changer-Plus/3000-2019_4-10921428.html,Automatic Wallpaper Changer Plus,Version: 1.1, File size: 1.14MB ,Date added: October 23  2012,Price: Free to try (15-day trial); $10.00 to buy (Buy it now) ,Operating system: Windows 2000/XP/2003/Vista/Server 2008/7/8,Total downloads: 267,Downloads last week: 1
http://download.cnet.com/windows/screensavers-and-wallpaper/?tag=rb_content;main,screensavers-and-wallpaper,http://download.cnet.com/windows/wallpaper-editors-and-tools/,Wallpaper Editors & Tools,http://download.cnet.com/Wallpaper-Slideshow-Pro/3000-2019_4-10907228.html,Wallpaper Slideshow Pro,Version: 3.4, File size: 4.68MB ,Date added: June 20  2013,Price: Free to try (30-day trial); $14.45 to buy (Buy it now) ,Operating system: Windows 2000/XP/Vista/7/8,Total downloads: 3 378,Downloads last week: 1
http://download.cnet.com/windows/screensavers-and-wallpaper/?tag=rb_content;main,screensavers-and-wallpaper,http://download.cnet.com/windows/wallpaper-editors-and-tools/,Wallpaper Editors & Tools,http://download.cnet.com/Caledos-Automatic-Wallpaper-Changer/3000-2019_4-10171683.html,Caledos Automatic Wallpaper Changer,Version: 6.5.6, File size: 1.37MB ,Date added: June 06  2009,Price: Free ,Operating system: Windows XP/Vista/Server 2008/7/32-bit/64-bit,Total downloads: 46 193,Downloads last week: 1
http://download.cnet.com/windows/screensavers-and-wallpaper/?tag=rb_content;main,screensavers-and-wallpaper,http://download.cnet.com/windows/wallpaper-editors-and-tools/,Wallpaper Editors & Tools,http://download.cnet.com/WallpaperWarp/3000-2019_4-10507617.html,WallpaperWarp,Version: 1, File size: 1.92MB ,Date added: March 16  2006,Price: Free to try (30-days trial); $15.00 to buy (Buy it now) ,Operating system: Windows NT/98/Me/2000/XP,Total downloads: 1 301,Downloads last week: 1
http://download.cnet.com/windows/screensavers-and-wallpaper/?tag=rb_content;main,screensavers-and-wallpaper,http://download.cnet.com/windows/wallpaper-editors-and-tools/,Wallpaper Editors & Tools,http://download.cnet.com/Moving-Desktop/3000-2019_4-10330057.html,Moving Desktop,Version: 1.0.31.1, File size: 3.05MB ,Date added: October 16  2007,Price: Free to try (7-day trial); $14.95 to buy ,Operating system: Windows 95/NT/98/Me/2000/XP,Total downloads: 22 441,Downloads last week: 1
