http://download.cnet.com/windows/screensavers-and-wallpaper/?tag=rb_content;main,screensavers-and-wallpaper,http://download.cnet.com/windows/skins/,Skins,http://download.cnet.com/Jeff-s-Fish/3000-2019_4-10051966.html,Jeff's Fish,Version: 1.5, File size: 794.03K ,Date added: February 23  2001,Price: Free ,Operating system: Windows 95,Total downloads: 159 259,Downloads last week: 25
http://download.cnet.com/windows/screensavers-and-wallpaper/?tag=rb_content;main,screensavers-and-wallpaper,http://download.cnet.com/windows/skins/,Skins,http://download.cnet.com/Theme-Manager/3000-2019_4-10076552.html,Theme Manager,Version: 3.0, File size: 41.13MB ,Date added: November 20  2009,Price: Free ,Operating system: Windows XP/2003/Vista/7,Total downloads: 908 165,Downloads last week: 159
http://download.cnet.com/windows/screensavers-and-wallpaper/?tag=rb_content;main,screensavers-and-wallpaper,http://download.cnet.com/windows/skins/,Skins,http://download.cnet.com/Seven-Transformation-Pack/3000-2019_4-75219813.html,Seven Transformation Pack,Version: 5.1, File size: 35.39MB ,Date added: March 30  2011,Price: Free ,Operating system: Windows XP/2003/Vista,Total downloads: 70 133,Downloads last week: 274
http://download.cnet.com/windows/screensavers-and-wallpaper/?tag=rb_content;main,screensavers-and-wallpaper,http://download.cnet.com/windows/skins/,Skins,http://download.cnet.com/Name-of-Allah/3000-2019_4-10777139.html,Name of Allah,Version: 1.2, File size: 36.63MB ,Date added: May 12  2008,Price: Free ,Operating system: Windows 2000/XP/Vista,Total downloads: 14 675,Downloads last week: 22
http://download.cnet.com/windows/screensavers-and-wallpaper/?tag=rb_content;main,screensavers-and-wallpaper,http://download.cnet.com/windows/skins/,Skins,http://download.cnet.com/WindowBlinds-Holiday-Skin-Pack/3000-2019_4-10037478.html,WindowBlinds Holiday Skin Pack,Version: 1.0, File size: 650.73K ,Date added: December 17  1999,Price: Free ,Operating system: Windows 95/NT/98,Total downloads: 107 846,Downloads last week: 19
http://download.cnet.com/windows/screensavers-and-wallpaper/?tag=rb_content;main,screensavers-and-wallpaper,http://download.cnet.com/windows/skins/,Skins,http://download.cnet.com/Heaven-Theme/3000-2019_4-10440816.html,Heaven Theme,Version: 1, File size: 4MB ,Date added: December 13  2005,Price: Free ,Operating system: Windows 98/Me/2000/XP,Total downloads: 132 552,Downloads last week: 17
http://download.cnet.com/windows/screensavers-and-wallpaper/?tag=rb_content;main,screensavers-and-wallpaper,http://download.cnet.com/windows/skins/,Skins,http://download.cnet.com/Ultimate-Windows-To-Linux-transformation-Pack/3000-2019_4-10763168.html,Ultimate Windows To Linux transformation Pack,Version: .2 B, File size: 10.21MB ,Date added: December 04  2007,Price: Free ,Operating system: Windows 2000/XP,Total downloads: 86 609,Downloads last week: 60
http://download.cnet.com/windows/screensavers-and-wallpaper/?tag=rb_content;main,screensavers-and-wallpaper,http://download.cnet.com/windows/skins/,Skins,http://download.cnet.com/Biromsoft-Calculator/3000-2019_4-10062983.html,Biromsoft Calculator,Version: 2.05, File size: 385.14K ,Date added: February 21  2002,Price: Free to try; $14.95 to buy ,Operating system: Windows 95/NT/98/Me/2000/XP,Total downloads: 120 613,Downloads last week: 19
http://download.cnet.com/windows/screensavers-and-wallpaper/?tag=rb_content;main,screensavers-and-wallpaper,http://download.cnet.com/windows/skins/,Skins,http://download.cnet.com/Skins-Pack-for-Atomic-Alarm-Clock/3000-2019_4-10898287.html,Skins Pack for Atomic Alarm Clock,Version: 1.1, File size: 376.99K ,Date added: October 26  2008,Price: Free ,Operating system: Windows NT/2000/XP/Vista,Total downloads: 2 102,Downloads last week: 6
http://download.cnet.com/windows/screensavers-and-wallpaper/?tag=rb_content;main,screensavers-and-wallpaper,http://download.cnet.com/windows/skins/,Skins,http://download.cnet.com/Chaos-Crystal/3000-2019_4-10548415.html,Chaos Crystal,Version: 2.0.001, File size: 93.82K ,Date added: August 22  2006,Price: Free ,Operating system: Windows Me/2000/XP,Total downloads: 25 315,Downloads last week: 5
http://download.cnet.com/windows/screensavers-and-wallpaper/?tag=rb_content;main,screensavers-and-wallpaper,http://download.cnet.com/windows/skins/,Skins,http://download.cnet.com/Projekt-Snowblind/3000-2019_4-10360669.html,Projekt: Snowblind,Version: 10.0, File size: 7.35MB ,Date added: June 16  2005,Price: Free ,Operating system: Windows XP,Total downloads: 17 175,Downloads last week: 2
http://download.cnet.com/windows/screensavers-and-wallpaper/?tag=rb_content;main,screensavers-and-wallpaper,http://download.cnet.com/windows/skins/,Skins,http://download.cnet.com/Skinner/3000-2019_4-10063846.html,Skinner,Version: 3.0, File size: 977.59K ,Date added: September 04  2001,Price: Free to try (Limited to 1 'skin' category); $9.95 to buy ,Operating system: Windows 95/NT/98/Me/2000/XP,Total downloads: 64 950,Downloads last week: 4
http://download.cnet.com/windows/screensavers-and-wallpaper/?tag=rb_content;main,screensavers-and-wallpaper,http://download.cnet.com/windows/skins/,Skins,http://download.cnet.com/Pixel2Life-Media-Player/3000-2019_4-10440123.html,Pixel2Life Media Player,Version: 2.1.11, File size: 6.42MB ,Date added: October 13  2005,Price: Free ,Operating system: Windows 98/Me/2000/XP,Total downloads: 34 614,Downloads last week: 3
http://download.cnet.com/windows/screensavers-and-wallpaper/?tag=rb_content;main,screensavers-and-wallpaper,http://download.cnet.com/windows/skins/,Skins,http://download.cnet.com/aSkin/3000-2019_4-10301832.html,aSkin,Version: 1.11, File size: 467.17K ,Date added: October 07  2005,Price: Free ,Operating system: Windows NT/98/Me/2000/XP,Total downloads: 29 991,Downloads last week: 3
http://download.cnet.com/windows/screensavers-and-wallpaper/?tag=rb_content;main,screensavers-and-wallpaper,http://download.cnet.com/windows/skins/,Skins,http://download.cnet.com/Aviator-WindowBlinds-Suite/3000-2019_4-10440834.html,Aviator WindowBlinds Suite,Version: 1, File size: 3.2MB ,Date added: December 13  2005,Price: Free ,Operating system: Windows 98/Me/2000/XP,Total downloads: 34 715,Downloads last week: 4
http://download.cnet.com/windows/screensavers-and-wallpaper/?tag=rb_content;main,screensavers-and-wallpaper,http://download.cnet.com/windows/skins/,Skins,http://download.cnet.com/9Cal/3000-2019_4-10546736.html,9Cal,Version: 2, File size: 1.39MB ,Date added: April 23  2007,Price: Free to try (30-day trial); $12.95 to buy ,Operating system: Windows 2000/XP,Total downloads: 6 330,Downloads last week: 3
http://download.cnet.com/windows/screensavers-and-wallpaper/?tag=rb_content;main,screensavers-and-wallpaper,http://download.cnet.com/windows/skins/,Skins,http://download.cnet.com/Spectrum-Visualizations/3000-2019_4-10057324.html,Spectrum Visualizations,Version: 1.2, File size: 199.07K ,Date added: December 17  2009,Price: Free ,Operating system: Windows NT/98/Me/2000/XP/2003/Vista/Server 2008/7,Total downloads: 140 264,Downloads last week: 2
http://download.cnet.com/windows/screensavers-and-wallpaper/?tag=rb_content;main,screensavers-and-wallpaper,http://download.cnet.com/windows/skins/,Skins,http://download.cnet.com/Dimensions-Window-Media-Player-Skin/3000-2019_4-10913086.html,Dimensions Window Media Player Skin,Version: 1.0, File size: 309.99K ,Date added: April 16  2009,Price: Free ,Operating system: Windows NT/Me/2000/XP/Vista/Server 2008/7,Total downloads: 5 922,Downloads last week: 2
http://download.cnet.com/windows/screensavers-and-wallpaper/?tag=rb_content;main,screensavers-and-wallpaper,http://download.cnet.com/windows/skins/,Skins,http://download.cnet.com/SSMeteo/3000-2019_4-10323240.html,SSMeteo,Version: 1.5.1, File size: 1.62MB ,Date added: October 11  2004,Price: Free ,Operating system: Windows 95/NT/98/Me/2000/XP,Total downloads: 11 483,Downloads last week: 1
http://download.cnet.com/windows/screensavers-and-wallpaper/?tag=rb_content;main,screensavers-and-wallpaper,http://download.cnet.com/windows/skins/,Skins,http://download.cnet.com/Disney-World-of-Motion-WinAmp-Skin/3000-2019_4-10070803.html,Disney World of Motion WinAmp Skin,Version: 1.0, File size: 245.75K ,Date added: January 10  2002,Price: Free ,Operating system: Windows 95/NT/98/Me/2000/XP,Total downloads: 34 202,Downloads last week: 1
http://download.cnet.com/windows/screensavers-and-wallpaper/?tag=rb_content;main,screensavers-and-wallpaper,http://download.cnet.com/windows/skins/,Skins,http://download.cnet.com/Disney-s-Epcot-WinAmp-Skin/3000-2019_4-10074392.html,Disney's Epcot WinAmp Skin,Version: 1.0, File size: 233K ,Date added: February 25  2002,Price: Free ,Operating system: Windows 95/NT/98/Me/2000/XP,Total downloads: 19 271,Downloads last week: 1
http://download.cnet.com/windows/screensavers-and-wallpaper/?tag=rb_content;main,screensavers-and-wallpaper,http://download.cnet.com/windows/skins/,Skins,http://download.cnet.com/Nicky-s-World-Productions-WindowsMediaPlayer-Skin/3000-2019_4-10820259.html,Nicky's World Productions WindowsMediaPlayer Skin,Version: 1.2, File size: 314.9K ,Date added: January 15  2009,Price: Free ,Operating system: Windows 95/NT/98/Me/2000/XP/2003/Vista,Total downloads: 11 925,Downloads last week: 1
http://download.cnet.com/windows/screensavers-and-wallpaper/?tag=rb_content;main,screensavers-and-wallpaper,http://download.cnet.com/windows/skins/,Skins,http://download.cnet.com/jFolder/3000-2019_4-10062455.html,jFolder,Version: 1.104, File size: 18.27K ,Date added: November 19  2009,Price: Free ,Operating system: Windows 2000/XP,Total downloads: 9 134,Downloads last week: 1
http://download.cnet.com/windows/screensavers-and-wallpaper/?tag=rb_content;main,screensavers-and-wallpaper,http://download.cnet.com/windows/skins/,Skins,http://download.cnet.com/Aversoft-Sticker/3000-2019_4-10071763.html,Aversoft Sticker,Version: 4.01, File size: 728.5K ,Date added: February 18  2003,Price: Free to try; $14.95 to buy ,Operating system: Windows 95/NT/98/2000/XP,Total downloads: 19 300,Downloads last week: 1
http://download.cnet.com/windows/screensavers-and-wallpaper/?tag=rb_content;main,screensavers-and-wallpaper,http://download.cnet.com/windows/skins/,Skins,http://download.cnet.com/Samstyle-ObjectDock-Background/3000-2019_4-10564145.html,Samstyle ObjectDock Background,Version: 2.6, File size: 130.36K ,Date added: December 18  2006,Price: Free ,Operating system: Windows XP,Total downloads: 28 766,Downloads last week: 2
http://download.cnet.com/windows/screensavers-and-wallpaper/?tag=rb_content;main,screensavers-and-wallpaper,http://download.cnet.com/windows/skins/,Skins,http://download.cnet.com/Disney-s-Space-Mountain-WinAmp-Skin/3000-2019_4-10074395.html,Disney's Space Mountain WinAmp Skin,Version: 1.0, File size: 227.19K ,Date added: February 25  2002,Price: Free ,Operating system: Windows 95/NT/98/Me/2000/XP,Total downloads: 21 883,Downloads last week: 1
http://download.cnet.com/windows/screensavers-and-wallpaper/?tag=rb_content;main,screensavers-and-wallpaper,http://download.cnet.com/windows/skins/,Skins,http://download.cnet.com/TransparentCalc/3000-2019_4-10747887.html,TransparentCalc,Version: 2.1, File size: 2.05MB ,Date added: November 07  2007,Price: Free to try (15-day trial); $10.95 to buy (Buy it now) ,Operating system: Windows 95/98/Me/2000/XP/Vista,Total downloads: 1 399,Downloads last week: 1
http://download.cnet.com/windows/screensavers-and-wallpaper/?tag=rb_content;main,screensavers-and-wallpaper,http://download.cnet.com/windows/skins/,Skins,http://download.cnet.com/Welcome-to-Hell-2-0-Firefox-Theme/3000-2019_4-10895224.html,Welcome to Hell 2.0 Firefox Theme,Version: 1, File size: 1.15MB ,Date added: October 20  2008,Price: Free ,Operating system: Windows NT/XP/2003/Vista,Total downloads: 2 079,Downloads last week: 1
http://download.cnet.com/windows/screensavers-and-wallpaper/?tag=rb_content;main,screensavers-and-wallpaper,http://download.cnet.com/windows/skins/,Skins,http://download.cnet.com/XP-Look/3000-2019_4-10505957.html,XP Look,Version: 1, File size: 247.59K ,Date added: March 10  2006,Price: Free ,Operating system: Windows XP,Total downloads: 15 310,Downloads last week: 1
http://download.cnet.com/windows/screensavers-and-wallpaper/?tag=rb_content;main,screensavers-and-wallpaper,http://download.cnet.com/windows/skins/,Skins,http://download.cnet.com/Star-Wars-WB/3000-2019_4-10440812.html,Star Wars WB,Version: 1, File size: 3.19MB ,Date added: November 23  2005,Price: Free ,Operating system: Windows 98/Me/2000/XP,Total downloads: 46 211,Downloads last week: 1
http://download.cnet.com/windows/screensavers-and-wallpaper/?tag=rb_content;main,screensavers-and-wallpaper,http://download.cnet.com/windows/skins/,Skins,http://download.cnet.com/GlowingWay-screensaver/3000-2019_4-75452846.html,GlowingWay screensaver,Version: 1.1, File size: 1.85MB ,Date added: July 20  2011,Price: Free to try (30-day trial); $19.95 to buy (Buy it now) ,Operating system: Windows NT/2000/XP/2003/Vista/Server 2008/7,Total downloads: 368,Downloads last week: 1
http://download.cnet.com/windows/screensavers-and-wallpaper/?tag=rb_content;main,screensavers-and-wallpaper,http://download.cnet.com/windows/skins/,Skins,http://download.cnet.com/9CalFree/3000-2019_4-10503370.html,9CalFree,Version: 1, File size: 975.74K ,Date added: March 02  2006,Price: Free ,Operating system: Windows XP,Total downloads: 6 083,Downloads last week: 1
http://download.cnet.com/windows/screensavers-and-wallpaper/?tag=rb_content;main,screensavers-and-wallpaper,http://download.cnet.com/windows/skins/,Skins,http://download.cnet.com/Disney-s-Magic-Kingdom-Skin/3000-2019_4-10060430.html,Disney's Magic Kingdom Skin,Version: 1.0, File size: 156.62K ,Date added: June 22  2001,Price: Free ,Operating system: Windows 95/NT/98/2000,Total downloads: 38 672,Downloads last week: 1
http://download.cnet.com/windows/screensavers-and-wallpaper/?tag=rb_content;main,screensavers-and-wallpaper,http://download.cnet.com/windows/skins/,Skins,http://download.cnet.com/Horizons-Winamp-Skin/3000-2019_4-10062627.html,Horizons Winamp Skin,Version: 1.0, File size: 310.99K ,Date added: August 20  2001,Price: Free ,Operating system: Windows 95/98/Me,Total downloads: 39 186,Downloads last week: 1
http://download.cnet.com/windows/screensavers-and-wallpaper/?tag=rb_content;main,screensavers-and-wallpaper,http://download.cnet.com/windows/skins/,Skins,http://download.cnet.com/Classic-skins-for-Alwact-Clock/3000-2019_4-10563565.html,Classic skins for Alwact Clock,Version: 2, File size: 274.1K ,Date added: August 07  2006,Price: Free ,Operating system: Windows XP,Total downloads: 5 681,Downloads last week: 1
http://download.cnet.com/windows/screensavers-and-wallpaper/?tag=rb_content;main,screensavers-and-wallpaper,http://download.cnet.com/windows/skins/,Skins,http://download.cnet.com/Ultranation/3000-2019_4-10068527.html,Ultranation,Version: 1.1, File size: 71.52K ,Date added: November 17  2001,Price: Free ,Operating system: Windows 95/98/Me/2000/XP,Total downloads: 32 460,Downloads last week: 1
http://download.cnet.com/windows/screensavers-and-wallpaper/?tag=rb_content;main,screensavers-and-wallpaper,http://download.cnet.com/windows/skins/,Skins,http://download.cnet.com/Solarscreensaver/3000-2019_4-10912499.html,Solarscreensaver,Version: 1.0.1, File size: 3.42MB ,Date added: April 08  2009,Price: Free to try; $22.50 to buy (Buy it now) ,Operating system: Windows 2000/XP/2003/Vista,Total downloads: 626,Downloads last week: 1
http://download.cnet.com/windows/screensavers-and-wallpaper/?tag=rb_content;main,screensavers-and-wallpaper,http://download.cnet.com/windows/skins/,Skins,http://download.cnet.com/Lizard-Amp-Skin/3000-2019_4-10074540.html,Lizard Amp Skin,Version: 1.0, File size: 130.77K ,Date added: February 28  2002,Price: Free ,Operating system: Windows 95/NT/98/Me/2000/XP,Total downloads: 19 894,Downloads last week: 1
