http://download.cnet.com/windows/mp3-and-audio-software/?tag=rb_content;main,mp3-and-audio-software,http://download.cnet.com/windows/audio-production-and-recording-software/,Audio Production & Recording Software,http://download.cnet.com/GoldWave/3000-2025_4-10001099.html,GoldWave,Version: 5.70, File size: 7.78MB ,Date added: March 12  2014,Price: Free to try; annual subscription; $19.00 to buy ,Operating system: Windows XP/Vista/7/8,Total downloads: 5 212 465,Downloads last week: 8 444
http://download.cnet.com/windows/mp3-and-audio-software/?tag=rb_content;main,mp3-and-audio-software,http://download.cnet.com/windows/audio-production-and-recording-software/,Audio Production & Recording Software,http://download.cnet.com/FL-Studio/3000-2025_4-10030774.html,FL Studio,Version: 11.0.4, File size: 300.23MB ,Date added: December 03  2013,Price: Free to try (Load-disabled); $99.00 to buy (Buy it now) ,Operating system: Windows XP/Vista/7/8,Total downloads: 8 233 757,Downloads last week: 5 875
http://download.cnet.com/windows/mp3-and-audio-software/?tag=rb_content;main,mp3-and-audio-software,http://download.cnet.com/windows/audio-production-and-recording-software/,Audio Production & Recording Software,http://dw.cbsi.com/redir?edId=3&pid=11287732&mfgId=6279491&merId=6279491&ltype=dl_elite_gen&lop=linktitle&oId=3150-2170_4-0&ontId=2170_4&ttag=lst-5&destUrl=http%3A%2F%2Fdownload.cnet.com%2FSony-ACID-Pro-7%2F3000-2025_4-10351575.html&oid=3150-2170_4-0&siteId=4&pguid=6a21de60bca95005c81d2947,Sony ACID Pro 7,Version: 7.0e, File size: 145.03MB ,Date added: February 19  2010,Price: Free to try (30-day trial); $299.95 to buy (Buy it now) ,Operating system: Windows 2000/XP,Total downloads: 2 103 382,Downloads last week: 1 935
http://download.cnet.com/windows/mp3-and-audio-software/?tag=rb_content;main,mp3-and-audio-software,http://download.cnet.com/windows/audio-production-and-recording-software/,Audio Production & Recording Software,http://download.cnet.com/Audacity/3000-2025_4-10058117.html,Audacity,Version: 2.0.5, File size: 21.15MB ,Date added: December 03  2013,Price: Free ,Operating system: Windows 2000/XP/Vista/7,Total downloads: 5 631 778,Downloads last week: 7 427
http://download.cnet.com/windows/mp3-and-audio-software/?tag=rb_content;main,mp3-and-audio-software,http://download.cnet.com/windows/audio-production-and-recording-software/,Audio Production & Recording Software,http://dw.cbsi.com/redir?edId=3&pid=13459376&mfgId=10012381&merId=10012381&ltype=dl_elite_gen&lop=linktitle&oId=3150-2170_4-0&ontId=2170_4&ttag=lst-2&destUrl=http%3A%2F%2Fdownload.cnet.com%2FMixPad-Professional%2F3000-2025_4-10580119.html&oid=3150-2170_4-0&siteId=4&pguid=6a21de60bca95005c81d2947,MixPad Professional,Version: 3.48, File size: 962.02K ,Date added: November 25  2013,Price: Free to try (14-day trial); $69.95 to buy (Buy it now) ,Operating system: Windows XP/Vista/7/8,Total downloads: 640 400,Downloads last week: 2 219
http://download.cnet.com/windows/mp3-and-audio-software/?tag=rb_content;main,mp3-and-audio-software,http://download.cnet.com/windows/audio-production-and-recording-software/,Audio Production & Recording Software,http://download.cnet.com/Free-Sound-Recorder/3000-2025_4-10698910.html,Free Sound Recorder,Version: 9.7.5, File size: 10.76MB ,Date added: March 12  2014,Price: Free ,Operating system: Windows 2000/XP/2003/Vista/Server 2008/7/8,Total downloads: 2 327 060,Downloads last week: 5 585
http://download.cnet.com/windows/mp3-and-audio-software/?tag=rb_content;main,mp3-and-audio-software,http://download.cnet.com/windows/audio-production-and-recording-software/,Audio Production & Recording Software,http://dw.cbsi.com/redir?edId=3&pid=13596308&mfgId=10012381&merId=10012381&ltype=dl_elite_gen&lop=linktitle&oId=3150-2170_4-0&ontId=2170_4&ttag=lst-1&destUrl=http%3A%2F%2Fdownload.cnet.com%2FWavePad-Sound-Editor-Masters-Edition%2F3000-2025_4-10276212.html&oid=3150-2170_4-0&siteId=4&pguid=6a21de60bca95005c81d2947,WavePad Sound Editor Masters Edition,Version: 5.68, File size: 980.05K ,Date added: February 12  2014,Price: Free to try (14-day trial); $69.95 to buy (Buy it now) ,Operating system: Windows XP/Vista/7/8,Total downloads: 4 017 141,Downloads last week: 4 645
http://download.cnet.com/windows/mp3-and-audio-software/?tag=rb_content;main,mp3-and-audio-software,http://download.cnet.com/windows/audio-production-and-recording-software/,Audio Production & Recording Software,http://dw.cbsi.com/redir?edId=3&pid=13116622&mfgId=10012381&merId=10012381&ltype=dl_elite_gen&lop=linktitle&oId=3150-2170_4-0&ontId=2170_4&ttag=lst-4&destUrl=http%3A%2F%2Fdownload.cnet.com%2FRecordPad-Sound-Recorder-Plus%2F3000-2025_4-10327499.html&oid=3150-2170_4-0&siteId=4&pguid=6a21de60bca95005c81d2947,RecordPad Sound Recorder Plus,Version: 4.27, File size: 686.55K ,Date added: May 16  2013,Price: Free to try (14-day trial); $49.99 to buy (Buy it now) ,Operating system: Windows XP/Vista/7/8,Total downloads: 390 589,Downloads last week: 275
http://download.cnet.com/windows/mp3-and-audio-software/?tag=rb_content;main,mp3-and-audio-software,http://download.cnet.com/windows/audio-production-and-recording-software/,Audio Production & Recording Software,http://dw.cbsi.com/redir?edId=3&pid=13178614&mfgId=81032&merId=81032&ltype=dl_elite_gen&lop=linktitle&oId=3150-2170_4-0&ontId=2170_4&ttag=lst-3&destUrl=http%3A%2F%2Fdownload.cnet.com%2FAudio-Record-Wizard%2F3000-2025_4-10105735.html&oid=3150-2170_4-0&siteId=4&pguid=6a21de60bca95005c81d2947,Audio Record Wizard,Version: 6.99, File size: 3.17MB ,Date added: June 19  2013,Price: Free to try (2-minute record trial); $24.95 to buy (Buy it now) ,Operating system: Windows XP/2003/Vista/7/8,Total downloads: 575 059,Downloads last week: 548
http://download.cnet.com/windows/mp3-and-audio-software/?tag=rb_content;main,mp3-and-audio-software,http://download.cnet.com/windows/audio-production-and-recording-software/,Audio Production & Recording Software,http://download.cnet.com/Free-MP3-Cutter/3000-2025_4-75182284.html,Free MP3 Cutter,Version: 2.0, File size: 1.18MB ,Date added: February 03  2014,Price: Free ,Operating system: Windows 2000/XP/Vista/7/8,Total downloads: 1 872 058,Downloads last week: 8 685
http://download.cnet.com/windows/mp3-and-audio-software/?tag=rb_content;main,mp3-and-audio-software,http://download.cnet.com/windows/audio-production-and-recording-software/,Audio Production & Recording Software,http://download.cnet.com/Magix-Music-Maker-2014/3000-2025_4-10698847.html,Magix Music Maker 2014,Version: 20.0.2.35, File size: 367.97MB ,Date added: January 16  2014,Price: Free to try (30-day trial); $59.99 to buy (Buy it now) ,Operating system: Windows XP/Vista/7/8,Total downloads: 1 879 018,Downloads last week: 2 798
http://download.cnet.com/windows/mp3-and-audio-software/?tag=rb_content;main,mp3-and-audio-software,http://download.cnet.com/windows/audio-production-and-recording-software/,Audio Production & Recording Software,http://download.cnet.com/MP3MyMP3/3000-2025_4-10369269.html,MP3MyMP3,Version: 4.1, File size: 8.73MB ,Date added: December 03  2013,Price: Free ,Operating system: Windows NT/98/Me/2000/XP/2003/Vista/Server 2008/7/8,Total downloads: 1 400 482,Downloads last week: 2 039
http://download.cnet.com/windows/mp3-and-audio-software/?tag=rb_content;main,mp3-and-audio-software,http://download.cnet.com/windows/audio-production-and-recording-software/,Audio Production & Recording Software,http://download.cnet.com/AC3Filter/3000-2025_4-190264.html,AC3Filter,Version: 2.6b, File size: 3.99MB ,Date added: April 10  2013,Price: Free ,Operating system: Windows 95/98/XP/Vista/7,Total downloads: 118 728,Downloads last week: 2 158
http://download.cnet.com/windows/mp3-and-audio-software/?tag=rb_content;main,mp3-and-audio-software,http://download.cnet.com/windows/audio-production-and-recording-software/,Audio Production & Recording Software,http://download.cnet.com/Free-Audio-Editor-2014/3000-2025_4-10809742.html,Free Audio Editor 2014,Version: 8.6.5, File size: 7.42MB ,Date added: March 19  2014,Price: Free ,Operating system: Windows 98/Me/2000/XP/2003/Vista/Server 2008/7/8,Total downloads: 259 649,Downloads last week: 3 753
http://download.cnet.com/windows/mp3-and-audio-software/?tag=rb_content;main,mp3-and-audio-software,http://download.cnet.com/windows/audio-production-and-recording-software/,Audio Production & Recording Software,http://download.cnet.com/Free-Studio/3000-2025_4-205258.html,Free Studio,Version: 6.2.4.1230, File size: 86.37MB ,Date added: January 03  2014,Price: Free ,Operating system: Windows XP/Vista/7/8,Total downloads: 5 916 963,Downloads last week: 2 257
http://download.cnet.com/windows/mp3-and-audio-software/?tag=rb_content;main,mp3-and-audio-software,http://download.cnet.com/windows/audio-production-and-recording-software/,Audio Production & Recording Software,http://download.cnet.com/Moo0-Voice-Recorder/3000-2025_4-10864751.html,Moo0 Voice Recorder,Version: 1.43, File size: 3.05MB ,Date added: October 20  2013,Price: Free ,Operating system: Windows XP/2003/Vista/Server 2008/7/8,Total downloads: 324 238,Downloads last week: 3 890
http://download.cnet.com/windows/mp3-and-audio-software/?tag=rb_content;main,mp3-and-audio-software,http://download.cnet.com/windows/audio-production-and-recording-software/,Audio Production & Recording Software,http://download.cnet.com/Free-Mp3-Cutter/3000-2025_4-75811449.html,Free Mp3 Cutter,Version: 1.1, File size: 105.91K ,Date added: March 17  2014,Price: Free ,Operating system: Windows 98/Me/2000/XP/2003/Vista/Server 2008/7/8,Total downloads: 51 244,Downloads last week: 3 511
http://download.cnet.com/windows/mp3-and-audio-software/?tag=rb_content;main,mp3-and-audio-software,http://download.cnet.com/windows/audio-production-and-recording-software/,Audio Production & Recording Software,http://download.cnet.com/Sound-Forge-Pro-11/3000-2025_4-10005603.html,Sound Forge Pro 11,Version: 11.0.272, File size: 186.3MB ,Date added: December 21  2010,Price: Free to try (30-day trial); $374.95 to buy (Buy it now) ,Operating system: Windows 2000/XP,Total downloads: 2 860 497,Downloads last week: 1 411
http://download.cnet.com/windows/mp3-and-audio-software/?tag=rb_content;main,mp3-and-audio-software,http://download.cnet.com/windows/audio-production-and-recording-software/,Audio Production & Recording Software,http://download.cnet.com/WavePad-Sound-Editor-Free/3000-2025_4-75742513.html,WavePad Sound Editor Free,Version: 5.48, File size: 929.05K ,Date added: June 03  2013,Price: Free ,Operating system: Windows XP/Vista/7/8,Total downloads: 79 432,Downloads last week: 1 218
http://download.cnet.com/windows/mp3-and-audio-software/?tag=rb_content;main,mp3-and-audio-software,http://download.cnet.com/windows/audio-production-and-recording-software/,Audio Production & Recording Software,http://download.cnet.com/Mixcraft/3000-2025_4-10285311.html,Mixcraft,Version: 6.1 build 269, File size: 1.79MB ,Date added: March 07  2013,Price: Free to try (14-day trial); $74.95 to buy (Buy it now) ,Operating system: Windows XP/Vista/7/8,Total downloads: 856 595,Downloads last week: 882
http://download.cnet.com/windows/mp3-and-audio-software/?tag=rb_content;main,mp3-and-audio-software,http://download.cnet.com/windows/audio-production-and-recording-software/,Audio Production & Recording Software,http://download.cnet.com/Free-CD-to-MP3-Converter/3000-2025_4-10388838.html,Free CD to MP3 Converter,Version: 4.6, File size: 1.82MB ,Date added: April 28  2013,Price: Free ,Operating system: Windows NT/98/Me/2000/XP/2003/Vista/Server 2008/7,Total downloads: 538 596,Downloads last week: 1 089
http://download.cnet.com/windows/mp3-and-audio-software/?tag=rb_content;main,mp3-and-audio-software,http://download.cnet.com/windows/audio-production-and-recording-software/,Audio Production & Recording Software,http://download.cnet.com/Free-MP3-Cutter-and-Editor/3000-2025_4-75448960.html,Free MP3 Cutter and Editor,Version: 2.6.0.1118, File size: 1.02MB ,Date added: April 28  2012,Price: Free ,Operating system: Windows 2000/XP/2003/Vista/Server 2008/7,Total downloads: 144 859,Downloads last week: 1 706
http://download.cnet.com/windows/mp3-and-audio-software/?tag=rb_content;main,mp3-and-audio-software,http://download.cnet.com/windows/audio-production-and-recording-software/,Audio Production & Recording Software,http://download.cnet.com/MP3-Cutter-Joiner-Free/3000-2025_4-75812201.html,MP3 Cutter Joiner Free,Version: 2.5.1, File size: 6.81MB ,Date added: April 12  2013,Price: Free ,Operating system: Windows 2000/XP/2003/Vista/Server 2008/7/8,Total downloads: 38 857,Downloads last week: 830
http://download.cnet.com/windows/mp3-and-audio-software/?tag=rb_content;main,mp3-and-audio-software,http://download.cnet.com/windows/audio-production-and-recording-software/,Audio Production & Recording Software,http://download.cnet.com/Subtitle-Edit/3000-2025_4-90536.html,Subtitle Edit,Version: 3.3.5, File size: 4.05MB ,Date added: June 08  2013,Price: Free ,Operating system: Windows 98/2000/XP,Total downloads: 147 789,Downloads last week: 1 128
http://download.cnet.com/windows/mp3-and-audio-software/?tag=rb_content;main,mp3-and-audio-software,http://download.cnet.com/windows/audio-production-and-recording-software/,Audio Production & Recording Software,http://download.cnet.com/Acoustica-MP3-Audio-Mixer/3000-2025_4-10029712.html,Acoustica MP3 Audio Mixer,Version: 2.46, File size: 1.69MB ,Date added: February 21  2003,Price: Free to try (7-day trial); $24.95 to buy (Buy it now) ,Operating system: Windows 95/NT/98/Me/2000/XP,Total downloads: 1 669 174,Downloads last week: 899
http://download.cnet.com/windows/mp3-and-audio-software/?tag=rb_content;main,mp3-and-audio-software,http://download.cnet.com/windows/audio-production-and-recording-software/,Audio Production & Recording Software,http://download.cnet.com/Adobe-Audition-CS6/3000-2025_4-10239553.html,Adobe Audition CS6,Version: CS6, File size: 19.98K ,Date added: March 19  2013,Price: Free to try; $349.00 to buy (Buy it now) ,Operating system: Windows XP/Vista/7/8,Total downloads: 1 803 958,Downloads last week: 1 805
http://download.cnet.com/windows/mp3-and-audio-software/?tag=rb_content;main,mp3-and-audio-software,http://download.cnet.com/windows/audio-production-and-recording-software/,Audio Production & Recording Software,http://download.cnet.com/AIV-MP3-Cutter/3000-2025_4-10724232.html,AIV MP3 Cutter,Version: 1.9, File size: 6.62MB ,Date added: March 13  2011,Price: Free ,Operating system: Windows 2000/XP/Vista,Total downloads: 2 993 010,Downloads last week: 691
http://download.cnet.com/windows/mp3-and-audio-software/?tag=rb_content;main,mp3-and-audio-software,http://download.cnet.com/windows/audio-production-and-recording-software/,Audio Production & Recording Software,http://download.cnet.com/Audio-Amplifier-Free/3000-2025_4-75843940.html,Audio Amplifier Free,Version: 1.1, File size: 4.44MB ,Date added: January 11  2013,Price: Free ,Operating system: Windows 2000/XP/2003/Vista/Server 2008/7/8,Total downloads: 41 406,Downloads last week: 825
http://download.cnet.com/windows/mp3-and-audio-software/?tag=rb_content;main,mp3-and-audio-software,http://download.cnet.com/windows/audio-production-and-recording-software/,Audio Production & Recording Software,http://download.cnet.com/Easy-MP3-Cutter/3000-2025_4-10593860.html,Easy MP3 Cutter,Version: 3.0, File size: 2.37MB ,Date added: August 16  2011,Price: Free to try (5-file trial); $24.95 to buy (Buy it now) ,Operating system: Windows 98/Me/2000/XP/Vista/7,Total downloads: 528 334,Downloads last week: 773
http://download.cnet.com/windows/mp3-and-audio-software/?tag=rb_content;main,mp3-and-audio-software,http://download.cnet.com/windows/audio-production-and-recording-software/,Audio Production & Recording Software,http://download.cnet.com/Audio-Editor-Pro/3000-2025_4-10249605.html,Audio Editor Pro,Version: 5.1, File size: 8.32MB ,Date added: February 26  2011,Price: Free to try (30-day trial  save-disabled); $39.95 to buy (Buy it now) ,Operating system: Windows NT/98/Me/2000/XP/Vista/7,Total downloads: 254 981,Downloads last week: 547
http://download.cnet.com/windows/mp3-and-audio-software/?tag=rb_content;main,mp3-and-audio-software,http://download.cnet.com/windows/audio-production-and-recording-software/,Audio Production & Recording Software,http://download.cnet.com/Audacity-Portable/3000-2025_4-10608458.html,Audacity Portable,Version: 2.0.3, File size: 19.85MB ,Date added: January 24  2013,Price: Free ,Operating system: Windows 2000/XP/Vista/7/8,Total downloads: 118 393,Downloads last week: 547
http://download.cnet.com/windows/mp3-and-audio-software/?tag=rb_content;main,mp3-and-audio-software,http://download.cnet.com/windows/audio-production-and-recording-software/,Audio Production & Recording Software,http://download.cnet.com/Cool-Record-Edit-Pro/3000-2025_4-10693499.html,Cool Record Edit Pro,Version: 8.6.1, File size: 15.17MB ,Date added: November 25  2013,Price: Free to try (30-day trial); $29.95 to buy (Buy it now) ,Operating system: Windows 2000/XP/2003/Vista/Server 2008/7/8,Total downloads: 287 950,Downloads last week: 561
http://download.cnet.com/windows/mp3-and-audio-software/?tag=rb_content;main,mp3-and-audio-software,http://download.cnet.com/windows/audio-production-and-recording-software/,Audio Production & Recording Software,http://download.cnet.com/All-Audio-To-Mp3-Converter/3000-2025_4-10624534.html,All Audio To Mp3 Converter,Version: 6.4, File size: 5.6MB ,Date added: September 12  2008,Price: Free to try (30-second conversion trial); $19.95 to buy ,Operating system: Windows 95/NT/98/Me/2000/XP/Vista,Total downloads: 289 740,Downloads last week: 816
http://download.cnet.com/windows/mp3-and-audio-software/?tag=rb_content;main,mp3-and-audio-software,http://download.cnet.com/windows/audio-production-and-recording-software/,Audio Production & Recording Software,http://download.cnet.com/Foobar2000/3000-2025_4-10235595.html,Foobar2000,Version: 1.3, File size: 3.57MB ,Date added: December 30  2013,Price: Free ,Operating system: Windows 2000/XP/Vista/7/8,Total downloads: 313 392,Downloads last week: 553
http://download.cnet.com/windows/mp3-and-audio-software/?tag=rb_content;main,mp3-and-audio-software,http://download.cnet.com/windows/audio-production-and-recording-software/,Audio Production & Recording Software,http://download.cnet.com/MP3-Remix-Player/3000-2025_4-10052538.html,MP3 Remix Player,Version: 3.205, File size: 2.25MB ,Date added: March 27  2006,Price: Free to try (Recording disabled  limited to free presets); $29.99 to buy ,Operating system: Windows NT/Me/2000/XP,Total downloads: 968 310,Downloads last week: 432
http://download.cnet.com/windows/mp3-and-audio-software/?tag=rb_content;main,mp3-and-audio-software,http://download.cnet.com/windows/audio-production-and-recording-software/,Audio Production & Recording Software,http://download.cnet.com/Weeny-Free-Audio-Recorder/3000-2025_4-75642373.html,Weeny Free Audio Recorder,Version: 1.2, File size: 2.8MB ,Date added: August 06  2012,Price: Free ,Operating system: Windows 2000/XP/Vista/7,Total downloads: 1 955,Downloads last week: 424
http://download.cnet.com/windows/mp3-and-audio-software/?tag=rb_content;main,mp3-and-audio-software,http://download.cnet.com/windows/audio-production-and-recording-software/,Audio Production & Recording Software,http://download.cnet.com/Music-Editor-Free/3000-2025_4-75648066.html,Music Editor Free,Version: 2012, File size: 22.03MB ,Date added: February 01  2012,Price: Free ,Operating system: Windows 2000/XP/Vista/7,Total downloads: 30 376,Downloads last week: 497
http://download.cnet.com/windows/mp3-and-audio-software/?tag=rb_content;main,mp3-and-audio-software,http://download.cnet.com/windows/audio-production-and-recording-software/,Audio Production & Recording Software,http://download.cnet.com/MP3-Recorder-Studio/3000-2025_4-10726401.html,MP3 Recorder Studio,Version: 6.0, File size: 3.01MB ,Date added: October 14  2009,Price: Free to try (60-second record trial); $24.95 to buy ,Operating system: Windows 2000/XP/Vista/7,Total downloads: 31 505,Downloads last week: 349
http://download.cnet.com/windows/mp3-and-audio-software/?tag=rb_content;main,mp3-and-audio-software,http://download.cnet.com/windows/audio-production-and-recording-software/,Audio Production & Recording Software,http://download.cnet.com/Magix-Audio-Cleaning-Lab/3000-2025_4-10802615.html,Magix Audio Cleaning Lab,Version: 2013, File size: 145.74MB ,Date added: February 24  2013,Price: Free to try (30-day trial); $59.99 to buy (Buy it now) ,Operating system: Windows XP/Vista/7/8,Total downloads: 130 596,Downloads last week: 438
http://download.cnet.com/windows/mp3-and-audio-software/?tag=rb_content;main,mp3-and-audio-software,http://download.cnet.com/windows/audio-production-and-recording-software/,Audio Production & Recording Software,http://download.cnet.com/Audio-Mp3-Editor/3000-2025_4-10281195.html,Audio Mp3 Editor,Version: 6.50, File size: 7.62MB ,Date added: October 31  2013,Price: Free to try (20-save trial); $39.95 to buy (Buy it now) ,Operating system: Windows NT/98/Me/2000/XP/2003/Vista/7/8,Total downloads: 306 851,Downloads last week: 529
http://download.cnet.com/windows/mp3-and-audio-software/?tag=rb_content;main,mp3-and-audio-software,http://download.cnet.com/windows/audio-production-and-recording-software/,Audio Production & Recording Software,http://download.cnet.com/Balabolka/3000-2025_4-75182534.html,Balabolka,Version: 2.8.0.557, File size: 9.1MB ,Date added: August 28  2013,Price: Free ,Operating system: Windows XP/Vista/7/8,Total downloads: 56 374,Downloads last week: 454
http://download.cnet.com/windows/mp3-and-audio-software/?tag=rb_content;main,mp3-and-audio-software,http://download.cnet.com/windows/audio-production-and-recording-software/,Audio Production & Recording Software,http://download.cnet.com/Cubase/3000-2025_4-204000.html,Cubase,Version: 4.5, File size: 26.71K ,Date added: December 03  2008,Price: Purchase ,Operating system: Windows XP/Vista,Total downloads: 194 880,Downloads last week: 362
http://download.cnet.com/windows/mp3-and-audio-software/?tag=rb_content;main,mp3-and-audio-software,http://download.cnet.com/windows/audio-production-and-recording-software/,Audio Production & Recording Software,http://download.cnet.com/Sony-ACID-Music-Studio-9/3000-2025_4-10498422.html,Sony ACID Music Studio 9,Version: 9.0.37, File size: 96.43MB ,Date added: November 28  2012,Price: Free to try (30-day trial); $64.95 to buy (Buy it now) ,Operating system: Windows XP/Vista/7,Total downloads: 226 460,Downloads last week: 430
http://download.cnet.com/windows/mp3-and-audio-software/?tag=rb_content;main,mp3-and-audio-software,http://download.cnet.com/windows/audio-production-and-recording-software/,Audio Production & Recording Software,http://download.cnet.com/Skype-Call-Recorder/3000-2025_4-10907182.html,Skype Call Recorder,Version: 0.7.2.1, File size: 1.39MB ,Date added: February 24  2009,Price: Free ,Operating system: Windows 2000/XP/2003/Vista/Server 2008,Total downloads: 54 836,Downloads last week: 425
http://download.cnet.com/windows/mp3-and-audio-software/?tag=rb_content;main,mp3-and-audio-software,http://download.cnet.com/windows/audio-production-and-recording-software/,Audio Production & Recording Software,http://download.cnet.com/Free-Voice-Changer/3000-2025_4-75993109.html,Free Voice Changer,Version: 1.5, File size: 16MB ,Date added: September 10  2013,Price: Free ,Operating system: Windows XP/Vista/7/8,Total downloads: 3 218,Downloads last week: 296
http://download.cnet.com/windows/mp3-and-audio-software/?tag=rb_content;main,mp3-and-audio-software,http://download.cnet.com/windows/audio-production-and-recording-software/,Audio Production & Recording Software,http://download.cnet.com/Free-Audio-Cutter/3000-2025_4-75444480.html,Free Audio Cutter,Version: 3.0.1, File size: 9.99MB ,Date added: December 02  2013,Price: Free ,Operating system: Windows NT/98/Me/2000/XP/2003/Vista/Server 2008/7/8,Total downloads: 37 745,Downloads last week: 324
http://download.cnet.com/windows/mp3-and-audio-software/?tag=rb_content;main,mp3-and-audio-software,http://download.cnet.com/windows/audio-production-and-recording-software/,Audio Production & Recording Software,http://download.cnet.com/Nero-WaveEditor/3000-2025_4-76086551.html,Nero WaveEditor,Version: 12.0.12000, File size: 62.08MB ,Date added: January 26  2014,Price: Free ,Operating system: Windows XP/Vista/7/8,Total downloads: 1 526,Downloads last week: 335
http://download.cnet.com/windows/mp3-and-audio-software/?tag=rb_content;main,mp3-and-audio-software,http://download.cnet.com/windows/audio-production-and-recording-software/,Audio Production & Recording Software,http://download.cnet.com/Free-MP3-Cutter-and-Editor-Portable/3000-2025_4-75449842.html,Free MP3 Cutter and Editor Portable,Version: 2.5.0.504, File size: 2.09MB ,Date added: August 01  2011,Price: Free ,Operating system: Windows 2000/XP/2003/Vista/Server 2008/7,Total downloads: 25 651,Downloads last week: 331
http://download.cnet.com/windows/mp3-and-audio-software/?tag=rb_content;main,mp3-and-audio-software,http://download.cnet.com/windows/audio-production-and-recording-software/,Audio Production & Recording Software,http://download.cnet.com/Vocal-Remover/3000-2025_4-75363210.html,Vocal Remover,Version: 1.4, File size: 3.64MB ,Date added: February 02  2012,Price: Free ,Operating system: Windows 98/Me/2000/XP/Vista/7,Total downloads: 38 723,Downloads last week: 271
http://download.cnet.com/windows/mp3-and-audio-software/?tag=rb_content;main,mp3-and-audio-software,http://download.cnet.com/windows/audio-production-and-recording-software/,Audio Production & Recording Software,http://download.cnet.com/CyberLink-AudioDirector/3000-2025_4-75764602.html,CyberLink AudioDirector,Version: 4, File size: 1 004.96K ,Date added: September 06  2013,Price: Free to try (30-day trial); $129.99 to buy (Buy it now) ,Operating system: Windows XP/Vista/7/8,Total downloads: 16 226,Downloads last week: 274
http://download.cnet.com/windows/mp3-and-audio-software/?tag=rb_content;main,mp3-and-audio-software,http://download.cnet.com/windows/audio-production-and-recording-software/,Audio Production & Recording Software,http://download.cnet.com/Samplitude-Music-Studio/3000-2025_4-10850186.html,Samplitude Music Studio,Version: 2014, File size: 208.17MB ,Date added: January 26  2014,Price: Free to try (30-day trial); $99.99 to buy (Buy it now) ,Operating system: Windows XP/Vista/7/8,Total downloads: 141 757,Downloads last week: 279
http://download.cnet.com/windows/mp3-and-audio-software/?tag=rb_content;main,mp3-and-audio-software,http://download.cnet.com/windows/audio-production-and-recording-software/,Audio Production & Recording Software,http://download.cnet.com/Direct-MIDI-to-MP3-Converter/3000-2025_4-10388970.html,Direct MIDI to MP3 Converter,Version: 6.2.2.46, File size: 9.9MB ,Date added: May 26  2010,Price: Free to try (30-day trial); $29.95 to buy (Buy it now) ,Operating system: Windows 95/NT/98/Me/2000/XP/2003/Vista/Server 2008/7,Total downloads: 768 648,Downloads last week: 330
http://download.cnet.com/windows/mp3-and-audio-software/?tag=rb_content;main,mp3-and-audio-software,http://download.cnet.com/windows/audio-production-and-recording-software/,Audio Production & Recording Software,http://download.cnet.com/Super-Sound-Recorder-Pro/3000-2025_4-10154047.html,Super Sound Recorder Pro,Version: 4.2.2, File size: 2.77MB ,Date added: April 28  2009,Price: Free to try (40-second recording trial); $29.95 to buy ,Operating system: Windows 95/NT/98/Me/2000/XP/Vista,Total downloads: 102 894,Downloads last week: 285
http://download.cnet.com/windows/mp3-and-audio-software/?tag=rb_content;main,mp3-and-audio-software,http://download.cnet.com/windows/audio-production-and-recording-software/,Audio Production & Recording Software,http://download.cnet.com/Magix-Music-Maker-2014-Premium/3000-2025_4-75879810.html,Magix Music Maker 2014 Premium,Version: 2014, File size: 412.49MB ,Date added: January 20  2014,Price: Free to try (30-day trial); $99.99 to buy (Buy it now) ,Operating system: Windows XP/Vista/7/8,Total downloads: 21 704,Downloads last week: 235
http://download.cnet.com/windows/mp3-and-audio-software/?tag=rb_content;main,mp3-and-audio-software,http://download.cnet.com/windows/audio-production-and-recording-software/,Audio Production & Recording Software,http://download.cnet.com/Wave-Editor/3000-2025_4-10905085.html,Wave Editor,Version: 3.3.1, File size: 1.11MB ,Date added: June 12  2013,Price: Free ,Operating system: Windows 2000/XP/2003/Vista/7,Total downloads: 18 297,Downloads last week: 204
http://download.cnet.com/windows/mp3-and-audio-software/?tag=rb_content;main,mp3-and-audio-software,http://download.cnet.com/windows/audio-production-and-recording-software/,Audio Production & Recording Software,http://download.cnet.com/Easy-MP3-Audio-Mixer/3000-2025_4-10500551.html,Easy MP3 Audio Mixer,Version: 2.01, File size: 1.17MB ,Date added: February 09  2006,Price: Free to try (7-day trial); $29.95 to buy ,Operating system: Windows NT/98/Me/2000/XP,Total downloads: 90 971,Downloads last week: 261
http://download.cnet.com/windows/mp3-and-audio-software/?tag=rb_content;main,mp3-and-audio-software,http://download.cnet.com/windows/audio-production-and-recording-software/,Audio Production & Recording Software,http://download.cnet.com/Power-MP3-Recorder-Cutter/3000-2025_4-10070004.html,Power MP3 Recorder Cutter,Version: 6.5, File size: 1.88MB ,Date added: December 25  2013,Price: Free to try (30-second cut/record trial); $29.95 to buy (Buy it now) ,Operating system: Windows NT/98/Me/2000/XP/2003/Vista/Server 2008/7,Total downloads: 877 624,Downloads last week: 244
http://download.cnet.com/windows/mp3-and-audio-software/?tag=rb_content;main,mp3-and-audio-software,http://download.cnet.com/windows/audio-production-and-recording-software/,Audio Production & Recording Software,http://download.cnet.com/Listen-To-YouTube/3000-2025_4-75450790.html,Listen To YouTube,Version: 6.2, File size: 12.29MB ,Date added: December 16  2013,Price: Free ,Operating system: Windows NT/98/Me/2000/XP/2003/Vista/Server 2008/7/8,Total downloads: 24 040,Downloads last week: 215
http://download.cnet.com/windows/mp3-and-audio-software/?tag=rb_content;main,mp3-and-audio-software,http://download.cnet.com/windows/audio-production-and-recording-software/,Audio Production & Recording Software,http://download.cnet.com/Apowersoft-Free-Audio-Recorder/3000-2025_4-75959668.html,Apowersoft Free Audio Recorder,Version: 2.1.7, File size: 7.27MB ,Date added: September 04  2013,Price: Free ,Operating system: Windows XP/2003/Vista/7/8,Total downloads: 8 083,Downloads last week: 236
http://download.cnet.com/windows/mp3-and-audio-software/?tag=rb_content;main,mp3-and-audio-software,http://download.cnet.com/windows/audio-production-and-recording-software/,Audio Production & Recording Software,http://download.cnet.com/Reason/3000-2025_4-10051253.html,Reason,Version: 4.0.1, File size: 141.92MB ,Date added: November 11  2008,Price: Free to try; $449.00 to buy ,Operating system: Windows 98/2000/XP,Total downloads: 712 765,Downloads last week: 239
http://download.cnet.com/windows/mp3-and-audio-software/?tag=rb_content;main,mp3-and-audio-software,http://download.cnet.com/windows/audio-production-and-recording-software/,Audio Production & Recording Software,http://download.cnet.com/Balabolka-Portable/3000-2025_4-75182537.html,Balabolka Portable,Version: 2.8.0.557, File size: 8.94MB ,Date added: August 28  2013,Price: Free ,Operating system: Windows XP/Vista/7/8,Total downloads: 19 208,Downloads last week: 262
http://download.cnet.com/windows/mp3-and-audio-software/?tag=rb_content;main,mp3-and-audio-software,http://download.cnet.com/windows/audio-production-and-recording-software/,Audio Production & Recording Software,http://download.cnet.com/DJ-Audio-Editor/3000-2025_4-10810386.html,DJ Audio Editor,Version: 4.8, File size: 17.96MB ,Date added: January 29  2014,Price: Free to try (Save length limitation); $29.95 to buy (Buy it now) ,Operating system: Windows XP/Vista/7/8,Total downloads: 26 058,Downloads last week: 235
http://download.cnet.com/windows/mp3-and-audio-software/?tag=rb_content;main,mp3-and-audio-software,http://download.cnet.com/windows/audio-production-and-recording-software/,Audio Production & Recording Software,http://download.cnet.com/Anvil-Studio/3000-2025_4-10018271.html,Anvil Studio,Version: 2014.03.01, File size: 2.98MB ,Date added: March 19  2014,Price: Free ,Operating system: Windows XP/Vista/7/8,Total downloads: 887 792,Downloads last week: 253
http://download.cnet.com/windows/mp3-and-audio-software/?tag=rb_content;main,mp3-and-audio-software,http://download.cnet.com/windows/audio-production-and-recording-software/,Audio Production & Recording Software,http://download.cnet.com/Free-MP3-Cutter/3000-2025_4-75331932.html,Free MP3 Cutter,Version: 2.0.3, File size: 4.92MB ,Date added: August 15  2013,Price: Free ,Operating system: Windows NT/98/Me/2000/XP/2003/Vista/Server 2008/7/8,Total downloads: 9 434,Downloads last week: 178
http://download.cnet.com/windows/mp3-and-audio-software/?tag=rb_content;main,mp3-and-audio-software,http://download.cnet.com/windows/audio-production-and-recording-software/,Audio Production & Recording Software,http://download.cnet.com/Free-Easy-MP3-Sound-Recorder/3000-2025_4-10547650.html,Free Easy MP3 Sound Recorder,Version: 2.01, File size: 5.14MB ,Date added: June 26  2006,Price: Free ,Operating system: Windows 95/NT/98/Me/2000/XP,Total downloads: 182 047,Downloads last week: 195
http://download.cnet.com/windows/mp3-and-audio-software/?tag=rb_content;main,mp3-and-audio-software,http://download.cnet.com/windows/audio-production-and-recording-software/,Audio Production & Recording Software,http://download.cnet.com/Acala-Free-Audio-Recorder/3000-2025_4-75693750.html,Acala Free Audio Recorder,Version: 4.2.6, File size: 1.8MB ,Date added: January 18  2013,Price: Free ,Operating system: Windows NT/2000/XP/2003/Vista/Server 2008/7/8,Total downloads: 172 688,Downloads last week: 201
http://download.cnet.com/windows/mp3-and-audio-software/?tag=rb_content;main,mp3-and-audio-software,http://download.cnet.com/windows/audio-production-and-recording-software/,Audio Production & Recording Software,http://download.cnet.com/Free-Voice-Recorder/3000-2025_4-75937533.html,Free Voice Recorder,Version: 1.0, File size: 9.32MB ,Date added: June 18  2013,Price: Free ,Operating system: Windows XP/Vista/7/8,Total downloads: 1 435,Downloads last week: 192
http://download.cnet.com/windows/mp3-and-audio-software/?tag=rb_content;main,mp3-and-audio-software,http://download.cnet.com/windows/audio-production-and-recording-software/,Audio Production & Recording Software,http://download.cnet.com/Evaer-Skype-Video-Recorder/3000-2152_4-75329700.html,Evaer Skype Video Recorder,Version: 1.3.3.19, File size: 11.39MB ,Date added: March 26  2013,Price: Free to try (5-minute record trial); $19.95 to buy (Buy it now) ,Operating system: Windows XP/Vista/7/8,Total downloads: 28 427,Downloads last week: 184
http://download.cnet.com/windows/mp3-and-audio-software/?tag=rb_content;main,mp3-and-audio-software,http://download.cnet.com/windows/audio-production-and-recording-software/,Audio Production & Recording Software,http://download.cnet.com/vanBasco-s-Karaoke-Player/3000-2025_4-10017880.html,vanBasco's Karaoke Player,Version: 2.53, File size: 777.34K ,Date added: March 13  2004,Price: Free ,Operating system: Windows 95/NT/98/2000/XP,Total downloads: 194 191,Downloads last week: 170
http://download.cnet.com/windows/mp3-and-audio-software/?tag=rb_content;main,mp3-and-audio-software,http://download.cnet.com/windows/audio-production-and-recording-software/,Audio Production & Recording Software,http://download.cnet.com/Virtual-DJ-Prophet-Turntable-Mixing-Studio/3000-2025_4-10803820.html,Virtual DJ Prophet - Turntable Mixing Studio,Version: 2.2, File size: 11.06MB ,Date added: February 03  2012,Price: Free to try (Session time limit  frequent audio message); $39.95 to buy (Buy it now) ,Operating system: Windows NT/2000/XP/Vista/7,Total downloads: 805 370,Downloads last week: 196
http://download.cnet.com/windows/mp3-and-audio-software/?tag=rb_content;main,mp3-and-audio-software,http://download.cnet.com/windows/audio-production-and-recording-software/,Audio Production & Recording Software,http://download.cnet.com/RadioCatch-Web-Radio-Recorder/3000-2025_4-75444811.html,RadioCatch Web Radio Recorder,Version: 5.1.1, File size: 7.19MB ,Date added: December 09  2013,Price: Free ,Operating system: Windows 2000/XP/2003/Vista/Server 2008/7/8,Total downloads: 5 784,Downloads last week: 171
http://download.cnet.com/windows/mp3-and-audio-software/?tag=rb_content;main,mp3-and-audio-software,http://download.cnet.com/windows/audio-production-and-recording-software/,Audio Production & Recording Software,http://download.cnet.com/TinyTask/3000-2025_4-75373344.html,TinyTask,Version: 1.50, File size: 33K ,Date added: March 12  2012,Price: Free ,Operating system: Windows NT/98/Me/2000/XP/2003/Vista/7,Total downloads: 9 978,Downloads last week: 174
http://download.cnet.com/windows/mp3-and-audio-software/?tag=rb_content;main,mp3-and-audio-software,http://download.cnet.com/windows/audio-production-and-recording-software/,Audio Production & Recording Software,http://download.cnet.com/Sound-Forge-Audio-Studio-10/3000-2025_4-10498419.html,Sound Forge Audio Studio 10,Version: 10.0 Build 252, File size: 148.98MB ,Date added: September 13  2012,Price: Free to try (30-day trial); $59.95 to buy (Buy it now) ,Operating system: Windows Vista/7/8,Total downloads: 118 795,Downloads last week: 151
http://download.cnet.com/windows/mp3-and-audio-software/?tag=rb_content;main,mp3-and-audio-software,http://download.cnet.com/windows/audio-production-and-recording-software/,Audio Production & Recording Software,http://download.cnet.com/MP3-Audio-Recorder-Professional/3000-2025_4-10868159.html,MP3 Audio Recorder Professional,Version: 10.03, File size: 5.7MB ,Date added: November 24  2010,Price: Free to try (120-second record trial); $29.95 to buy (Buy it now) ,Operating system: Windows NT/98/Me/2000/XP/2003/Vista/Server 2008/7,Total downloads: 4 287,Downloads last week: 145
http://download.cnet.com/windows/mp3-and-audio-software/?tag=rb_content;main,mp3-and-audio-software,http://download.cnet.com/windows/audio-production-and-recording-software/,Audio Production & Recording Software,http://download.cnet.com/Free-MP3-Editor/3000-2025_4-75685443.html,Free MP3 Editor,Version: 1.2.7, File size: 839.48K ,Date added: March 27  2012,Price: Free ,Operating system: Windows 2000/XP/Vista/7,Total downloads: 22 874,Downloads last week: 148
http://download.cnet.com/windows/mp3-and-audio-software/?tag=rb_content;main,mp3-and-audio-software,http://download.cnet.com/windows/audio-production-and-recording-software/,Audio Production & Recording Software,http://download.cnet.com/MadTracker/3000-2025_4-10393372.html,MadTracker,Version: 2.6.1, File size: 14.01MB ,Date added: March 06  2006,Price: Free ,Operating system: Windows 95/NT/98/Me/2000/XP/2003/Vista/Server 2008/7,Total downloads: 535 379,Downloads last week: 165
http://download.cnet.com/windows/mp3-and-audio-software/?tag=rb_content;main,mp3-and-audio-software,http://download.cnet.com/windows/audio-production-and-recording-software/,Audio Production & Recording Software,http://download.cnet.com/Virtual-Drum/3000-2025_4-10450852.html,Virtual Drum,Version: 1, File size: 186.54K ,Date added: December 01  2005,Price: Free ,Operating system: Windows XP,Total downloads: 75 641,Downloads last week: 154
http://download.cnet.com/windows/mp3-and-audio-software/?tag=rb_content;main,mp3-and-audio-software,http://download.cnet.com/windows/audio-production-and-recording-software/,Audio Production & Recording Software,http://download.cnet.com/Wavosaur/3000-2025_4-10632135.html,Wavosaur,Version: 1.1.0.0, File size: 288.44K ,Date added: December 06  2013,Price: Free ,Operating system: Windows 2000/XP/Vista/7,Total downloads: 86 668,Downloads last week: 162
http://download.cnet.com/windows/mp3-and-audio-software/?tag=rb_content;main,mp3-and-audio-software,http://download.cnet.com/windows/audio-production-and-recording-software/,Audio Production & Recording Software,http://download.cnet.com/HammerHead-Rhythm-Station/3000-2025_4-10027874.html,HammerHead Rhythm Station,Version: 1.0, File size: 384K ,Date added: March 16  1999,Price: Free ,Operating system: Windows 95/NT/98,Total downloads: 996 867,Downloads last week: 144
http://download.cnet.com/windows/mp3-and-audio-software/?tag=rb_content;main,mp3-and-audio-software,http://download.cnet.com/windows/audio-production-and-recording-software/,Audio Production & Recording Software,http://download.cnet.com/Listen-N-Write/3000-2025_4-75416316.html,Listen N Write,Version: 1.12.0.11, File size: 1.33MB ,Date added: June 06  2013,Price: Free ,Operating system: Windows 2000/XP/2003/Vista/Server 2008/7/8,Total downloads: 19 775,Downloads last week: 152
http://download.cnet.com/windows/mp3-and-audio-software/?tag=rb_content;main,mp3-and-audio-software,http://download.cnet.com/windows/audio-production-and-recording-software/,Audio Production & Recording Software,http://download.cnet.com/Guitar-FX-Box/3000-2025_4-10824648.html,Guitar FX Box,Version: 3, File size: 1.43MB ,Date added: July 06  2010,Price: Free to try (30-day trial  some features disabled); $25.00 to buy (Buy it now) ,Operating system: Windows 95/98/Me/2000/XP/Vista/7,Total downloads: 80 179,Downloads last week: 159
http://download.cnet.com/windows/mp3-and-audio-software/?tag=rb_content;main,mp3-and-audio-software,http://download.cnet.com/windows/audio-production-and-recording-software/,Audio Production & Recording Software,http://download.cnet.com/Dance-eJay/3000-2025_4-10891675.html,Dance eJay,Version: 7, File size: 91.4MB ,Date added: October 06  2008,Price: Free to try (Limited features) ,Operating system: Windows 2000/XP/Vista,Total downloads: 215 409,Downloads last week: 116
http://download.cnet.com/windows/mp3-and-audio-software/?tag=rb_content;main,mp3-and-audio-software,http://download.cnet.com/windows/audio-production-and-recording-software/,Audio Production & Recording Software,http://download.cnet.com/The-Music-Producer/3000-2025_4-10967359.html,The Music Producer,Version: 2.1, File size: 86.37MB ,Date added: January 06  2011,Price: Free to try (30-day trial Does not include complete music sample library of over 3400 music samples); $39.95 to buy (Buy it now) ,Operating system: Windows 98/2000/XP/2003/Vista/7,Total downloads: 32 932,Downloads last week: 117
http://download.cnet.com/windows/mp3-and-audio-software/?tag=rb_content;main,mp3-and-audio-software,http://download.cnet.com/windows/audio-production-and-recording-software/,Audio Production & Recording Software,http://download.cnet.com/Kontakt-Player/3000-2025_4-10161711.html,Kontakt Player,Version: 4.1.1, File size: 362MB ,Date added: August 18  2010,Price: Free ,Operating system: Windows XP/Vista/7,Total downloads: 27 362,Downloads last week: 116
http://download.cnet.com/windows/mp3-and-audio-software/?tag=rb_content;main,mp3-and-audio-software,http://download.cnet.com/windows/audio-production-and-recording-software/,Audio Production & Recording Software,http://download.cnet.com/Sonar-Producer-Edition/3000-2025_4-10477941.html,Sonar Producer Edition,Version: 5.0.1, File size: 54.18MB ,Date added: December 20  2005,Price: Free to try (Some features disabled); $799.00 to buy (Buy it now) ,Operating system: Windows XP,Total downloads: 210 782,Downloads last week: 128
http://download.cnet.com/windows/mp3-and-audio-software/?tag=rb_content;main,mp3-and-audio-software,http://download.cnet.com/windows/audio-production-and-recording-software/,Audio Production & Recording Software,http://download.cnet.com/Audio-Splitter/3000-2025_4-75447555.html,Audio Splitter,Version: 3.0.1, File size: 9.99MB ,Date added: December 04  2013,Price: Free ,Operating system: Windows NT/98/Me/2000/XP/2003/Vista/Server 2008/7/8,Total downloads: 4 346,Downloads last week: 131
http://download.cnet.com/windows/mp3-and-audio-software/?tag=rb_content;main,mp3-and-audio-software,http://download.cnet.com/windows/audio-production-and-recording-software/,Audio Production & Recording Software,http://download.cnet.com/Quartz-AudioMaster-Freeware/3000-2025_4-10052150.html,Quartz AudioMaster Freeware,Version: 4.6, File size: 2.8MB ,Date added: December 12  2000,Price: Free ,Operating system: Windows 95/NT/98/2000,Total downloads: 460 666,Downloads last week: 132
http://download.cnet.com/windows/mp3-and-audio-software/?tag=rb_content;main,mp3-and-audio-software,http://download.cnet.com/windows/audio-production-and-recording-software/,Audio Production & Recording Software,http://download.cnet.com/Sibelius/3000-2025_4-10227738.html,Sibelius,Version: 7.1.3, File size: 520.08MB ,Date added: September 27  2012,Price: Free to try; $599.95 to buy ,Operating system: Windows XP/Vista/7,Total downloads: 133 051,Downloads last week: 144
http://download.cnet.com/windows/mp3-and-audio-software/?tag=rb_content;main,mp3-and-audio-software,http://download.cnet.com/windows/audio-production-and-recording-software/,Audio Production & Recording Software,http://download.cnet.com/Easy-Hi-Q-Recorder/3000-2025_4-48721.html,Easy Hi-Q Recorder,Version: 2.5, File size: 7.13MB ,Date added: June 04  2012,Price: Purchase; $29.95 to buy (Buy it now) ,Operating system: Windows 98/2000/XP/Vista/7,Total downloads: 14 979,Downloads last week: 117
http://download.cnet.com/windows/mp3-and-audio-software/?tag=rb_content;main,mp3-and-audio-software,http://download.cnet.com/windows/audio-production-and-recording-software/,Audio Production & Recording Software,http://download.cnet.com/PitchPerfect-Musical-Instrument-Tuner/3000-2025_4-10580133.html,PitchPerfect Musical Instrument Tuner,Version: 2.05, File size: 297.12K ,Date added: May 30  2013,Price: Free ,Operating system: Windows XP/Vista/7/8,Total downloads: 36 586,Downloads last week: 116
http://download.cnet.com/windows/mp3-and-audio-software/?tag=rb_content;main,mp3-and-audio-software,http://download.cnet.com/windows/audio-production-and-recording-software/,Audio Production & Recording Software,http://download.cnet.com/Smart-MP3-to-WAV-Converter/3000-2025_4-10842369.html,Smart MP3 to WAV Converter,Version: 3.3, File size: 516.92K ,Date added: June 02  2011,Price: Free to try (60-percent conversion trial); $9.90 to buy (Buy it now) ,Operating system: Windows NT/98/Me/2000/XP/Vista/7,Total downloads: 3 703,Downloads last week: 131
http://download.cnet.com/windows/mp3-and-audio-software/?tag=rb_content;main,mp3-and-audio-software,http://download.cnet.com/windows/audio-production-and-recording-software/,Audio Production & Recording Software,http://download.cnet.com/Skype-Voice-Changer/3000-2025_4-75799330.html,Skype Voice Changer,Version: 2.1, File size: 4.97MB ,Date added: October 23  2012,Price: Free ,Operating system: Windows XP/2003/Vista/Server 2008/7/8,Total downloads: 4 278,Downloads last week: 115
http://download.cnet.com/windows/mp3-and-audio-software/?tag=rb_content;main,mp3-and-audio-software,http://download.cnet.com/windows/audio-production-and-recording-software/,Audio Production & Recording Software,http://download.cnet.com/n-Track-Studio-64-bit/3000-2025_4-75221764.html,n-Track Studio (64-bit),Version: 7.0.2 build 3046, File size: 35.41MB ,Date added: July 03  2013,Price: Free to try (10 days trial  nag message after trial has expired); $49.00 to buy (Buy it now) ,Operating system: Windows XP/2003/Vista/7/8,Total downloads: 4 912,Downloads last week: 111
http://download.cnet.com/windows/mp3-and-audio-software/?tag=rb_content;main,mp3-and-audio-software,http://download.cnet.com/windows/audio-production-and-recording-software/,Audio Production & Recording Software,http://download.cnet.com/Voxal-Voice-Changer/3000-2025_4-75922886.html,Voxal Voice Changer,Version: 1.03, File size: 734.55K ,Date added: February 05  2014,Price: Free; paid upgrade available ,Operating system: Windows XP/2003/Vista/7/8,Total downloads: 2 082,Downloads last week: 111
http://download.cnet.com/windows/mp3-and-audio-software/?tag=rb_content;main,mp3-and-audio-software,http://download.cnet.com/windows/audio-production-and-recording-software/,Audio Production & Recording Software,http://download.cnet.com/Allok-OGG-MP3-Converter/3000-2025_4-10493174.html,Allok OGG MP3 Converter,Version: 1.1, File size: 6.36MB ,Date added: March 01  2006,Price: Free to try (15-file conversion trial); $19.00 to buy (Buy it now) ,Operating system: Windows 98/Me/2000/XP,Total downloads: 5 406,Downloads last week: 105
http://download.cnet.com/windows/mp3-and-audio-software/?tag=rb_content;main,mp3-and-audio-software,http://download.cnet.com/windows/audio-production-and-recording-software/,Audio Production & Recording Software,http://download.cnet.com/MKVToolnix/3000-2025_4-75684207.html,MKVToolnix,Version: 6.0, File size: 8.12MB ,Date added: January 21  2013,Price: Free ,Operating system: Windows 2000/XP/Vista/7,Total downloads: 11 316,Downloads last week: 112
http://download.cnet.com/windows/mp3-and-audio-software/?tag=rb_content;main,mp3-and-audio-software,http://download.cnet.com/windows/audio-production-and-recording-software/,Audio Production & Recording Software,http://download.cnet.com/The-Levelator/3000-2025_4-197650.html,The Levelator,Version: 2.1.1, File size: 6.72MB ,Date added: July 07  2010,Price: Free ,Operating system: Windows XP/Vista/7,Total downloads: 8 917,Downloads last week: 108
http://download.cnet.com/windows/mp3-and-audio-software/?tag=rb_content;main,mp3-and-audio-software,http://download.cnet.com/windows/audio-production-and-recording-software/,Audio Production & Recording Software,http://download.cnet.com/AAMS-Auto-Audio-Mastering-System/3000-2025_4-10352089.html,AAMS Auto Audio Mastering System,Version: 2.5, File size: 15.74MB ,Date added: February 14  2013,Price: Free ,Operating system: Windows XP,Total downloads: 63 950,Downloads last week: 113
http://download.cnet.com/windows/mp3-and-audio-software/?tag=rb_content;main,mp3-and-audio-software,http://download.cnet.com/windows/audio-production-and-recording-software/,Audio Production & Recording Software,http://download.cnet.com/BPM-Studio-Pro/3000-2025_4-10065154.html,BPM Studio Pro,Version: 4.9.9.4, File size: 11.08MB ,Date added: September 23  2010,Price: Free to try (Save-disabled  60-minute limit) ,Operating system: Windows NT/Me/2000/XP/Vista/7,Total downloads: 633 250,Downloads last week: 104
http://download.cnet.com/windows/mp3-and-audio-software/?tag=rb_content;main,mp3-and-audio-software,http://download.cnet.com/windows/audio-production-and-recording-software/,Audio Production & Recording Software,http://download.cnet.com/The-Total-Composure-Orchestra/3000-2025_4-75807687.html,The Total Composure Orchestra,Version: 1.0, File size: 420.93MB ,Date added: November 11  2012,Price: Free ,Operating system: Windows XP/Vista/7/8,Total downloads: 4 947,Downloads last week: 98
http://download.cnet.com/windows/mp3-and-audio-software/?tag=rb_content;main,mp3-and-audio-software,http://download.cnet.com/windows/audio-production-and-recording-software/,Audio Production & Recording Software,http://download.cnet.com/Lvbs-X/3000-2025_4-10559204.html,Lvbs X,Version: 2.1, File size: 29.83MB ,Date added: December 20  2006,Price: Free to try (7-day trial); $99.95 to buy (Buy it now) ,Operating system: Windows 2000/XP,Total downloads: 4 858,Downloads last week: 92
http://download.cnet.com/windows/mp3-and-audio-software/?tag=rb_content;main,mp3-and-audio-software,http://download.cnet.com/windows/audio-production-and-recording-software/,Audio Production & Recording Software,http://download.cnet.com/Sonar-X1/3000-2025_4-75452173.html,Sonar X1,Version: 18.0.2.8, File size: 611.62MB ,Date added: June 21  2011,Price: Free to try (Some features disabled); $399.00 to buy (Buy it now) ,Operating system: Windows XP/Vista/7,Total downloads: 29 820,Downloads last week: 104
http://download.cnet.com/windows/mp3-and-audio-software/?tag=rb_content;main,mp3-and-audio-software,http://download.cnet.com/windows/audio-production-and-recording-software/,Audio Production & Recording Software,http://download.cnet.com/Total-Recorder-Standard-Edition/3000-2025_4-10024762.html,Total Recorder Standard Edition,Version: 8.5, File size: 4.8MB ,Date added: November 07  2013,Price: Free to try (Audible noise every 60 seconds); $17.95 to buy (Buy it now) ,Operating system: Windows XP/Vista/7/8,Total downloads: 907 082,Downloads last week: 104
http://download.cnet.com/windows/mp3-and-audio-software/?tag=rb_content;main,mp3-and-audio-software,http://download.cnet.com/windows/audio-production-and-recording-software/,Audio Production & Recording Software,http://download.cnet.com/Replay-Music/3000-2025_4-10280521.html,Replay Music,Version: 6.0, File size: 15.74MB ,Date added: January 06  2014,Price: Free to try (25-song trial); $29.95 to buy (Buy it now) ,Operating system: Windows 2000/XP/Vista/7/8,Total downloads: 151 816,Downloads last week: 102
http://download.cnet.com/windows/mp3-and-audio-software/?tag=rb_content;main,mp3-and-audio-software,http://download.cnet.com/windows/audio-production-and-recording-software/,Audio Production & Recording Software,http://download.cnet.com/MixPad-Free/3000-2025_4-75913313.html,MixPad Free,Version: 3.48, File size: 963.02K ,Date added: November 25  2013,Price: Free ,Operating system: Windows NT/XP/7/8,Total downloads: 3 532,Downloads last week: 97
http://download.cnet.com/windows/mp3-and-audio-software/?tag=rb_content;main,mp3-and-audio-software,http://download.cnet.com/windows/audio-production-and-recording-software/,Audio Production & Recording Software,http://download.cnet.com/UltraMixer-Professional/3000-2025_4-10613876.html,UltraMixer Professional,Version: 3.2, File size: 69.76MB ,Date added: August 24  2012,Price: Free to try (60 minutes per session trial); $286.68 to buy (Buy it now) ,Operating system: Windows 2000/XP/Vista/7,Total downloads: 182 569,Downloads last week: 98
http://download.cnet.com/windows/mp3-and-audio-software/?tag=rb_content;main,mp3-and-audio-software,http://download.cnet.com/windows/audio-production-and-recording-software/,Audio Production & Recording Software,http://download.cnet.com/One-Man-Band-Originals/3000-2025_4-10387087.html,One Man Band Originals,Version: 10.2, File size: 4.17MB ,Date added: May 16  2009,Price: Free to try (30-day trial  save-disabled); $49.95 to buy ,Operating system: Windows NT/98/Me/2000/XP/Vista,Total downloads: 20 404,Downloads last week: 103
http://download.cnet.com/windows/mp3-and-audio-software/?tag=rb_content;main,mp3-and-audio-software,http://download.cnet.com/windows/audio-production-and-recording-software/,Audio Production & Recording Software,http://download.cnet.com/VirtualDeck-Pro/3000-2025_4-10658218.html,VirtualDeck Pro,Version: 1.02, File size: 574.52K ,Date added: February 02  2012,Price: Free to try (Short tone every 10 seconds); $19.99 to buy (Buy it now) ,Operating system: Windows NT/2000/XP/Vista,Total downloads: 687 896,Downloads last week: 96
http://download.cnet.com/windows/mp3-and-audio-software/?tag=rb_content;main,mp3-and-audio-software,http://download.cnet.com/windows/audio-production-and-recording-software/,Audio Production & Recording Software,http://download.cnet.com/Aegisub-32-bit/3000-2025_4-75785928.html,Aegisub (32-bit),Version: 3.0.4, File size: 21.65MB ,Date added: July 05  2013,Price: Free ,Operating system: Windows XP/2003/Vista/7,Total downloads: 2 577,Downloads last week: 91
http://download.cnet.com/windows/mp3-and-audio-software/?tag=rb_content;main,mp3-and-audio-software,http://download.cnet.com/windows/audio-production-and-recording-software/,Audio Production & Recording Software,http://download.cnet.com/Acoustic-Labs-Audio-Editor/3000-2025_4-10390914.html,Acoustic Labs Audio Editor,Version: 1.5.4, File size: 8.04MB ,Date added: November 22  2010,Price: Free to try (Save-disabled); $24.95 to buy (Buy it now) ,Operating system: Windows NT/98/Me/2000/XP/2003/Vista/Server 2008/7,Total downloads: 8 113,Downloads last week: 80
http://download.cnet.com/windows/mp3-and-audio-software/?tag=rb_content;main,mp3-and-audio-software,http://download.cnet.com/windows/audio-production-and-recording-software/,Audio Production & Recording Software,http://download.cnet.com/Voice-Changer/3000-2025_4-75764314.html,Voice Changer,Version: 1.1, File size: 5.76MB ,Date added: July 22  2013,Price: Free; ad-supported ,Operating system: Windows 98/Me/2000/XP/2003/Vista/Server 2008/7/8,Total downloads: 1 685,Downloads last week: 84
http://download.cnet.com/windows/mp3-and-audio-software/?tag=rb_content;main,mp3-and-audio-software,http://download.cnet.com/windows/audio-production-and-recording-software/,Audio Production & Recording Software,http://download.cnet.com/Free-MP3-Splitter/3000-2025_4-76086785.html,Free MP3 Splitter,Version: 1.1, File size: 105.91K ,Date added: March 14  2014,Price: Free ,Operating system: Windows NT/98/Me/2000/XP/2003/Vista/Server 2008/7/8,Total downloads: 244,Downloads last week: 86
http://download.cnet.com/windows/mp3-and-audio-software/?tag=rb_content;main,mp3-and-audio-software,http://download.cnet.com/windows/audio-production-and-recording-software/,Audio Production & Recording Software,http://download.cnet.com/Subtitle-Edit-Portable/3000-2025_4-75376262.html,Subtitle Edit Portable,Version: 3.3.5, File size: 4.76MB ,Date added: June 08  2013,Price: Free ,Operating system: Windows 98/2000/XP,Total downloads: 7 387,Downloads last week: 86
http://download.cnet.com/windows/mp3-and-audio-software/?tag=rb_content;main,mp3-and-audio-software,http://download.cnet.com/windows/audio-production-and-recording-software/,Audio Production & Recording Software,http://download.cnet.com/Guitar-Rig/3000-2025_4-51010.html,Guitar Rig,Version: 4.0.8, File size: 254.41MB ,Date added: July 08  2010,Price: Free to try (30-day trial); $199.00 to buy ,Operating system: Windows XP/Vista/7,Total downloads: 26 343,Downloads last week: 86
http://download.cnet.com/windows/mp3-and-audio-software/?tag=rb_content;main,mp3-and-audio-software,http://download.cnet.com/windows/audio-production-and-recording-software/,Audio Production & Recording Software,http://download.cnet.com/TurboBass-Express/3000-2025_4-10047365.html,TurboBass Express,Version: 6.01, File size: 817.99K ,Date added: March 04  2014,Price: Free ,Operating system: Windows NT/98/Me/2000/XP/2003/Vista/Server 2008/7/8,Total downloads: 72 563,Downloads last week: 88
http://download.cnet.com/windows/mp3-and-audio-software/?tag=rb_content;main,mp3-and-audio-software,http://download.cnet.com/windows/audio-production-and-recording-software/,Audio Production & Recording Software,http://download.cnet.com/Babya-Logic/3000-2025_4-10433193.html,Babya Logic,Version: 1.0, File size: 4MB ,Date added: September 20  2005,Price: Free ,Operating system: Windows NT/98/Me/2000/XP,Total downloads: 97 737,Downloads last week: 83
http://download.cnet.com/windows/mp3-and-audio-software/?tag=rb_content;main,mp3-and-audio-software,http://download.cnet.com/windows/audio-production-and-recording-software/,Audio Production & Recording Software,http://download.cnet.com/LMMS-32-bit/3000-2025_4-10967914.html,LMMS (32-bit),Version: 0.4.15, File size: 21.2MB ,Date added: June 12  2013,Price: Free ,Operating system: Windows 2000/XP/Vista/7,Total downloads: 33 724,Downloads last week: 87
http://download.cnet.com/windows/mp3-and-audio-software/?tag=rb_content;main,mp3-and-audio-software,http://download.cnet.com/windows/audio-production-and-recording-software/,Audio Production & Recording Software,http://download.cnet.com/Audacity-LADSPA-plug-ins-installer/3000-2025_4-10607999.html,Audacity LADSPA plug-ins installer,Version: 0.4.15, File size: 1.44MB ,Date added: November 27  2006,Price: Free ,Operating system: Windows 98/Me/2000/XP,Total downloads: 68 101,Downloads last week: 82
http://download.cnet.com/windows/mp3-and-audio-software/?tag=rb_content;main,mp3-and-audio-software,http://download.cnet.com/windows/audio-production-and-recording-software/,Audio Production & Recording Software,http://download.cnet.com/MixMeister-Studio/3000-2025_4-10578931.html,MixMeister Studio,Version: 7.4.4, File size: 55.69MB ,Date added: November 29  2009,Price: Free to try (Watermark message); $199.95 to buy ,Operating system: Windows XP,Total downloads: 42 897,Downloads last week: 80
http://download.cnet.com/windows/mp3-and-audio-software/?tag=rb_content;main,mp3-and-audio-software,http://download.cnet.com/windows/audio-production-and-recording-software/,Audio Production & Recording Software,http://download.cnet.com/EArt-Audio-Editor/3000-2025_4-10796530.html,EArt Audio Editor,Version: 4.0, File size: 6.16MB ,Date added: September 05  2013,Price: Free ,Operating system: Windows NT/98/Me/2000/XP/2003/Server 2008/7/8,Total downloads: 11 720,Downloads last week: 77
http://download.cnet.com/windows/mp3-and-audio-software/?tag=rb_content;main,mp3-and-audio-software,http://download.cnet.com/windows/audio-production-and-recording-software/,Audio Production & Recording Software,http://download.cnet.com/Acoustic-Labs-Audio-Editor/3000-2025_4-10390914.html,Acoustic Labs Audio Editor,Version: 1.5.4, File size: 8.04MB ,Date added: November 22  2010,Price: Free to try (Save-disabled); $24.95 to buy (Buy it now) ,Operating system: Windows NT/98/Me/2000/XP/2003/Vista/Server 2008/7,Total downloads: 8 113,Downloads last week: 80
http://download.cnet.com/windows/mp3-and-audio-software/?tag=rb_content;main,mp3-and-audio-software,http://download.cnet.com/windows/audio-production-and-recording-software/,Audio Production & Recording Software,http://download.cnet.com/Indeo-Video-Codec/3000-2025_4-20396.html,Indeo Video Codec,Version: 5.11, File size: 1.91MB ,Date added: January 01  2003,Price: Purchase ,Operating system: Windows 95/NT/98/2000/XP,Total downloads: 31 966,Downloads last week: 79
http://download.cnet.com/windows/mp3-and-audio-software/?tag=rb_content;main,mp3-and-audio-software,http://download.cnet.com/windows/audio-production-and-recording-software/,Audio Production & Recording Software,http://download.cnet.com/Sony-ACID-XPress-Free/3000-2025_4-10228817.html,Sony ACID XPress Free,Version: 7.0, File size: 44.04MB ,Date added: November 28  2012,Price: Free ,Operating system: Windows 98/Me/2000/XP/Vista/7/8,Total downloads: 405 423,Downloads last week: 73
http://download.cnet.com/windows/mp3-and-audio-software/?tag=rb_content;main,mp3-and-audio-software,http://download.cnet.com/windows/audio-production-and-recording-software/,Audio Production & Recording Software,http://download.cnet.com/Reaper-32-bit/3000-2025_4-10785303.html,Reaper (32-bit),Version: 4.402, File size: 7.01MB ,Date added: May 02  2013,Price: Free to try (30-day trial); $225.00 to buy ,Operating system: Windows 98/Me/2000/XP/Vista/7/8,Total downloads: 25 635,Downloads last week: 78
http://download.cnet.com/windows/mp3-and-audio-software/?tag=rb_content;main,mp3-and-audio-software,http://download.cnet.com/windows/audio-production-and-recording-software/,Audio Production & Recording Software,http://download.cnet.com/Piano-Chords/3000-2025_4-75185930.html,Piano Chords,Version: 1.4.2, File size: 1.56MB ,Date added: October 17  2012,Price: Free ,Operating system: Windows 98/Me/2000/XP/2003/Vista/Server 2008/7,Total downloads: 18 316,Downloads last week: 73
http://download.cnet.com/windows/mp3-and-audio-software/?tag=rb_content;main,mp3-and-audio-software,http://download.cnet.com/windows/audio-production-and-recording-software/,Audio Production & Recording Software,http://download.cnet.com/FlexiMusic-Audio-Editor/3000-2025_4-75347793.html,FlexiMusic Audio Editor,Version: May2011, File size: 26.09MB ,Date added: May 25  2011,Price: Free to try (7-day trial); $40.00 to buy (Buy it now) ,Operating system: Windows 98/Me/2000/XP/2003/7,Total downloads: 1 631,Downloads last week: 78
http://download.cnet.com/windows/mp3-and-audio-software/?tag=rb_content;main,mp3-and-audio-software,http://download.cnet.com/windows/audio-production-and-recording-software/,Audio Production & Recording Software,http://download.cnet.com/Krystal-Audio-Engine/3000-2025_4-10048436.html,Krystal Audio Engine,Version: 1.0.1, File size: 3.51MB ,Date added: March 17  2006,Price: Free ,Operating system: Windows 2000/XP,Total downloads: 50 427,Downloads last week: 69
http://download.cnet.com/windows/mp3-and-audio-software/?tag=rb_content;main,mp3-and-audio-software,http://download.cnet.com/windows/audio-production-and-recording-software/,Audio Production & Recording Software,http://download.cnet.com/Free-Mp3-Recorder/3000-2025_4-75617357.html,Free Mp3 Recorder,Version: 1.1, File size: 1.17MB ,Date added: January 04  2012,Price: Free ,Operating system: Windows XP/2003/Vista/Server 2008/7,Total downloads: 4 422,Downloads last week: 68
http://download.cnet.com/windows/mp3-and-audio-software/?tag=rb_content;main,mp3-and-audio-software,http://download.cnet.com/windows/audio-production-and-recording-software/,Audio Production & Recording Software,http://download.cnet.com/MIDI-To-WAV-Converter/3000-2025_4-10833627.html,MIDI To WAV Converter,Version: 6.1, File size: 8.09MB ,Date added: October 19  2009,Price: Free to try (60-second limit); $29.95 to buy ,Operating system: Windows 2000/XP/Vista/7,Total downloads: 22 384,Downloads last week: 71
http://download.cnet.com/windows/mp3-and-audio-software/?tag=rb_content;main,mp3-and-audio-software,http://download.cnet.com/windows/audio-production-and-recording-software/,Audio Production & Recording Software,http://download.cnet.com/HD-Audio-Recorder/3000-2025_4-75029764.html,HD Audio Recorder,Version: 1.1.6, File size: 296K ,Date added: May 20  2010,Price: Free to try (1.5-minute record trial); $24.95 to buy (Buy it now) ,Operating system: Windows XP/2003/Vista/Server 2008/7,Total downloads: 5 213,Downloads last week: 70
http://download.cnet.com/windows/mp3-and-audio-software/?tag=rb_content;main,mp3-and-audio-software,http://download.cnet.com/windows/audio-production-and-recording-software/,Audio Production & Recording Software,http://download.cnet.com/n-Track-Studio-32-bit/3000-2025_4-10004489.html,n-Track Studio (32 bit),Version: 7.0.3 build 3119, File size: 31.5MB ,Date added: February 21  2014,Price: Free to try (Nag screen  nag sound); $44.80 to buy (Buy it now) ,Operating system: Windows XP/2003/Vista/7/8,Total downloads: 374 919,Downloads last week: 69
http://download.cnet.com/windows/mp3-and-audio-software/?tag=rb_content;main,mp3-and-audio-software,http://download.cnet.com/windows/audio-production-and-recording-software/,Audio Production & Recording Software,http://download.cnet.com/MP3-Key-Shifter/3000-2025_4-10825395.html,MP3 Key Shifter,Version: 3.3, File size: 683.15K ,Date added: April 01  2008,Price: Free to try (10-day trial  save function disabled); $47.00 to buy (Buy it now) ,Operating system: Windows 95/98/Me/XP/Vista,Total downloads: 19 187,Downloads last week: 73
http://download.cnet.com/windows/mp3-and-audio-software/?tag=rb_content;main,mp3-and-audio-software,http://download.cnet.com/windows/audio-production-and-recording-software/,Audio Production & Recording Software,http://download.cnet.com/Acoustica-Mixcraft-Recording-Studio/3000-2025_4-68597.html,Acoustica Mixcraft Recording Studio,Version: 4.2 Build 102, File size: 455.08K ,Date added: October 15  2008,Price: Free to try; $49.95 to buy ,Operating system: Windows 95/NT/98/2000/XP/Vista,Total downloads: 109 440,Downloads last week: 70
http://download.cnet.com/windows/mp3-and-audio-software/?tag=rb_content;main,mp3-and-audio-software,http://download.cnet.com/windows/audio-production-and-recording-software/,Audio Production & Recording Software,http://download.cnet.com/Aktiv-MP3-Recorder/3000-2025_4-10911882.html,Aktiv MP3 Recorder,Version: 3.4, File size: 12.27MB ,Date added: August 18  2013,Price: Free ,Operating system: Windows NT/98/Me/2000/XP/2003/Vista/Server 2008/7,Total downloads: 14 936,Downloads last week: 69
http://download.cnet.com/windows/mp3-and-audio-software/?tag=rb_content;main,mp3-and-audio-software,http://download.cnet.com/windows/audio-production-and-recording-software/,Audio Production & Recording Software,http://download.cnet.com/NanoStudio/3000-2025_4-75747223.html,NanoStudio,Version: 1.41, File size: 61.5MB ,Date added: June 17  2013,Price: Free ,Operating system: Windows XP/Vista/7/8,Total downloads: 16 580,Downloads last week: 71
http://download.cnet.com/windows/mp3-and-audio-software/?tag=rb_content;main,mp3-and-audio-software,http://download.cnet.com/windows/audio-production-and-recording-software/,Audio Production & Recording Software,http://download.cnet.com/Overture/3000-2025_4-10711.html,Overture,Version: 4.0.2, File size: 12 bytes ,Date added: May 11  2007,Price: Purchase; $349.00 to buy ,Operating system: Windows 95/NT/98/2000/XP,Total downloads: 32 909,Downloads last week: 68
http://download.cnet.com/windows/mp3-and-audio-software/?tag=rb_content;main,mp3-and-audio-software,http://download.cnet.com/windows/audio-production-and-recording-software/,Audio Production & Recording Software,http://download.cnet.com/MultitrackStudio-Lite/3000-2025_4-10068099.html,MultitrackStudio Lite,Version: 7.4, File size: 3.62MB ,Date added: May 01  2013,Price: Free; Paid Upgrade available ,Operating system: Windows 2000/XP/Vista/7/8,Total downloads: 182 737,Downloads last week: 67
http://download.cnet.com/windows/mp3-and-audio-software/?tag=rb_content;main,mp3-and-audio-software,http://download.cnet.com/windows/audio-production-and-recording-software/,Audio Production & Recording Software,http://download.cnet.com/DeluxeMasteringSuite/3000-2025_4-10489499.html,DeluxeMasteringSuite,Version: 6.8.3, File size: 1.26MB ,Date added: January 08  2014,Price: Free to try (Saves beeps in output); $134.99 to buy (Buy it now) ,Operating system: Windows XP/Vista/7/8,Total downloads: 11 921,Downloads last week: 68
http://download.cnet.com/windows/mp3-and-audio-software/?tag=rb_content;main,mp3-and-audio-software,http://download.cnet.com/windows/audio-production-and-recording-software/,Audio Production & Recording Software,http://download.cnet.com/Acoustica-Beatcraft/3000-2025_4-10357470.html,Acoustica Beatcraft,Version: 1.02 build 19, File size: 8.32MB ,Date added: March 06  2007,Price: Free to try (7-day trial); $39.95 to buy ,Operating system: Windows 95/NT/98/Me/2000/XP,Total downloads: 92 476,Downloads last week: 58
http://download.cnet.com/windows/mp3-and-audio-software/?tag=rb_content;main,mp3-and-audio-software,http://download.cnet.com/windows/audio-production-and-recording-software/,Audio Production & Recording Software,http://download.cnet.com/Techno-eJay/3000-2025_4-10891701.html,Techno eJay,Version: 5, File size: 148.46MB ,Date added: October 06  2008,Price: Free to try (Limited functionality) ,Operating system: Windows 2000/XP/Vista,Total downloads: 119 414,Downloads last week: 64
http://download.cnet.com/windows/mp3-and-audio-software/?tag=rb_content;main,mp3-and-audio-software,http://download.cnet.com/windows/audio-production-and-recording-software/,Audio Production & Recording Software,http://download.cnet.com/Tabla-Pro-Loops-Studio/3000-2025_4-75563175.html,Tabla Pro Loops Studio,Version: 2.0, File size: 8.06MB ,Date added: September 06  2011,Price: Purchase; $5.00 to buy (Buy it now) ,Operating system: Windows Me/XP/Vista/7,Total downloads: 4 262,Downloads last week: 57
http://download.cnet.com/windows/mp3-and-audio-software/?tag=rb_content;main,mp3-and-audio-software,http://download.cnet.com/windows/audio-production-and-recording-software/,Audio Production & Recording Software,http://download.cnet.com/Crescendo-Music-Notation-Editor/3000-2025_4-75453404.html,Crescendo Music Notation Editor,Version: 1.17, File size: 940.57K ,Date added: January 21  2014,Price: Free ,Operating system: Windows XP/Vista/7/8,Total downloads: 5 864,Downloads last week: 66
http://download.cnet.com/windows/mp3-and-audio-software/?tag=rb_content;main,mp3-and-audio-software,http://download.cnet.com/windows/audio-production-and-recording-software/,Audio Production & Recording Software,http://download.cnet.com/Free-Audio-Dub/3000-2025_4-10780614.html,Free Audio Dub,Version: 1.7.9.908, File size: 20.85MB ,Date added: September 10  2013,Price: Free ,Operating system: Windows XP/Vista/7/8,Total downloads: 30 440,Downloads last week: 64
http://download.cnet.com/windows/mp3-and-audio-software/?tag=rb_content;main,mp3-and-audio-software,http://download.cnet.com/windows/audio-production-and-recording-software/,Audio Production & Recording Software,http://download.cnet.com/FM7/3000-2025_4-10228859.html,FM7,Version: 1.0, File size: 2.85MB ,Date added: October 01  2003,Price: Free to try; $299.99 to buy ,Operating system: Windows 98/Me/2000/XP,Total downloads: 25 255,Downloads last week: 57
http://download.cnet.com/windows/mp3-and-audio-software/?tag=rb_content;main,mp3-and-audio-software,http://download.cnet.com/windows/audio-production-and-recording-software/,Audio Production & Recording Software,http://download.cnet.com/NCH-Tone-Generator/3000-2025_4-10019045.html,NCH Tone Generator,Version: 3.07, File size: 408.55K ,Date added: January 13  2014,Price: Free to try (Limited functionality); $69.95 to buy (Buy it now) ,Operating system: Windows XP/Vista/7/8,Total downloads: 45 019,Downloads last week: 56
http://download.cnet.com/windows/mp3-and-audio-software/?tag=rb_content;main,mp3-and-audio-software,http://download.cnet.com/windows/audio-production-and-recording-software/,Audio Production & Recording Software,http://download.cnet.com/Jokosher/3000-2025_4-75211816.html,Jokosher,Version: 0.11.4, File size: 20.87MB ,Date added: June 24  2010,Price: Free ,Operating system: Windows NT/98/Me/2000/XP/2003/Vista/7,Total downloads: 2 303,Downloads last week: 54
http://download.cnet.com/windows/mp3-and-audio-software/?tag=rb_content;main,mp3-and-audio-software,http://download.cnet.com/windows/audio-production-and-recording-software/,Audio Production & Recording Software,http://download.cnet.com/Tabla-Pro-Loops-Studio/3000-2025_4-75563175.html,Tabla Pro Loops Studio,Version: 2.0, File size: 8.06MB ,Date added: September 06  2011,Price: Purchase; $5.00 to buy (Buy it now) ,Operating system: Windows Me/XP/Vista/7,Total downloads: 4 262,Downloads last week: 57
http://download.cnet.com/windows/mp3-and-audio-software/?tag=rb_content;main,mp3-and-audio-software,http://download.cnet.com/windows/audio-production-and-recording-software/,Audio Production & Recording Software,http://download.cnet.com/Agree-Free-MP3-To-Ringtone-Converter/3000-2025_4-10852964.html,Agree Free MP3 To Ringtone Converter,Version: 5.0, File size: 17.68MB ,Date added: February 26  2009,Price: Free ,Operating system: Windows 95/NT/98/Me/2000/XP/2003/Vista/Server 2008/7,Total downloads: 72 836,Downloads last week: 56
http://download.cnet.com/windows/mp3-and-audio-software/?tag=rb_content;main,mp3-and-audio-software,http://download.cnet.com/windows/audio-production-and-recording-software/,Audio Production & Recording Software,http://download.cnet.com/MixMeister-Pro/3000-2025_4-10153038.html,MixMeister Pro,Version: 6.1, File size: 55.66K ,Date added: March 19  2005,Price: Free to try (20-minute per session); $189.95 to buy ,Operating system: Windows 98/Me/2000/XP,Total downloads: 327 781,Downloads last week: 55
http://download.cnet.com/windows/mp3-and-audio-software/?tag=rb_content;main,mp3-and-audio-software,http://download.cnet.com/windows/audio-production-and-recording-software/,Audio Production & Recording Software,http://download.cnet.com/DeeJay/3000-2025_4-21085.html,DeeJay,Version: 4.0, File size: 2.19MB ,Date added: November 19  2001,Price: Purchase; $11.00 to buy ,Operating system: Windows 95/NT/98/2000/XP,Total downloads: 10 119,Downloads last week: 56
http://download.cnet.com/windows/mp3-and-audio-software/?tag=rb_content;main,mp3-and-audio-software,http://download.cnet.com/windows/audio-production-and-recording-software/,Audio Production & Recording Software,http://download.cnet.com/UltraMixer-Free/3000-2025_4-10619662.html,UltraMixer Free,Version: 2.4.6, File size: 50.04MB ,Date added: September 12  2011,Price: Free ,Operating system: Windows 2000/XP/Vista/7,Total downloads: 131 749,Downloads last week: 55
http://download.cnet.com/windows/mp3-and-audio-software/?tag=rb_content;main,mp3-and-audio-software,http://download.cnet.com/windows/audio-production-and-recording-software/,Audio Production & Recording Software,http://download.cnet.com/DarkWave-Studio/3000-2025_4-10869286.html,DarkWave Studio,Version: 4.3.0, File size: 2.46MB ,Date added: February 24  2014,Price: Free ,Operating system: Windows XP/Vista/7/8,Total downloads: 60 450,Downloads last week: 57
http://download.cnet.com/windows/mp3-and-audio-software/?tag=rb_content;main,mp3-and-audio-software,http://download.cnet.com/windows/audio-production-and-recording-software/,Audio Production & Recording Software,http://download.cnet.com/Jokosher/3000-2025_4-75211816.html,Jokosher,Version: 0.11.4, File size: 20.87MB ,Date added: June 24  2010,Price: Free ,Operating system: Windows NT/98/Me/2000/XP/2003/Vista/7,Total downloads: 2 303,Downloads last week: 54
http://download.cnet.com/windows/mp3-and-audio-software/?tag=rb_content;main,mp3-and-audio-software,http://download.cnet.com/windows/audio-production-and-recording-software/,Audio Production & Recording Software,http://download.cnet.com/Power-CD-G-Player-Pro/3000-2025_4-10358551.html,Power CD+G Player Pro,Version: 1.0.21, File size: 4.59MB ,Date added: September 16  2007,Price: Free to try; $39.00 to buy ,Operating system: Windows NT/98/2000/XP,Total downloads: 33 468,Downloads last week: 53
http://download.cnet.com/windows/mp3-and-audio-software/?tag=rb_content;main,mp3-and-audio-software,http://download.cnet.com/windows/audio-production-and-recording-software/,Audio Production & Recording Software,http://download.cnet.com/StageLight/3000-2025_4-75964263.html,StageLight,Version: 1.2.0.4241, File size: 41.57MB ,Date added: January 24  2014,Price: Free to try (30-day trial); $9.99 to buy ,Operating system: Windows,Total downloads: 670,Downloads last week: 51
http://download.cnet.com/windows/mp3-and-audio-software/?tag=rb_content;main,mp3-and-audio-software,http://download.cnet.com/windows/audio-production-and-recording-software/,Audio Production & Recording Software,http://download.cnet.com/Easy-Audio-Mixer/3000-2025_4-205473.html,Easy Audio Mixer,Version: 1.0.5, File size: 5.8MB ,Date added: June 12  2012,Price: Free to try (Export-disabled); $19.50 to buy (Buy it now) ,Operating system: Windows XP/Vista/7,Total downloads: 3 717,Downloads last week: 52
http://download.cnet.com/windows/mp3-and-audio-software/?tag=rb_content;main,mp3-and-audio-software,http://download.cnet.com/windows/audio-production-and-recording-software/,Audio Production & Recording Software,http://download.cnet.com/Battery/3000-2025_4-10228864.html,Battery,Version: 3.0.6, File size: 82.17MB ,Date added: July 12  2010,Price: Free to try (Save-Disabled/Session 30-minute trial); $199.00 to buy ,Operating system: Windows XP/Vista/7,Total downloads: 83 869,Downloads last week: 53
http://download.cnet.com/windows/mp3-and-audio-software/?tag=rb_content;main,mp3-and-audio-software,http://download.cnet.com/windows/audio-production-and-recording-software/,Audio Production & Recording Software,http://download.cnet.com/DSS-DJ/3000-2025_4-10069438.html,DSS DJ,Version: 5.6, File size: 2.17MB ,Date added: March 07  2007,Price: Free to try (30-minute trial); $57.50 to buy ,Operating system: Windows 2000/XP/Vista/7,Total downloads: 364 768,Downloads last week: 52
http://download.cnet.com/windows/mp3-and-audio-software/?tag=rb_content;main,mp3-and-audio-software,http://download.cnet.com/windows/audio-production-and-recording-software/,Audio Production & Recording Software,http://download.cnet.com/Sound-Effect-Maker/3000-2025_4-75439.html,Sound Effect Maker,Version: 1.2.2.1, File size: 625.94K ,Date added: April 26  2012,Price: Free to try; $29.99 to buy ,Operating system: Windows NT/98/Me/2000/XP/2003,Total downloads: 7 123,Downloads last week: 49
http://download.cnet.com/windows/mp3-and-audio-software/?tag=rb_content;main,mp3-and-audio-software,http://download.cnet.com/windows/audio-production-and-recording-software/,Audio Production & Recording Software,http://download.cnet.com/AVS-Audio-Editor/3000-2025_4-10406673.html,AVS Audio Editor,Version: 7.1.5.479, File size: 39.55MB ,Date added: February 05  2013,Price: Free to try; 1-year subscription (Watermark on output files); $39.00 to buy ,Operating system: Windows XP/2003/Vista/7/8,Total downloads: 122 050,Downloads last week: 54
http://download.cnet.com/windows/mp3-and-audio-software/?tag=rb_content;main,mp3-and-audio-software,http://download.cnet.com/windows/audio-production-and-recording-software/,Audio Production & Recording Software,http://download.cnet.com/Rotate-Videos/3000-2025_4-200281.html,Rotate Videos,Version: 0.1, File size: 6.1MB ,Date added: July 16  2008,Price: Free ,Operating system: Windows XP/Vista,Total downloads: 5 987,Downloads last week: 53
