http://download.cnet.com/windows/screensavers-and-wallpaper/?tag=rb_content;main,screensavers-and-wallpaper,http://download.cnet.com/windows/login-screens/,Login Screens,http://download.cnet.com/BootSkin/3000-2019_4-10257781.html,BootSkin,Version: 1.05a, File size: 943.16K ,Date added: February 02  2006,Price: Free ,Operating system: Windows 2000/XP,Total downloads: 4 090 250,Downloads last week: 574
http://download.cnet.com/windows/screensavers-and-wallpaper/?tag=rb_content;main,screensavers-and-wallpaper,http://download.cnet.com/windows/login-screens/,Login Screens,http://download.cnet.com/Logon-Screen-Changer/3000-2019_4-75218509.html,Logon Screen Changer,Version: 1.2, File size: 5.94MB ,Date added: September 23  2010,Price: Free ,Operating system: Windows 7,Total downloads: 70 733,Downloads last week: 258
http://download.cnet.com/windows/screensavers-and-wallpaper/?tag=rb_content;main,screensavers-and-wallpaper,http://download.cnet.com/windows/login-screens/,Login Screens,http://download.cnet.com/Winlock-Pro/3000-2019_4-75629579.html,Winlock Pro,Version: 12.0, File size: 19.3MB ,Date added: October 02  2013,Price: Free ,Operating system: Windows XP/2003/Vista/Server 2008/7/8,Total downloads: 9 614,Downloads last week: 48
http://download.cnet.com/windows/screensavers-and-wallpaper/?tag=rb_content;main,screensavers-and-wallpaper,http://download.cnet.com/windows/login-screens/,Login Screens,http://download.cnet.com/InstantLogonChanger/3000-2019_4-75532323.html,InstantLogonChanger,Version: 1.0.1.0, File size: 598.5K ,Date added: August 01  2011,Price: Free ,Operating system: Windows 7,Total downloads: 5 771,Downloads last week: 56
http://download.cnet.com/windows/screensavers-and-wallpaper/?tag=rb_content;main,screensavers-and-wallpaper,http://download.cnet.com/windows/login-screens/,Login Screens,http://download.cnet.com/Amazing-Guns-Logon-Screen/3000-2019_4-76089960.html,Amazing Guns Logon Screen,Version: 1.0, File size: 11.85MB ,Date added: February 13  2014,Price: Free ,Operating system: Windows 7,Total downloads: 55,Downloads last week: 11
http://download.cnet.com/windows/screensavers-and-wallpaper/?tag=rb_content;main,screensavers-and-wallpaper,http://download.cnet.com/windows/login-screens/,Login Screens,http://download.cnet.com/Easy-Logon-Screen-Changer/3000-2019_4-75651279.html,Easy Logon Screen Changer,Version: 1.2, File size: 263.61K ,Date added: February 07  2012,Price: Free ,Operating system: Windows Server 2008/7,Total downloads: 4 985,Downloads last week: 25
http://download.cnet.com/windows/screensavers-and-wallpaper/?tag=rb_content;main,screensavers-and-wallpaper,http://download.cnet.com/windows/login-screens/,Login Screens,http://download.cnet.com/StartUp-Tool/3000-2019_4-10465585.html,StartUp Tool,Version: 1.2, File size: 102K ,Date added: December 08  2005,Price: Free ,Operating system: Windows 95/NT/98/Me/2000/XP,Total downloads: 67 244,Downloads last week: 15
http://download.cnet.com/windows/screensavers-and-wallpaper/?tag=rb_content;main,screensavers-and-wallpaper,http://download.cnet.com/windows/login-screens/,Login Screens,http://download.cnet.com/Alien-Form-Logon-Screen/3000-2019_4-76089959.html,Alien Form Logon Screen,Version: 1.0, File size: 10.53MB ,Date added: February 13  2014,Price: Free ,Operating system: Windows 7,Total downloads: 57,Downloads last week: 8
http://download.cnet.com/windows/screensavers-and-wallpaper/?tag=rb_content;main,screensavers-and-wallpaper,http://download.cnet.com/windows/login-screens/,Login Screens,http://download.cnet.com/InstantLogonChanger-64-bit/3000-2019_4-75532325.html,InstantLogonChanger (64-bit),Version: 1.0.1.0, File size: 614K ,Date added: August 01  2011,Price: Free ,Operating system: Windows Server 2008/7,Total downloads: 4 338,Downloads last week: 45
http://download.cnet.com/windows/screensavers-and-wallpaper/?tag=rb_content;main,screensavers-and-wallpaper,http://download.cnet.com/windows/login-screens/,Login Screens,http://download.cnet.com/zoo_test-1-standard/3000-2019_4-75864071.html,zoo_test 1 standard,Version: 1, File size: 19.36MB ,Date added: February 12  2008,Price: Free ,Operating system: Windows 2000/XP/Vista/7,Total downloads: 2,Downloads last week: 1
http://download.cnet.com/windows/screensavers-and-wallpaper/?tag=rb_content;main,screensavers-and-wallpaper,http://download.cnet.com/windows/login-screens/,Login Screens,http://download.cnet.com/System-Start-Manage/3000-2019_4-10694573.html,System Start Manage,Version: 1.2, File size: 1.62MB ,Date added: July 18  2007,Price: Free to try (7-day trial); $9.95 to buy (Buy it now) ,Operating system: Windows NT/98/Me/2000/XP/Vista,Total downloads: 3 928,Downloads last week: 2
http://download.cnet.com/windows/screensavers-and-wallpaper/?tag=rb_content;main,screensavers-and-wallpaper,http://download.cnet.com/windows/login-screens/,Login Screens,http://download.cnet.com/Update-Pack/3000-2019_4-10070257.html,Update Pack,Version: 1.7, File size: 836.8K ,Date added: January 18  2007,Price: Free ,Operating system: Windows 95/98,Total downloads: 66 513,Downloads last week: 1
http://download.cnet.com/windows/screensavers-and-wallpaper/?tag=rb_content;main,screensavers-and-wallpaper,http://download.cnet.com/windows/login-screens/,Login Screens,http://download.cnet.com/TIE-Formation/3000-2019_4-10973469.html,TIE Formation,Version: 1.2, File size: 2.74MB ,Date added: November 25  2009,Price: Free ,Operating system: Windows XP/2003/Vista,Total downloads: 595,Downloads last week: 1
http://download.cnet.com/windows/screensavers-and-wallpaper/?tag=rb_content;main,screensavers-and-wallpaper,http://download.cnet.com/windows/login-screens/,Login Screens,http://download.cnet.com/Vista-BootScreen/3000-2019_4-10789924.html,Vista BootScreen,Version: 1.6, File size: 2.87MB ,Date added: February 20  2009,Price: Free to try (Nag screen); $14.95 to buy ,Operating system: Windows Vista/Home Basic/Premium/Business/Enterprise/Ultimate/32-bit,Total downloads: 92 512,Downloads last week: 6
http://download.cnet.com/windows/screensavers-and-wallpaper/?tag=rb_content;main,screensavers-and-wallpaper,http://download.cnet.com/windows/login-screens/,Login Screens,http://download.cnet.com/Cowboy-Bebop-Desktop-Themes/3000-2019_4-10197284.html,Cowboy Bebop Desktop Themes,Version: 1, File size: 2.27MB ,Date added: April 09  2003,Price: Free ,Operating system: Windows NT/98/Me/2000/XP,Total downloads: 176 588,Downloads last week: 2
http://download.cnet.com/windows/screensavers-and-wallpaper/?tag=rb_content;main,screensavers-and-wallpaper,http://download.cnet.com/windows/login-screens/,Login Screens,http://download.cnet.com/Change95Boot/3000-2019_4-10718156.html,Change95Boot,Version: 1, File size: 213.17K ,Date added: August 27  2007,Price: Free to try (Preview only  can't change boot splash); $5.00 to buy (Buy it now) ,Operating system: Windows 95,Total downloads: 1 716,Downloads last week: 1
http://download.cnet.com/windows/screensavers-and-wallpaper/?tag=rb_content;main,screensavers-and-wallpaper,http://download.cnet.com/windows/login-screens/,Login Screens,http://download.cnet.com/LogonExpert/3000-2019_4-10620725.html,LogonExpert,Version: 6.3.5, File size: 7.19MB ,Date added: March 12  2014,Price: Free to try (10-day trial); $24.95 to buy (Buy it now) ,Operating system: Windows XP/2003/Vista/Server 2008/7/8,Total downloads: 19 597,Downloads last week: 3
http://download.cnet.com/windows/screensavers-and-wallpaper/?tag=rb_content;main,screensavers-and-wallpaper,http://download.cnet.com/windows/login-screens/,Login Screens,http://download.cnet.com/Power-Sayings-2010/3000-2019_4-75317137.html,Power Sayings 2010,Version: 1.0, File size: 22.56MB ,Date added: October 13  2010,Price: Free to try (60-day trial); $4.95 to buy (Buy it now) ,Operating system: Windows XP/2003/Vista/Server 2008/7,Total downloads: 1 274,Downloads last week: 2
http://download.cnet.com/windows/screensavers-and-wallpaper/?tag=rb_content;main,screensavers-and-wallpaper,http://download.cnet.com/windows/login-screens/,Login Screens,http://download.cnet.com/ManageMyFinancials-2010-Lite-Edition/3000-2019_4-75118875.html,ManageMyFinancials 2010 Lite Edition,Version: 2010, File size: 4.22MB ,Date added: February 11  2010,Price: Free ,Operating system: Windows 95/98/Me/2000/XP/2003/Vista/Server 2008/7,Total downloads: 466,Downloads last week: 1
http://download.cnet.com/windows/screensavers-and-wallpaper/?tag=rb_content;main,screensavers-and-wallpaper,http://download.cnet.com/windows/login-screens/,Login Screens,http://download.cnet.com/Desktop-Protection/3000-2019_4-75119615.html,Desktop Protection,Version: 1.0, File size: 667.41K ,Date added: February 11  2010,Price: Free to try (3-hour working trial); $9.99 to buy (Buy it now) ,Operating system: Windows 98/Me/2000/XP/2003/Vista/Server 2008/7,Total downloads: 3 519,Downloads last week: 1
http://download.cnet.com/windows/screensavers-and-wallpaper/?tag=rb_content;main,screensavers-and-wallpaper,http://download.cnet.com/windows/login-screens/,Login Screens,http://download.cnet.com/Birth-of-Venus-Login-Screen/3000-2019_4-10976957.html,Birth of Venus Login Screen,Version: 1.0, File size: 2.55MB ,Date added: December 01  2009,Price: Free ,Operating system: Windows 3.x/95/NT/98/Me/2000/XP/2003,Total downloads: 4 995,Downloads last week: 1
http://download.cnet.com/windows/screensavers-and-wallpaper/?tag=rb_content;main,screensavers-and-wallpaper,http://download.cnet.com/windows/login-screens/,Login Screens,http://download.cnet.com/The-Heavens-Declare/3000-2019_4-10058154.html,The Heavens Declare,Version: 1.0, File size: 950.07K ,Date added: April 23  2001,Price: Free to try (30-day trial); $8.95 to buy ,Operating system: Windows 95/NT/98,Total downloads: 27 156,Downloads last week: 1
http://download.cnet.com/windows/screensavers-and-wallpaper/?tag=rb_content;main,screensavers-and-wallpaper,http://download.cnet.com/windows/login-screens/,Login Screens,http://download.cnet.com/Logo-Organizer-2000/3000-2019_4-10053660.html,Logo Organizer 2000,Version: 5.0, File size: 1.23MB ,Date added: January 11  2001,Price: Free to try (Limted to 5 logo sets); $18.00 to buy ,Operating system: Windows 95/98/Me,Total downloads: 62 144,Downloads last week: 1
http://download.cnet.com/windows/screensavers-and-wallpaper/?tag=rb_content;main,screensavers-and-wallpaper,http://download.cnet.com/windows/login-screens/,Login Screens,http://download.cnet.com/Natural-Login-Pro/3000-2019_4-10393018.html,Natural Login Pro,Version: 1.10, File size: 20.26MB ,Date added: September 10  2005,Price: Free to try (50-unlock and login action trial); $29.95 to buy (Buy it now) ,Operating system: Windows 2000/XP,Total downloads: 29 486,Downloads last week: 1
http://download.cnet.com/windows/screensavers-and-wallpaper/?tag=rb_content;main,screensavers-and-wallpaper,http://download.cnet.com/windows/login-screens/,Login Screens,http://download.cnet.com/FrontMotion-Login/3000-2019_4-75649671.html,FrontMotion Login,Version: 2.2.1.0, File size: 1.65MB ,Date added: February 02  2012,Price: Free ,Operating system: Windows 2000/XP/Vista/7,Total downloads: 279,Downloads last week: 1
http://download.cnet.com/windows/screensavers-and-wallpaper/?tag=rb_content;main,screensavers-and-wallpaper,http://download.cnet.com/windows/login-screens/,Login Screens,http://download.cnet.com/TIE-Formation/3000-2019_4-10973469.html,TIE Formation,Version: 1.2, File size: 2.74MB ,Date added: November 25  2009,Price: Free ,Operating system: Windows XP/2003/Vista,Total downloads: 595,Downloads last week: 1
