http://download.cnet.com/windows/productivity-software/?tag=rb_content;main,productivity-software,http://download.cnet.com/windows/text-to-speech-software/3150-33660_4-0.html,Text-to-Speech Software,http://download.cnet.com/eSpeak/3000-13571_4-75886780.html,eSpeak,Version: 1.47.11, File size: 2.28MB ,Date added: May 10  2013,Price: Free ,Operating system: Windows 2000/XP/Vista/7,Total downloads: 17 336,Downloads last week: 337
http://download.cnet.com/windows/productivity-software/?tag=rb_content;main,productivity-software,http://download.cnet.com/windows/text-to-speech-software/3150-33660_4-0.html,Text-to-Speech Software,http://download.cnet.com/Text-2-Speech/3000-13571_4-75910509.html,Text 2 Speech,Version: 1.0, File size: 578.23K ,Date added: April 26  2013,Price: Free to try; $29.00 to buy ,Operating system: Windows 95/NT/98/Me/2000,Total downloads: 5 249,Downloads last week: 126
http://download.cnet.com/windows/productivity-software/?tag=rb_content;main,productivity-software,http://download.cnet.com/windows/text-to-speech-software/3150-33660_4-0.html,Text-to-Speech Software,http://download.cnet.com/CoolSpeech/3000-13571_4-75439901.html,CoolSpeech,Version: 5.0, File size: 2.36MB ,Date added: March 22  2011,Price: Free to try (14-day trial); $29.95 to buy (Buy it now) ,Operating system: Windows NT/98/Me/2000/XP/2003/Vista/Server 2008/7/8,Total downloads: 54 716,Downloads last week: 412
http://download.cnet.com/windows/productivity-software/?tag=rb_content;main,productivity-software,http://download.cnet.com/windows/text-to-speech-software/3150-33660_4-0.html,Text-to-Speech Software,http://download.cnet.com/Matraca/3000-13571_4-76060154.html,Matraca,Version: 0.56, File size: 9.62MB ,Date added: December 20  2013,Price: Free ,Operating system: Windows NT/98/Me/2000/XP/2003/Vista/Server 2008/7/8,Total downloads: 384,Downloads last week: 24
http://download.cnet.com/windows/productivity-software/?tag=rb_content;main,productivity-software,http://download.cnet.com/windows/text-to-speech-software/3150-33660_4-0.html,Text-to-Speech Software,http://download.cnet.com/TextSound/3000-13571_4-75439998.html,TextSound,Version: 2.0, File size: 2.05MB ,Date added: August 20  2013,Price: Free to try (50-conversion trial); $29.95 to buy (Buy it now) ,Operating system: Windows NT/98/Me/2000/XP/2003/Vista/Server 2008/7/8,Total downloads: 11 215,Downloads last week: 73
http://download.cnet.com/windows/productivity-software/?tag=rb_content;main,productivity-software,http://download.cnet.com/windows/text-to-speech-software/3150-33660_4-0.html,Text-to-Speech Software,http://download.cnet.com/Text-to-Wav-Converter/3000-13571_4-76046130.html,Text to Wav Converter,Version: 1.1.0, File size: 2.23MB ,Date added: December 09  2013,Price: Free ,Operating system: Windows NT/Me/2000/XP/2003/Vista/Server 2008/7/8,Total downloads: 581,Downloads last week: 56
http://download.cnet.com/windows/productivity-software/?tag=rb_content;main,productivity-software,http://download.cnet.com/windows/text-to-speech-software/3150-33660_4-0.html,Text-to-Speech Software,http://download.cnet.com/ToVoice/3000-13571_4-75901587.html,ToVoice,Version: 1.0, File size: 3.93MB ,Date added: April 08  2013,Price: Free ,Operating system: Windows XP/2003/Vista/Server 2008/7/8,Total downloads: 1 123,Downloads last week: 31
http://download.cnet.com/windows/productivity-software/?tag=rb_content;main,productivity-software,http://download.cnet.com/windows/text-to-speech-software/3150-33660_4-0.html,Text-to-Speech Software,http://download.cnet.com/Txtspeech/3000-13571_4-75756326.html,Txtspeech,Version: 2.0, File size: 173.62K ,Date added: October 28  2012,Price: Free ,Operating system: Windows XP/Vista/7,Total downloads: 6 426,Downloads last week: 35
http://download.cnet.com/windows/productivity-software/?tag=rb_content;main,productivity-software,http://download.cnet.com/windows/text-to-speech-software/3150-33660_4-0.html,Text-to-Speech Software,http://dw.cbsi.com/redir?edId=3&pid=13558266&mfgId=10012381&merId=10012381&ltype=dl_elite_gen&lop=linktitle&oId=3150-33660_4-0&ontId=33660_4&ttag=lst-1&destUrl=http%3A%2F%2Fdownload.cnet.com%2FVerbose-Text-to-Speech%2F3000-13571_4-10580129.html&oid=3150-33660_4-0&siteId=4&pguid=91fab537bfd70841322d3c22,Verbose Text to Speech,Version: 2.01, File size: 559.05K ,Date added: January 09  2014,Price: Free to try (Limited functionality); $34.99 to buy (Buy it now) ,Operating system: Windows XP/Vista/7/8,Total downloads: 22 531,Downloads last week: 320
http://download.cnet.com/windows/productivity-software/?tag=rb_content;main,productivity-software,http://download.cnet.com/windows/text-to-speech-software/3150-33660_4-0.html,Text-to-Speech Software,http://download.cnet.com/Speech-to-Sign/3000-13571_4-75689608.html,Speech to Sign,Version: 1.0, File size: 437.5K ,Date added: March 22  2012,Price: Free ,Operating system: Windows XP/Vista/7/8,Total downloads: 292,Downloads last week: 5
http://download.cnet.com/windows/productivity-software/?tag=rb_content;main,productivity-software,http://download.cnet.com/windows/text-to-speech-software/3150-33660_4-0.html,Text-to-Speech Software,http://download.cnet.com/MWS-Reader/3000-13571_4-75998615.html,MWS Reader,Version: 5.0, File size: 60.15MB ,Date added: September 23  2013,Price: Free to try (15-use trial); $43.88 to buy (Buy it now) ,Operating system: Windows XP/Vista/7/8,Total downloads: 133,Downloads last week: 6
http://download.cnet.com/windows/productivity-software/?tag=rb_content;main,productivity-software,http://download.cnet.com/windows/text-to-speech-software/3150-33660_4-0.html,Text-to-Speech Software,http://download.cnet.com/NativeSpeaker/3000-13571_4-75993170.html,NativeSpeaker,Version: 0.0.2.3, File size: 504K ,Date added: September 11  2013,Price: Free ,Operating system: Windows XP/Vista/7/8,Total downloads: 394,Downloads last week: 11
http://download.cnet.com/windows/productivity-software/?tag=rb_content;main,productivity-software,http://download.cnet.com/windows/text-to-speech-software/3150-33660_4-0.html,Text-to-Speech Software,http://download.cnet.com/Talk-to-Speech/3000-13571_4-75715479.html,Talk to Speech,Version: 2.5, File size: 890.85K ,Date added: May 11  2012,Price: Free to try (30-day trial); $75.00 to buy (Buy it now) ,Operating system: Windows NT/2000/XP/2003/Vista/Server 2008/7,Total downloads: 257,Downloads last week: 3
http://download.cnet.com/windows/productivity-software/?tag=rb_content;main,productivity-software,http://download.cnet.com/windows/text-to-speech-software/3150-33660_4-0.html,Text-to-Speech Software,http://download.cnet.com/SL-Talking-Notepad/3000-13571_4-75810356.html,SL Talking Notepad,Version: 7.0, File size: 402K ,Date added: November 13  2012,Price: Free to try (7-use trial); $1.99 to buy (Buy it now) ,Operating system: Windows NT/98/Me/2000/XP/2003/Vista/Server 2008/7/8,Total downloads: 357,Downloads last week: 2
http://download.cnet.com/windows/productivity-software/?tag=rb_content;main,productivity-software,http://download.cnet.com/windows/text-to-speech-software/3150-33660_4-0.html,Text-to-Speech Software,http://download.cnet.com/TTSUU/3000-13571_4-75563194.html,TTSUU,Version: 1.74, File size: 3.98MB ,Date added: August 07  2012,Price: Free to try (7-day/30-use trial); $30.00 to buy (Buy it now) ,Operating system: Windows NT/2000/XP/2003/Vista/Server 2008/7,Total downloads: 1 904,Downloads last week: 5
http://download.cnet.com/windows/productivity-software/?tag=rb_content;main,productivity-software,http://download.cnet.com/windows/text-to-speech-software/3150-33660_4-0.html,Text-to-Speech Software,http://download.cnet.com/LexoShqip9/3000-13571_4-75932610.html,LexoShqip9,Version: 1.0, File size: 3.66MB ,Date added: June 10  2013,Price: Free ,Operating system: Windows XP/2003/Vista/Server 2008/7/8,Total downloads: 68,Downloads last week: 2
http://download.cnet.com/windows/productivity-software/?tag=rb_content;main,productivity-software,http://download.cnet.com/windows/text-to-speech-software/3150-33660_4-0.html,Text-to-Speech Software,http://download.cnet.com/RoboBlather/3000-13571_4-75362882.html,RoboBlather,Version: 1.0, File size: 480.52K ,Date added: February 11  2011,Price: Free ,Operating system: Windows XP/Vista/7,Total downloads: 743,Downloads last week: 3
http://download.cnet.com/windows/productivity-software/?tag=rb_content;main,productivity-software,http://download.cnet.com/windows/text-to-speech-software/3150-33660_4-0.html,Text-to-Speech Software,http://download.cnet.com/Easy-Keys/3000-13571_4-75703587.html,Easy Keys,Version: 1.0.0.1, File size: 568.75K ,Date added: April 18  2012,Price: Free to try; $19.00 to buy (Buy it now) ,Operating system: Windows XP/2003/Vista/7,Total downloads: 134,Downloads last week: 3
http://download.cnet.com/windows/productivity-software/?tag=rb_content;main,productivity-software,http://download.cnet.com/windows/text-to-speech-software/3150-33660_4-0.html,Text-to-Speech Software,http://download.cnet.com/Central-Access-Reader/3000-13571_4-75972248.html,Central Access Reader,Version: 2.0, File size: 35.57MB ,Date added: February 10  2014,Price: Free ,Operating system: Windows Vista/7/8,Total downloads: 243,Downloads last week: 1
http://download.cnet.com/windows/productivity-software/?tag=rb_content;main,productivity-software,http://download.cnet.com/windows/text-to-speech-software/3150-33660_4-0.html,Text-to-Speech Software,http://download.cnet.com/AshSofDev-Speak/3000-13571_4-75936176.html,AshSofDev Speak,Version: 1.0, File size: 138.14MB ,Date added: June 13  2013,Price: Free ,Operating system: Windows XP/Vista/7,Total downloads: 160,Downloads last week: 1
