http://download.cnet.com/windows/screensavers-and-wallpaper/?tag=rb_content;main,screensavers-and-wallpaper,http://download.cnet.com/windows/theme-editors-and-tools/,Theme Editors & Tools,http://download.cnet.com/Desktop-Themes/3000-2019_4-10036272.html,Desktop Themes,Version: 1.89, File size: 145.46K ,Date added: May 11  2001,Price: Free to try; $15.00 to buy ,Operating system: Windows 95/NT/98,Total downloads: 743 098,Downloads last week: 252
http://download.cnet.com/windows/screensavers-and-wallpaper/?tag=rb_content;main,screensavers-and-wallpaper,http://download.cnet.com/windows/theme-editors-and-tools/,Theme Editors & Tools,http://download.cnet.com/Video-Screen-Saver/3000-2019_4-10825324.html,Video Screen Saver,Version: 1.03 build 208325, File size: 353.14K ,Date added: April 16  2008,Price: Free to try (1-file playlist); $13.00 to buy ,Operating system: Windows 98/Me/2000/XP/Vista,Total downloads: 11 411,Downloads last week: 3
http://download.cnet.com/windows/screensavers-and-wallpaper/?tag=rb_content;main,screensavers-and-wallpaper,http://download.cnet.com/windows/theme-editors-and-tools/,Theme Editors & Tools,http://download.cnet.com/RbVdesktop/3000-2019_4-10727214.html,RbVdesktop,Version: 1.2, File size: 5.07MB ,Date added: February 19  2008,Price: Free to try (30-day trial); $22.50 to buy (Buy it now) ,Operating system: Windows 2000/XP/Vista,Total downloads: 14 507,Downloads last week: 2
http://download.cnet.com/windows/screensavers-and-wallpaper/?tag=rb_content;main,screensavers-and-wallpaper,http://download.cnet.com/windows/theme-editors-and-tools/,Theme Editors & Tools,http://download.cnet.com/Style-XP/3000-2019_4-10072705.html,Style XP,Version: 3.19, File size: 18.52MB ,Date added: December 30  2006,Price: Free to try (30-day trial); $19.95 to buy ,Operating system: Windows NT/98/Me/2000,Total downloads: 1 952 808,Downloads last week: 311
http://download.cnet.com/windows/screensavers-and-wallpaper/?tag=rb_content;main,screensavers-and-wallpaper,http://download.cnet.com/windows/theme-editors-and-tools/,Theme Editors & Tools,http://download.cnet.com/ThemeEditor/3000-2019_4-10446117.html,ThemeEditor,Version: 1.6, File size: 1.38MB ,Date added: October 31  2005,Price: Free to try (14-day trial); $25.00 to buy (Buy it now) ,Operating system: Windows NT/98/Me/2000/XP,Total downloads: 51 263,Downloads last week: 35
http://download.cnet.com/windows/screensavers-and-wallpaper/?tag=rb_content;main,screensavers-and-wallpaper,http://download.cnet.com/windows/theme-editors-and-tools/,Theme Editors & Tools,http://download.cnet.com/Win-X-Move/3000-2019_4-10703610.html,Win-X-Move,Version: 1.1, File size: 140.03K ,Date added: June 27  2007,Price: Free ,Operating system: Windows 2000/XP,Total downloads: 5 774,Downloads last week: 30
http://download.cnet.com/windows/screensavers-and-wallpaper/?tag=rb_content;main,screensavers-and-wallpaper,http://download.cnet.com/windows/theme-editors-and-tools/,Theme Editors & Tools,http://download.cnet.com/CellSotNet-Screen-Saver-Maker/3000-2019_4-75029719.html,CellSotNet Screen Saver Maker,Version: 2.2, File size: 55.41MB ,Date added: January 07  2010,Price: Free to try (Cannot save projects); $19.95 to buy (Buy it now) ,Operating system: Windows XP/Vista,Total downloads: 1 141,Downloads last week: 1
http://download.cnet.com/windows/screensavers-and-wallpaper/?tag=rb_content;main,screensavers-and-wallpaper,http://download.cnet.com/windows/theme-editors-and-tools/,Theme Editors & Tools,http://download.cnet.com/Desktop-Magician/3000-2019_4-10228400.html,Desktop Magician,Version: 1.18, File size: 2.25MB ,Date added: August 19  2004,Price: Free to try (30-day trial); $24.95 to buy ,Operating system: Windows NT/98/Me/2000/XP,Total downloads: 41 558,Downloads last week: 5
http://download.cnet.com/windows/screensavers-and-wallpaper/?tag=rb_content;main,screensavers-and-wallpaper,http://download.cnet.com/windows/theme-editors-and-tools/,Theme Editors & Tools,http://download.cnet.com/DreamRender/3000-2019_4-10062732.html,DreamRender,Version: 219, File size: 8.82MB ,Date added: July 08  2003,Price: Free to try (Registration reminder screen); $20.00 to buy ,Operating system: Windows 98/Me/2000/XP,Total downloads: 81 697,Downloads last week: 14
http://download.cnet.com/windows/screensavers-and-wallpaper/?tag=rb_content;main,screensavers-and-wallpaper,http://download.cnet.com/windows/theme-editors-and-tools/,Theme Editors & Tools,http://download.cnet.com/ePlum-Collector/3000-2019_4-10115998.html,ePlum Collector,Version: 1.1.2, File size: 970.83K ,Date added: June 25  2002,Price: Free ,Operating system: Windows 98/Me/2000,Total downloads: 14 844,Downloads last week: 1
http://download.cnet.com/windows/screensavers-and-wallpaper/?tag=rb_content;main,screensavers-and-wallpaper,http://download.cnet.com/windows/theme-editors-and-tools/,Theme Editors & Tools,http://download.cnet.com/Vistaluna-Basic/3000-2019_4-10797026.html,Vistaluna Basic,Version: 1, File size: 2.35MB ,Date added: January 16  2008,Price: Free ,Operating system: Windows 95/NT/98/Me/2000/XP/Vista,Total downloads: 62 891,Downloads last week: 1
http://download.cnet.com/windows/screensavers-and-wallpaper/?tag=rb_content;main,screensavers-and-wallpaper,http://download.cnet.com/windows/theme-editors-and-tools/,Theme Editors & Tools,http://download.cnet.com/SEC-Logos/3000-2019_4-10908187.html,SEC Logos,Version: final, File size: 817.98K ,Date added: February 17  2009,Price: Free ,Operating system: Windows NT/98/Me/2000/XP/2003/Vista/Server 2008,Total downloads: 2 105,Downloads last week: 1
http://download.cnet.com/windows/screensavers-and-wallpaper/?tag=rb_content;main,screensavers-and-wallpaper,http://download.cnet.com/windows/theme-editors-and-tools/,Theme Editors & Tools,http://download.cnet.com/AddXP/3000-18486_4-10155613.html,AddXP,Version: 1.0, File size: 469.62K ,Date added: November 13  2002,Price: Free to try; $15.00 to buy ,Operating system: Windows XP,Total downloads: 12 609,Downloads last week: 1
