http://download.cnet.com/windows/productivity-software/?tag=rb_content;main,productivity-software,http://download.cnet.com/windows/brainstorming-and-mind-mapping-software/,Brainstorming and Mind-Mapping Software,http://download.cnet.com/Edraw-Mind-Map/3000-13571_4-197599.html,Edraw Mind Map,Version: 7.6, File size: 18.8MB ,Date added: February 24  2014,Price: Free ,Operating system: Windows 2000/XP/2003/Vista/Server 2008/7/8,Total downloads: 125 837,Downloads last week: 1 029
http://download.cnet.com/windows/productivity-software/?tag=rb_content;main,productivity-software,http://download.cnet.com/windows/brainstorming-and-mind-mapping-software/,Brainstorming and Mind-Mapping Software,http://download.cnet.com/Open-Mind/3000-13571_4-75627606.html,Open Mind,Version: 3.0, File size: 21.43MB ,Date added: February 28  2014,Price: Free to try (7-day trial with saving and exporting limitations); $19.99 to buy (Buy it now) ,Operating system: Windows XP/2003/Vista/Server 2008/7/8,Total downloads: 32 649,Downloads last week: 222
http://download.cnet.com/windows/productivity-software/?tag=rb_content;main,productivity-software,http://download.cnet.com/windows/brainstorming-and-mind-mapping-software/,Brainstorming and Mind-Mapping Software,http://download.cnet.com/Blumind/3000-13571_4-75532636.html,Blumind,Version: 1.3.21.1, File size: 664.36K ,Date added: November 02  2011,Price: Free ,Operating system: Windows 2000/XP/2003/Vista/Server 2008/7,Total downloads: 10 440,Downloads last week: 70
http://download.cnet.com/windows/productivity-software/?tag=rb_content;main,productivity-software,http://download.cnet.com/windows/brainstorming-and-mind-mapping-software/,Brainstorming and Mind-Mapping Software,http://download.cnet.com/iMindMap/3000-13571_4-10893798.html,iMindMap,Version: 7.0.1, File size: 138.73MB ,Date added: February 02  2014,Price: Free to try (Watermarked print); $245.00 to buy (Buy it now) ,Operating system: Windows 2000/XP/Vista/7/8,Total downloads: 57 606,Downloads last week: 187
http://download.cnet.com/windows/productivity-software/?tag=rb_content;main,productivity-software,http://download.cnet.com/windows/brainstorming-and-mind-mapping-software/,Brainstorming and Mind-Mapping Software,http://download.cnet.com/ClickCharts-Diagram-Flowchart-Software/3000-13571_4-75996743.html,ClickCharts Diagram Flowchart Software,Version: 1.03, File size: 392.09K ,Date added: December 01  2013,Price: Free ,Operating system: Windows XP/Vista/7/8,Total downloads: 748,Downloads last week: 55
http://download.cnet.com/windows/productivity-software/?tag=rb_content;main,productivity-software,http://download.cnet.com/windows/brainstorming-and-mind-mapping-software/,Brainstorming and Mind-Mapping Software,http://download.cnet.com/SimpleMind-Desktop/3000-13571_4-75807032.html,SimpleMind Desktop,Version: 1.6.5, File size: 5.29MB ,Date added: November 09  2012,Price: Free to try; $30.57 to buy ,Operating system: Windows XP/Vista/7,Total downloads: 2 662,Downloads last week: 104
http://download.cnet.com/windows/productivity-software/?tag=rb_content;main,productivity-software,http://download.cnet.com/windows/brainstorming-and-mind-mapping-software/,Brainstorming and Mind-Mapping Software,http://download.cnet.com/MindView-4-Business/3000-13571_4-10665863.html,MindView 4 Business,Version: 4.0.172, File size: 201.86MB ,Date added: May 11  2011,Price: Free to try (30-day trial); $379.00 to buy (Buy it now) ,Operating system: Windows 2000/XP/Vista/7,Total downloads: 10 857,Downloads last week: 50
http://download.cnet.com/windows/productivity-software/?tag=rb_content;main,productivity-software,http://download.cnet.com/windows/brainstorming-and-mind-mapping-software/,Brainstorming and Mind-Mapping Software,http://download.cnet.com/MindMaple-Lite/3000-13571_4-75721290.html,MindMaple Lite,Version: 1.63, File size: 14.17MB ,Date added: July 20  2013,Price: Free ,Operating system: Windows XP/Vista/7/8,Total downloads: 2 179,Downloads last week: 36
http://download.cnet.com/windows/productivity-software/?tag=rb_content;main,productivity-software,http://download.cnet.com/windows/brainstorming-and-mind-mapping-software/,Brainstorming and Mind-Mapping Software,http://download.cnet.com/Freeplane/3000-13571_4-75445848.html,Freeplane,Version: 1.2.23, File size: 21.67MB ,Date added: April 08  2013,Price: Free ,Operating system: Windows NT/98/Me/2000/XP/2003/Vista/Server 2008/7/8,Total downloads: 27 683,Downloads last week: 147
http://download.cnet.com/windows/productivity-software/?tag=rb_content;main,productivity-software,http://download.cnet.com/windows/brainstorming-and-mind-mapping-software/,Brainstorming and Mind-Mapping Software,http://download.cnet.com/ThoughtStack/3000-13571_4-75243192.html,ThoughtStack,Version: 1.069, File size: 688K ,Date added: May 19  2013,Price: Free ,Operating system: Windows NT/98/Me/2000/XP/2003/Vista/Server 2008/7/8,Total downloads: 13 002,Downloads last week: 36
http://download.cnet.com/windows/productivity-software/?tag=rb_content;main,productivity-software,http://download.cnet.com/windows/brainstorming-and-mind-mapping-software/,Brainstorming and Mind-Mapping Software,http://download.cnet.com/Seating-Planner/3000-13571_4-75904803.html,Seating Planner,Version: 2.0, File size: 4.85MB ,Date added: June 14  2013,Price: Free to try (7-day trial  limited functionality); $39.99 to buy (Buy it now) ,Operating system: Windows NT/2000/XP/2003/Vista/7,Total downloads: 207,Downloads last week: 13
http://download.cnet.com/windows/productivity-software/?tag=rb_content;main,productivity-software,http://download.cnet.com/windows/brainstorming-and-mind-mapping-software/,Brainstorming and Mind-Mapping Software,http://download.cnet.com/MindGenius/3000-13571_4-75325599.html,MindGenius,Version: 5.1, File size: 70.64MB ,Date added: October 28  2013,Price: Free to try (30-day trial); $235.00 to buy (Buy it now) ,Operating system: Windows XP/Vista/7/8,Total downloads: 7 775,Downloads last week: 16
http://download.cnet.com/windows/productivity-software/?tag=rb_content;main,productivity-software,http://download.cnet.com/windows/brainstorming-and-mind-mapping-software/,Brainstorming and Mind-Mapping Software,http://download.cnet.com/Freeplane-Portable/3000-13571_4-75891335.html,Freeplane Portable,Version: 1.2.23, File size: 21.45MB ,Date added: April 08  2013,Price: Free ,Operating system: Windows 2000/XP/Vista/7,Total downloads: 434,Downloads last week: 6
http://download.cnet.com/windows/productivity-software/?tag=rb_content;main,productivity-software,http://download.cnet.com/windows/brainstorming-and-mind-mapping-software/,Brainstorming and Mind-Mapping Software,http://download.cnet.com/MindMaple-Pro/3000-13571_4-75615220.html,MindMaple Pro,Version: 1.3, File size: 16.03MB ,Date added: December 01  2012,Price: Free to try (30-day trial); $9.99 to buy (Buy it now) ,Operating system: Windows XP/Vista/7,Total downloads: 935,Downloads last week: 7
http://download.cnet.com/windows/productivity-software/?tag=rb_content;main,productivity-software,http://download.cnet.com/windows/brainstorming-and-mind-mapping-software/,Brainstorming and Mind-Mapping Software,http://download.cnet.com/Memo-Book/3000-13571_4-75325269.html,Memo Book,Version: 6.4, File size: 19.44MB ,Date added: November 11  2013,Price: Free to try (Some features disabled); $66.00 to buy (Buy it now) ,Operating system: Windows 2000/XP/2003/Vista/Server 2008/7/8,Total downloads: 498,Downloads last week: 5
http://download.cnet.com/windows/productivity-software/?tag=rb_content;main,productivity-software,http://download.cnet.com/windows/brainstorming-and-mind-mapping-software/,Brainstorming and Mind-Mapping Software,http://download.cnet.com/Blumind-Portable/3000-13571_4-75532637.html,Blumind Portable,Version: 1.3.21.1, File size: 731.22K ,Date added: November 02  2011,Price: Free ,Operating system: Windows 2000/XP/2003/Vista/Server 2008/7,Total downloads: 1 034,Downloads last week: 7
http://download.cnet.com/windows/productivity-software/?tag=rb_content;main,productivity-software,http://download.cnet.com/windows/brainstorming-and-mind-mapping-software/,Brainstorming and Mind-Mapping Software,http://download.cnet.com/Dia-Portable/3000-13571_4-75449545.html,Dia Portable,Version: 0.97.2, File size: 14.25MB ,Date added: January 18  2012,Price: Free ,Operating system: Windows NT/98/Me/2000/XP/2003/Vista/7,Total downloads: 2 974,Downloads last week: 24
http://download.cnet.com/windows/productivity-software/?tag=rb_content;main,productivity-software,http://download.cnet.com/windows/brainstorming-and-mind-mapping-software/,Brainstorming and Mind-Mapping Software,http://download.cnet.com/GoalEnforcer-Hyperfocus/3000-13571_4-10656972.html,GoalEnforcer Hyperfocus,Version: 2011 r0, File size: 3.87MB ,Date added: July 21  2011,Price: Free to try (E-mailing/save-disabled); $67.00 to buy (Buy it now) ,Operating system: Windows NT/98/Me/2000/XP/2003/Vista/Server 2008/7,Total downloads: 11 944,Downloads last week: 7
http://download.cnet.com/windows/productivity-software/?tag=rb_content;main,productivity-software,http://download.cnet.com/windows/brainstorming-and-mind-mapping-software/,Brainstorming and Mind-Mapping Software,http://download.cnet.com/TheBrain/3000-13571_4-10016638.html,TheBrain,Version: 8.0.0.4, File size: 28.55MB ,Date added: December 04  2013,Price: Free to try (30-day trial); $159.00 to buy (Buy it now) ,Operating system: Windows 2000/XP/2003/Vista/7,Total downloads: 52 308,Downloads last week: 9
http://download.cnet.com/windows/productivity-software/?tag=rb_content;main,productivity-software,http://download.cnet.com/windows/brainstorming-and-mind-mapping-software/,Brainstorming and Mind-Mapping Software,http://download.cnet.com/InSight/3000-13571_4-10342803.html,InSight,Version: 4.2, File size: 5.67MB ,Date added: September 03  2009,Price: Free to try (21-day trial); $124.95 to buy ,Operating system: Windows 2000/XP/Vista/7,Total downloads: 10 005,Downloads last week: 7
http://download.cnet.com/windows/productivity-software/?tag=rb_content;main,productivity-software,http://download.cnet.com/windows/brainstorming-and-mind-mapping-software/,Brainstorming and Mind-Mapping Software,http://download.cnet.com/Mnemosyne-Portable/3000-13571_4-75448625.html,Mnemosyne Portable,Version: 2.2.1, File size: 24.39MB ,Date added: May 01  2013,Price: Free ,Operating system: Windows 2000/XP/Vista/7,Total downloads: 597,Downloads last week: 4
http://download.cnet.com/windows/productivity-software/?tag=rb_content;main,productivity-software,http://download.cnet.com/windows/brainstorming-and-mind-mapping-software/,Brainstorming and Mind-Mapping Software,http://download.cnet.com/IQ-Training-Testing/3000-13571_4-75453711.html,IQ Training & Testing,Version: 1.1, File size: 33.4MB ,Date added: July 12  2011,Price: Free to try (Some features disabled) ,Operating system: Windows 98/Me/2000/XP/2003/Vista/Server 2008/7,Total downloads: 596,Downloads last week: 4
http://download.cnet.com/windows/productivity-software/?tag=rb_content;main,productivity-software,http://download.cnet.com/windows/brainstorming-and-mind-mapping-software/,Brainstorming and Mind-Mapping Software,http://download.cnet.com/XLnotes/3000-13571_4-10972371.html,XLnotes,Version: 8.0, File size: 15.99MB ,Date added: August 06  2012,Price: Free to try (maximum 15 notes per workbook); $24.95 to buy (Buy it now) ,Operating system: Windows XP/Vista/7/8,Total downloads: 275,Downloads last week: 4
http://download.cnet.com/windows/productivity-software/?tag=rb_content;main,productivity-software,http://download.cnet.com/windows/brainstorming-and-mind-mapping-software/,Brainstorming and Mind-Mapping Software,http://download.cnet.com/DropMind/3000-13571_4-75843829.html,DropMind,Version: 4.2, File size: 59.07MB ,Date added: June 09  2013,Price: Purchase; $99.00 to buy (Buy it now) ,Operating system: Windows XP/Vista/7,Total downloads: 113,Downloads last week: 3
http://download.cnet.com/windows/productivity-software/?tag=rb_content;main,productivity-software,http://download.cnet.com/windows/brainstorming-and-mind-mapping-software/,Brainstorming and Mind-Mapping Software,http://download.cnet.com/MB-Subliminal-Images/3000-13571_4-75167640.html,MB Subliminal Images,Version: 1.10, File size: 1.16MB ,Date added: October 07  2010,Price: Free ,Operating system: Windows 95/NT/98/2000/XP/2003/Vista/Server 2008/7,Total downloads: 2 937,Downloads last week: 4
http://download.cnet.com/windows/productivity-software/?tag=rb_content;main,productivity-software,http://download.cnet.com/windows/brainstorming-and-mind-mapping-software/,Brainstorming and Mind-Mapping Software,http://download.cnet.com/MindDecider/3000-13571_4-75330239.html,MindDecider,Version: 12.05.01, File size: 18.38MB ,Date added: April 30  2012,Price: Free to try; $275.00 to buy ,Operating system: Windows 98/2000/XP/2003/Vista/7,Total downloads: 953,Downloads last week: 4
http://download.cnet.com/windows/productivity-software/?tag=rb_content;main,productivity-software,http://download.cnet.com/windows/brainstorming-and-mind-mapping-software/,Brainstorming and Mind-Mapping Software,http://download.cnet.com/MindOnTrack-Portable/3000-13571_4-75959695.html,MindOnTrack Portable,Version: 1.7.1, File size: 79.39MB ,Date added: July 19  2013,Price: Free ,Operating system: Windows 2000/XP/Vista/7,Total downloads: 75,Downloads last week: 4
http://download.cnet.com/windows/productivity-software/?tag=rb_content;main,productivity-software,http://download.cnet.com/windows/brainstorming-and-mind-mapping-software/,Brainstorming and Mind-Mapping Software,http://download.cnet.com/NovaMind-4-Platinum/3000-13571_4-193677.html,NovaMind 4 Platinum,Version: 4.7.0, File size: 14.59MB ,Date added: May 03  2009,Price: Free to try; $249.00 to buy ,Operating system: Windows XP/Vista/XP SP 2/Vista 32-bit/AMD 64-bit,Total downloads: 1 748,Downloads last week: 4
http://download.cnet.com/windows/productivity-software/?tag=rb_content;main,productivity-software,http://download.cnet.com/windows/brainstorming-and-mind-mapping-software/,Brainstorming and Mind-Mapping Software,http://download.cnet.com/ActionOutline-Lite/3000-13571_4-12188.html,ActionOutline Lite,Version: 3.0, File size: 1.29MB ,Date added: November 13  2008,Price: Free ,Operating system: Windows NT/98/Me/2000/XP/2003/Vista/Server 2008/7,Total downloads: 862,Downloads last week: 4
http://download.cnet.com/windows/productivity-software/?tag=rb_content;main,productivity-software,http://download.cnet.com/windows/brainstorming-and-mind-mapping-software/,Brainstorming and Mind-Mapping Software,http://download.cnet.com/JumpBox-for-DokuWiki-Wiki-System/3000-13571_4-75180723.html,JumpBox for DokuWiki Wiki System,Version: 1.7.5, File size: 209.51MB ,Date added: October 20  2012,Price: Free to try; monthly subscription (15-day trial); $60.00 to buy (Buy it now) ,Operating system: Windows XP/Vista,Total downloads: 113,Downloads last week: 2
http://download.cnet.com/windows/productivity-software/?tag=rb_content;main,productivity-software,http://download.cnet.com/windows/brainstorming-and-mind-mapping-software/,Brainstorming and Mind-Mapping Software,http://download.cnet.com/MindV-Online-Mind-Mapping-Tools/3000-13571_4-75300638.html,MindV Online Mind Mapping Tools,Version: 1.3.3, File size: 6.77MB ,Date added: October 06  2013,Price: Free ,Operating system: Windows XP/Vista/Server 2008/7/8,Total downloads: 1 292,Downloads last week: 2
http://download.cnet.com/windows/productivity-software/?tag=rb_content;main,productivity-software,http://download.cnet.com/windows/brainstorming-and-mind-mapping-software/,Brainstorming and Mind-Mapping Software,http://download.cnet.com/Goal-Composer/3000-13571_4-10291344.html,Goal Composer,Version: 1.0, File size: 881.69K ,Date added: January 27  2009,Price: Free to try (30-day trial); $19.99 to buy ,Operating system: Windows 95/NT/98/Me/2000/XP,Total downloads: 2 932,Downloads last week: 2
http://download.cnet.com/windows/productivity-software/?tag=rb_content;main,productivity-software,http://download.cnet.com/windows/brainstorming-and-mind-mapping-software/,Brainstorming and Mind-Mapping Software,http://download.cnet.com/NovaMind-4-Express/3000-13571_4-193678.html,NovaMind 4 Express,Version: 4.7.0, File size: 13.75MB ,Date added: May 03  2009,Price: Purchase; $49.00 to buy ,Operating system: Windows XP/Vista/XP SP 2/Vista 32-bit/AMD 64-bit,Total downloads: 1 169,Downloads last week: 2
http://download.cnet.com/windows/productivity-software/?tag=rb_content;main,productivity-software,http://download.cnet.com/windows/brainstorming-and-mind-mapping-software/,Brainstorming and Mind-Mapping Software,http://download.cnet.com/To-Do-List-Project/3000-13571_4-10909995.html,To Do List Project,Version: 0.9, File size: 2.1MB ,Date added: March 05  2009,Price: Free ,Operating system: Windows XP/2003/Vista/Server 2008,Total downloads: 6 075,Downloads last week: 3
http://download.cnet.com/windows/productivity-software/?tag=rb_content;main,productivity-software,http://download.cnet.com/windows/brainstorming-and-mind-mapping-software/,Brainstorming and Mind-Mapping Software,http://download.cnet.com/InfoRapid-KnowledgeBase-Builder/3000-13571_4-75861754.html,InfoRapid KnowledgeBase Builder,Version: 1.8, File size: 4.63MB ,Date added: July 28  2013,Price: Free; Non-commercial use only ,Operating system: Windows 2000/XP/2003/Vista/Server 2008/7/8,Total downloads: 334,Downloads last week: 3
http://download.cnet.com/windows/productivity-software/?tag=rb_content;main,productivity-software,http://download.cnet.com/windows/brainstorming-and-mind-mapping-software/,Brainstorming and Mind-Mapping Software,http://download.cnet.com/Memo-Book-Portable/3000-13571_4-75913792.html,Memo Book Portable,Version: 6.4, File size: 10.39MB ,Date added: November 11  2013,Price: Free to try (3-day trial); $66.00 to buy ,Operating system: Windows 2000/XP/2003/Vista/Server 2008/7/8,Total downloads: 85,Downloads last week: 2
http://download.cnet.com/windows/productivity-software/?tag=rb_content;main,productivity-software,http://download.cnet.com/windows/brainstorming-and-mind-mapping-software/,Brainstorming and Mind-Mapping Software,http://download.cnet.com/MB-Vision-Board/3000-13571_4-75167641.html,MB Vision Board,Version: 1.0, File size: 1.65MB ,Date added: March 21  2010,Price: Free ,Operating system: Windows 95/NT/98/2000/XP/2003/Vista/Server 2008/7,Total downloads: 2 331,Downloads last week: 2
http://download.cnet.com/windows/productivity-software/?tag=rb_content;main,productivity-software,http://download.cnet.com/windows/brainstorming-and-mind-mapping-software/,Brainstorming and Mind-Mapping Software,http://download.cnet.com/Seavus-DropMind/3000-13571_4-75181417.html,Seavus DropMind,Version: 3.3, File size: 52.11MB ,Date added: February 22  2012,Price: Free to try (15-day trial); $39.00 to buy (Buy it now) ,Operating system: Windows XP/Vista/7,Total downloads: 1 292,Downloads last week: 2
http://download.cnet.com/windows/productivity-software/?tag=rb_content;main,productivity-software,http://download.cnet.com/windows/brainstorming-and-mind-mapping-software/,Brainstorming and Mind-Mapping Software,http://download.cnet.com/The-GameBook-Authoring-Tool/3000-13571_4-75913546.html,The GameBook Authoring Tool,Version: 1.3.104.0, File size: 5.14MB ,Date added: August 08  2013,Price: Free to try (100-section trial); $60.00 to buy (Buy it now) ,Operating system: Windows XP/7/8,Total downloads: 35,Downloads last week: 2
http://download.cnet.com/windows/productivity-software/?tag=rb_content;main,productivity-software,http://download.cnet.com/windows/brainstorming-and-mind-mapping-software/,Brainstorming and Mind-Mapping Software,http://download.cnet.com/Storygen-Lite/3000-13571_4-75863157.html,Storygen Lite,Version: 1.0, File size: 3.62MB ,Date added: February 12  2013,Price: Free; paid upgrade available ,Operating system: Windows,Total downloads: 161,Downloads last week: 2
http://download.cnet.com/windows/productivity-software/?tag=rb_content;main,productivity-software,http://download.cnet.com/windows/brainstorming-and-mind-mapping-software/,Brainstorming and Mind-Mapping Software,http://download.cnet.com/Lighthouse-Targetmaster/3000-13571_4-75905674.html,Lighthouse Targetmaster,Version: 2.0, File size: 25.86MB ,Date added: April 17  2013,Price: Free to try (14-day trial); $24.79 to buy (Buy it now) ,Operating system: Windows 98/2000/XP/Vista/7,Total downloads: 9,Downloads last week: 1
http://download.cnet.com/windows/productivity-software/?tag=rb_content;main,productivity-software,http://download.cnet.com/windows/brainstorming-and-mind-mapping-software/,Brainstorming and Mind-Mapping Software,http://download.cnet.com/Sorting-Thoughts/3000-13571_4-75331139.html,Sorting Thoughts,Version: 1.3, File size: 34.77MB ,Date added: March 13  2012,Price: Free to try; Single User License (30-day trial); $39.95 to buy ,Operating system: Windows XP/2003/Vista/Server 2008/7,Total downloads: 79,Downloads last week: 1
http://download.cnet.com/windows/productivity-software/?tag=rb_content;main,productivity-software,http://download.cnet.com/windows/brainstorming-and-mind-mapping-software/,Brainstorming and Mind-Mapping Software,http://download.cnet.com/Lawia-Lists/3000-13571_4-75629319.html,Lawia Lists,Version: 1.0.1, File size: 77.96K ,Date added: January 05  2012,Price: Free to try (Save-Disabled); $23.00 to buy (Buy it now) ,Operating system: Windows XP/7,Total downloads: 34,Downloads last week: 1
http://download.cnet.com/windows/productivity-software/?tag=rb_content;main,productivity-software,http://download.cnet.com/windows/brainstorming-and-mind-mapping-software/,Brainstorming and Mind-Mapping Software,http://download.cnet.com/Phone-Fun/3000-13571_4-10158471.html,Phone Fun,Version: 2, File size: 432.17K ,Date added: October 18  2006,Price: Free ,Operating system: Windows 95/NT/98/Me/2000/XP,Total downloads: 231,Downloads last week: 1
http://download.cnet.com/windows/productivity-software/?tag=rb_content;main,productivity-software,http://download.cnet.com/windows/brainstorming-and-mind-mapping-software/,Brainstorming and Mind-Mapping Software,http://download.cnet.com/Deesidar/3000-13571_4-75452099.html,Deesidar,Version: 1.0, File size: 320.47K ,Date added: November 20  2012,Price: Free to try (Expires on 1st June 2013); $48.00 to buy (Buy it now) ,Operating system: Windows NT/98/2000/XP/2003/Vista/7,Total downloads: 48,Downloads last week: 1
http://download.cnet.com/windows/productivity-software/?tag=rb_content;main,productivity-software,http://download.cnet.com/windows/brainstorming-and-mind-mapping-software/,Brainstorming and Mind-Mapping Software,http://download.cnet.com/Sleepster/3000-13571_4-10965436.html,Sleepster,Version: 1.0, File size: 24.8MB ,Date added: August 17  2009,Price: Purchase ,Operating system: Windows 3.x/95/NT/98/Me/2000/XP/2003/Vista/7,Total downloads: 814,Downloads last week: 1
http://download.cnet.com/windows/productivity-software/?tag=rb_content;main,productivity-software,http://download.cnet.com/windows/brainstorming-and-mind-mapping-software/,Brainstorming and Mind-Mapping Software,http://download.cnet.com/Systemizer/3000-13571_4-10974349.html,Systemizer,Version: 0.9, File size: 9.52MB ,Date added: November 18  2009,Price: Free to try (7-day trial); $47.00 to buy (Buy it now) ,Operating system: Windows 95/98/Me/2000/XP/Vista/7,Total downloads: 273,Downloads last week: 1
http://download.cnet.com/windows/productivity-software/?tag=rb_content;main,productivity-software,http://download.cnet.com/windows/brainstorming-and-mind-mapping-software/,Brainstorming and Mind-Mapping Software,http://download.cnet.com/CreativeNotes-Desktop-Edition/3000-13571_4-10825547.html,CreativeNotes Desktop Edition,Version: 4.0 build 1339, File size: 24.17MB ,Date added: July 02  2010,Price: Free to try (30-day trial); $19.95 to buy (Buy it now) ,Operating system: Windows 2000/XP/2003/Vista/Server 2008/7,Total downloads: 865,Downloads last week: 1
http://download.cnet.com/windows/productivity-software/?tag=rb_content;main,productivity-software,http://download.cnet.com/windows/brainstorming-and-mind-mapping-software/,Brainstorming and Mind-Mapping Software,http://download.cnet.com/Mentations/3000-13571_4-10296917.html,Mentations,Version: 1.6, File size: 21.07MB ,Date added: March 29  2010,Price: Free ,Operating system: Windows XP/Vista/7,Total downloads: 3 785,Downloads last week: 1
http://download.cnet.com/windows/productivity-software/?tag=rb_content;main,productivity-software,http://download.cnet.com/windows/brainstorming-and-mind-mapping-software/,Brainstorming and Mind-Mapping Software,http://download.cnet.com/Knobjex/3000-13571_4-10922175.html,Knobjex,Version: 2.70, File size: 10.29MB ,Date added: July 27  2011,Price: Free ,Operating system: Windows XP/2003/Vista/Server 2008/7,Total downloads: 732,Downloads last week: 1
http://download.cnet.com/windows/productivity-software/?tag=rb_content;main,productivity-software,http://download.cnet.com/windows/brainstorming-and-mind-mapping-software/,Brainstorming and Mind-Mapping Software,http://download.cnet.com/DD-Thought-Tickler-Portable/3000-13571_4-75362607.html,DD Thought Tickler Portable,Version: 5.6, File size: 38.56MB ,Date added: November 21  2011,Price: Update ,Operating system: Windows 2000/XP/2003/Vista/Server 2008/7,Total downloads: 71,Downloads last week: 1
http://download.cnet.com/windows/productivity-software/?tag=rb_content;main,productivity-software,http://download.cnet.com/windows/brainstorming-and-mind-mapping-software/,Brainstorming and Mind-Mapping Software,http://download.cnet.com/Sorting-Thoughts-64-bit/3000-13571_4-75331140.html,Sorting Thoughts (64-bit),Version: 1.3, File size: 34.85MB ,Date added: March 13  2012,Price: Free to try; Single User License (30-day trial); $39.95 to buy ,Operating system: Windows XP/2003/Vista/Server 2008/7,Total downloads: 47,Downloads last week: 1
http://download.cnet.com/windows/productivity-software/?tag=rb_content;main,productivity-software,http://download.cnet.com/windows/brainstorming-and-mind-mapping-software/,Brainstorming and Mind-Mapping Software,http://download.cnet.com/Aibase/3000-13571_4-10373449.html,Aibase,Version: 3.0, File size: 3.22MB ,Date added: May 09  2012,Price: Free to try (30-use trial); $64.00 to buy ,Operating system: Windows 95/NT/98/Me/2000/XP/Vista/7,Total downloads: 3 102,Downloads last week: 1
http://download.cnet.com/windows/productivity-software/?tag=rb_content;main,productivity-software,http://download.cnet.com/windows/brainstorming-and-mind-mapping-software/,Brainstorming and Mind-Mapping Software,http://download.cnet.com/DD-Thought-Tickler-Portable/3000-13571_4-75362607.html,DD Thought Tickler Portable,Version: 5.6, File size: 38.56MB ,Date added: November 21  2011,Price: Update ,Operating system: Windows 2000/XP/2003/Vista/Server 2008/7,Total downloads: 71,Downloads last week: 1
http://download.cnet.com/windows/productivity-software/?tag=rb_content;main,productivity-software,http://download.cnet.com/windows/brainstorming-and-mind-mapping-software/,Brainstorming and Mind-Mapping Software,http://download.cnet.com/CodeInventors-Decisions/3000-13571_4-75893515.html,CodeInventors Decisions,Version: 1.01, File size: 4.48MB ,Date added: March 29  2013,Price: Free to try (14-day trial); $7.58 to buy ,Operating system: Windows XP/Vista/7/8,Total downloads: 36,Downloads last week: 1
http://download.cnet.com/windows/productivity-software/?tag=rb_content;main,productivity-software,http://download.cnet.com/windows/brainstorming-and-mind-mapping-software/,Brainstorming and Mind-Mapping Software,http://download.cnet.com/Mentations/3000-13571_4-10296917.html,Mentations,Version: 1.6, File size: 21.07MB ,Date added: March 29  2010,Price: Free ,Operating system: Windows XP/Vista/7,Total downloads: 3 785,Downloads last week: 1
http://download.cnet.com/windows/productivity-software/?tag=rb_content;main,productivity-software,http://download.cnet.com/windows/brainstorming-and-mind-mapping-software/,Brainstorming and Mind-Mapping Software,http://download.cnet.com/Piggydb/3000-13571_4-75785429.html,Piggydb,Version: 6.13, File size: 11.82MB ,Date added: August 14  2013,Price: Free ,Operating system: Windows XP/2003/Vista/Server 2008/7/8,Total downloads: 272,Downloads last week: 1
http://download.cnet.com/windows/productivity-software/?tag=rb_content;main,productivity-software,http://download.cnet.com/windows/brainstorming-and-mind-mapping-software/,Brainstorming and Mind-Mapping Software,http://download.cnet.com/Sorting-Thoughts-64-bit/3000-13571_4-75331140.html,Sorting Thoughts (64-bit),Version: 1.3, File size: 34.85MB ,Date added: March 13  2012,Price: Free to try; Single User License (30-day trial); $39.95 to buy ,Operating system: Windows XP/2003/Vista/Server 2008/7,Total downloads: 47,Downloads last week: 1
http://download.cnet.com/windows/productivity-software/?tag=rb_content;main,productivity-software,http://download.cnet.com/windows/brainstorming-and-mind-mapping-software/,Brainstorming and Mind-Mapping Software,http://download.cnet.com/CreativeNotes-Desktop-Edition/3000-13571_4-10825547.html,CreativeNotes Desktop Edition,Version: 4.0 build 1339, File size: 24.17MB ,Date added: July 02  2010,Price: Free to try (30-day trial); $19.95 to buy (Buy it now) ,Operating system: Windows 2000/XP/2003/Vista/Server 2008/7,Total downloads: 865,Downloads last week: 1
http://download.cnet.com/windows/productivity-software/?tag=rb_content;main,productivity-software,http://download.cnet.com/windows/brainstorming-and-mind-mapping-software/,Brainstorming and Mind-Mapping Software,http://download.cnet.com/Systemizer/3000-13571_4-10974349.html,Systemizer,Version: 0.9, File size: 9.52MB ,Date added: November 18  2009,Price: Free to try (7-day trial); $47.00 to buy (Buy it now) ,Operating system: Windows 95/98/Me/2000/XP/Vista/7,Total downloads: 273,Downloads last week: 1
http://download.cnet.com/windows/productivity-software/?tag=rb_content;main,productivity-software,http://download.cnet.com/windows/brainstorming-and-mind-mapping-software/,Brainstorming and Mind-Mapping Software,http://download.cnet.com/My-Data/3000-13571_4-76089435.html,My Data,Version: 1.0, File size: 1.81MB ,Date added: February 10  2014,Price: Free ,Operating system: Windows 7/8,Total downloads: 7,Downloads last week: 1
http://download.cnet.com/windows/productivity-software/?tag=rb_content;main,productivity-software,http://download.cnet.com/windows/brainstorming-and-mind-mapping-software/,Brainstorming and Mind-Mapping Software,http://download.cnet.com/MindOnTrack/3000-13571_4-75575558.html,MindOnTrack,Version: 1.7.1, File size: 43.17MB ,Date added: February 25  2013,Price: Free ,Operating system: Windows NT/98/Me/2000/XP/2003/Vista/7,Total downloads: 510,Downloads last week: 1
http://download.cnet.com/windows/productivity-software/?tag=rb_content;main,productivity-software,http://download.cnet.com/windows/brainstorming-and-mind-mapping-software/,Brainstorming and Mind-Mapping Software,http://download.cnet.com/Aibase/3000-13571_4-10373449.html,Aibase,Version: 3.0, File size: 3.22MB ,Date added: May 09  2012,Price: Free to try (30-use trial); $64.00 to buy ,Operating system: Windows 95/NT/98/Me/2000/XP/Vista/7,Total downloads: 3 102,Downloads last week: 1
http://download.cnet.com/windows/productivity-software/?tag=rb_content;main,productivity-software,http://download.cnet.com/windows/brainstorming-and-mind-mapping-software/,Brainstorming and Mind-Mapping Software,http://download.cnet.com/IMMA-Image-Mapper/3000-13571_4-75805963.html,IMMA - Image Mapper,Version: 1.0, File size: 758.01K ,Date added: November 06  2012,Price: Free ,Operating system: Windows 2000/XP/2003/Vista/7,Total downloads: 56,Downloads last week: 1
http://download.cnet.com/windows/productivity-software/?tag=rb_content;main,productivity-software,http://download.cnet.com/windows/brainstorming-and-mind-mapping-software/,Brainstorming and Mind-Mapping Software,http://download.cnet.com/A-Project-Tracker/3000-13571_4-10907891.html,A Project Tracker,Version: 1.10, File size: 21.61MB ,Date added: January 06  2011,Price: Free to try (30-day trial); $21.83 to buy (Buy it now) ,Operating system: Windows NT/98/Me/2000/XP,Total downloads: 773,Downloads last week: 1
http://download.cnet.com/windows/productivity-software/?tag=rb_content;main,productivity-software,http://download.cnet.com/windows/brainstorming-and-mind-mapping-software/,Brainstorming and Mind-Mapping Software,http://download.cnet.com/Axon2013/3000-13571_4-75780408.html,Axon2013,Version: 2013-2.00, File size: 6.8MB ,Date added: September 25  2012,Price: Free to try (Can save files of limited size); $135.00 to buy (Buy it now) ,Operating system: Windows XP/Vista/7,Total downloads: 48,Downloads last week: 1
http://download.cnet.com/windows/productivity-software/?tag=rb_content;main,productivity-software,http://download.cnet.com/windows/brainstorming-and-mind-mapping-software/,Brainstorming and Mind-Mapping Software,http://download.cnet.com/hUMLa/3000-13571_4-75604087.html,hUMLa,Version: 1.0, File size: 55.6K ,Date added: October 25  2011,Price: Free ,Operating system: Windows NT/98/Me/2000/XP/2003/Vista/Server 2008/7,Total downloads: 141,Downloads last week: 1
http://download.cnet.com/windows/productivity-software/?tag=rb_content;main,productivity-software,http://download.cnet.com/windows/brainstorming-and-mind-mapping-software/,Brainstorming and Mind-Mapping Software,http://download.cnet.com/Eitbit-Tree/3000-13571_4-10916045.html,Eitbit Tree,Version: 1.04, File size: 890.86K ,Date added: March 11  2010,Price: Free ,Operating system: Windows XP/Vista/7,Total downloads: 1 286,Downloads last week: 1
http://download.cnet.com/windows/productivity-software/?tag=rb_content;main,productivity-software,http://download.cnet.com/windows/brainstorming-and-mind-mapping-software/,Brainstorming and Mind-Mapping Software,http://download.cnet.com/TouchMind/3000-13571_4-75950439.html,TouchMind,Version: 1.0, File size: 8.12MB ,Date added: July 05  2013,Price: Free ,Operating system: Windows XP/Vista/7,Total downloads: 42,Downloads last week: 1
http://download.cnet.com/windows/productivity-software/?tag=rb_content;main,productivity-software,http://download.cnet.com/windows/brainstorming-and-mind-mapping-software/,Brainstorming and Mind-Mapping Software,http://download.cnet.com/Habits/3000-13571_4-75330438.html,Habits,Version: 1.0, File size: 6.2MB ,Date added: December 23  2010,Price: Free ,Operating system: Windows NT/98/Me/2000/XP/2003/Vista/Server 2008/7,Total downloads: 3 623,Downloads last week: 1
http://download.cnet.com/windows/productivity-software/?tag=rb_content;main,productivity-software,http://download.cnet.com/windows/brainstorming-and-mind-mapping-software/,Brainstorming and Mind-Mapping Software,http://download.cnet.com/Southbeach-Modeller/3000-13571_4-75603724.html,Southbeach Modeller,Version: 3.0.0.1, File size: 9.6MB ,Date added: February 21  2014,Price: Free ,Operating system: Windows NT/2000/XP/Vista/7/8,Total downloads: 402,Downloads last week: 1
http://download.cnet.com/windows/productivity-software/?tag=rb_content;main,productivity-software,http://download.cnet.com/windows/brainstorming-and-mind-mapping-software/,Brainstorming and Mind-Mapping Software,http://download.cnet.com/Soundmasker/3000-13571_4-75123236.html,Soundmasker,Version: 7.0, File size: 8.08MB ,Date added: February 14  2010,Price: Free to try (Limited functionality); $19.95 to buy (Buy it now) ,Operating system: Windows 98/Me/2000/XP/2003/Vista/Server 2008/7,Total downloads: 555,Downloads last week: 1
http://download.cnet.com/windows/productivity-software/?tag=rb_content;main,productivity-software,http://download.cnet.com/windows/brainstorming-and-mind-mapping-software/,Brainstorming and Mind-Mapping Software,http://download.cnet.com/DD-Thought-Tickler/3000-13571_4-10901733.html,DD Thought Tickler,Version: 5.6, File size: 41.81MB ,Date added: November 24  2011,Price: Free ,Operating system: Windows XP/2003/Vista/Server 2008/7,Total downloads: 3 055,Downloads last week: 1
