http://download.cnet.com/windows/internet-software/?tag=rb_content;main,internet-software,http://download.cnet.com/windows/online-storage-data-backup/,Online Storage & Data Backup,http://download.cnet.com/MegaCloud/3000-2184_4-75744546.html,MegaCloud,Version: 0.1.30, File size: 1.41MB ,Date added: July 09  2012,Price: Free ,Operating system: Windows XP/Vista/7,Total downloads: 2 148,Downloads last week: 46
http://download.cnet.com/windows/internet-software/?tag=rb_content;main,internet-software,http://download.cnet.com/windows/online-storage-data-backup/,Online Storage & Data Backup,http://download.cnet.com/Office-Convert-Htm-Html-to-Image-Jpg-Jpeg-Free/3000-2184_4-10900951.html,Office Convert Htm/Html to Image Jpg/Jpeg Free,Version: 5.0, File size: 8.63MB ,Date added: December 17  2008,Price: Free ,Operating system: Windows 95/NT/98/Me/2000/XP/2003/Vista/Server 2008,Total downloads: 21 495,Downloads last week: 108
http://download.cnet.com/windows/internet-software/?tag=rb_content;main,internet-software,http://download.cnet.com/windows/online-storage-data-backup/,Online Storage & Data Backup,http://download.cnet.com/syncDriver-for-SkyDrive/3000-2184_4-75802475.html,syncDriver for SkyDrive,Version: 1.2, File size: 870.03K ,Date added: July 22  2013,Price: Free ,Operating system: Windows XP/2003/Vista/Server 2008/7/8,Total downloads: 10 806,Downloads last week: 74
http://download.cnet.com/windows/internet-software/?tag=rb_content;main,internet-software,http://download.cnet.com/windows/online-storage-data-backup/,Online Storage & Data Backup,http://download.cnet.com/Gladinet-Cloud-Desktop-Starter-Edition/3000-2184_4-10904879.html,Gladinet Cloud Desktop Starter Edition,Version: 4.0.1027, File size: 17.12MB ,Date added: April 03  2013,Price: Free ,Operating system: Windows XP/2003/Vista/Server 2008/7,Total downloads: 181 635,Downloads last week: 49
http://download.cnet.com/windows/internet-software/?tag=rb_content;main,internet-software,http://download.cnet.com/windows/online-storage-data-backup/,Online Storage & Data Backup,http://download.cnet.com/Box-Sync/3000-2184_4-76080644.html,Box Sync,Version: 4.0.4179, File size: 30.05MB ,Date added: January 15  2014,Price: Free ,Operating system: Windows XP/Vista/7/8,Total downloads: 1 571,Downloads last week: 205
http://download.cnet.com/windows/internet-software/?tag=rb_content;main,internet-software,http://download.cnet.com/windows/online-storage-data-backup/,Online Storage & Data Backup,http://download.cnet.com/DragonDisk/3000-2184_4-75415469.html,DragonDisk,Version: 1.05, File size: 9.16MB ,Date added: October 26  2012,Price: Free ,Operating system: Windows 2000/XP/2003/Vista/Server 2008/7,Total downloads: 1 395,Downloads last week: 200
http://download.cnet.com/windows/internet-software/?tag=rb_content;main,internet-software,http://download.cnet.com/windows/online-storage-data-backup/,Online Storage & Data Backup,http://download.cnet.com/Norton-Zone/3000-2184_4-75912766.html,Norton Zone,Version: 1.1.0.4, File size: 24.19MB ,Date added: February 02  2014,Price: Free ,Operating system: Windows XP/Vista/7/8,Total downloads: 386 908,Downloads last week: 15 822
http://download.cnet.com/windows/internet-software/?tag=rb_content;main,internet-software,http://download.cnet.com/windows/online-storage-data-backup/,Online Storage & Data Backup,http://download.cnet.com/Dropbox/3000-2184_4-10903856.html,Dropbox,Version: 2.6.25, File size: 35.11MB ,Date added: March 20  2014,Price: Free; Paid upgrade available ,Operating system: Windows XP/Vista/7,Total downloads: 530 093,Downloads last week: 4 219
http://download.cnet.com/windows/internet-software/?tag=rb_content;main,internet-software,http://download.cnet.com/windows/online-storage-data-backup/,Online Storage & Data Backup,http://download.cnet.com/Cyberduck-for-Windows/3000-2184_4-75623481.html,Cyberduck for Windows,Version: 4.3.1, File size: 14.61MB ,Date added: May 04  2013,Price: Free ,Operating system: Windows XP/Vista/7,Total downloads: 35 593,Downloads last week: 556
http://download.cnet.com/windows/internet-software/?tag=rb_content;main,internet-software,http://download.cnet.com/windows/online-storage-data-backup/,Online Storage & Data Backup,http://download.cnet.com/Clip2Net/3000-2184_4-10741074.html,Clip2Net,Version: 2.0.1.178, File size: 5.22MB ,Date added: January 03  2014,Price: Free ,Operating system: Windows 2000/XP/2003/Vista/Server 2008/7/8,Total downloads: 11 250,Downloads last week: 24
http://download.cnet.com/windows/internet-software/?tag=rb_content;main,internet-software,http://download.cnet.com/windows/online-storage-data-backup/,Online Storage & Data Backup,http://download.cnet.com/HTTrack-Portable/3000-2184_4-75450540.html,HTTrack Portable,Version: 3.44.1, File size: 2.28MB ,Date added: May 27  2011,Price: Free ,Operating system: Windows NT/98/Me/2000/XP/2003/Vista/7,Total downloads: 2 803,Downloads last week: 25
http://download.cnet.com/windows/internet-software/?tag=rb_content;main,internet-software,http://download.cnet.com/windows/online-storage-data-backup/,Online Storage & Data Backup,http://download.cnet.com/Pogoplug-PC/3000-2184_4-75685328.html,Pogoplug PC,Version: 1.0, File size: 12.32MB ,Date added: March 14  2012,Price: Free to try (30-day trial); $29.95 to buy (Buy it now) ,Operating system: Windows XP/7,Total downloads: 578,Downloads last week: 15
http://download.cnet.com/windows/internet-software/?tag=rb_content;main,internet-software,http://download.cnet.com/windows/online-storage-data-backup/,Online Storage & Data Backup,http://download.cnet.com/Cloud-Explorer/3000-2184_4-76060672.html,Cloud Explorer,Version: 1.0.3, File size: 2.45MB ,Date added: January 14  2014,Price: Free ,Operating system: Windows XP/2003/Vista/Server 2008/7/8,Total downloads: 693,Downloads last week: 15
http://download.cnet.com/windows/internet-software/?tag=rb_content;main,internet-software,http://download.cnet.com/windows/online-storage-data-backup/,Online Storage & Data Backup,http://download.cnet.com/Nero-BackItUp-2014/3000-2184_4-76046910.html,Nero BackItUp 2014,Version: 15.0.23, File size: 49.29MB ,Date added: January 29  2014,Price: Free; $69.99 to buy (Buy it now) ,Operating system: Windows XP/Vista/7/8,Total downloads: 5 993,Downloads last week: 44
http://download.cnet.com/windows/internet-software/?tag=rb_content;main,internet-software,http://download.cnet.com/windows/online-storage-data-backup/,Online Storage & Data Backup,http://download.cnet.com/AnvSoft-Web-FLV-Player-Pro/3000-2184_4-10908482.html,AnvSoft Web FLV Player Pro,Version: 3.12, File size: 21.36MB ,Date added: June 01  2011,Price: Free to try (3-minute conversion trial); $29.95 to buy (Buy it now) ,Operating system: Windows NT/98/Me/2000/XP/2003/Vista/Server 2008/7,Total downloads: 3 311,Downloads last week: 18
http://download.cnet.com/windows/internet-software/?tag=rb_content;main,internet-software,http://download.cnet.com/windows/online-storage-data-backup/,Online Storage & Data Backup,http://download.cnet.com/Cloud-Turtle/3000-2184_4-75531641.html,Cloud Turtle,Version: 1.0, File size: 2.17MB ,Date added: July 27  2011,Price: Free ,Operating system: Windows XP/2003/Vista/Server 2008/7,Total downloads: 2 542,Downloads last week: 19
http://download.cnet.com/windows/internet-software/?tag=rb_content;main,internet-software,http://download.cnet.com/windows/online-storage-data-backup/,Online Storage & Data Backup,http://download.cnet.com/Gladinet-Cloud-Desktop-Starter-Edition-64-bit/3000-2184_4-10907413.html,Gladinet Cloud Desktop Starter Edition (64-bit),Version: 4.0.1027, File size: 20.67MB ,Date added: April 03  2013,Price: Free ,Operating system: Windows XP/2003/Vista/Server 2008/7,Total downloads: 51 440,Downloads last week: 24
http://download.cnet.com/windows/internet-software/?tag=rb_content;main,internet-software,http://download.cnet.com/windows/online-storage-data-backup/,Online Storage & Data Backup,http://download.cnet.com/CloudXplorer/3000-2184_4-75940217.html,CloudXplorer,Version: 2.1, File size: 3.33MB ,Date added: June 25  2013,Price: Free to try; $35.00 to buy ,Operating system: Windows Server 2008/7/8,Total downloads: 115,Downloads last week: 8
http://download.cnet.com/windows/internet-software/?tag=rb_content;main,internet-software,http://download.cnet.com/windows/online-storage-data-backup/,Online Storage & Data Backup,http://download.cnet.com/Cubby/3000-2184_4-75820299.html,Cubby,Version: 1.0, File size: 4.4MB ,Date added: December 08  2012,Price: Free ,Operating system: Windows XP/Vista/7,Total downloads: 442,Downloads last week: 7
http://download.cnet.com/windows/internet-software/?tag=rb_content;main,internet-software,http://download.cnet.com/windows/online-storage-data-backup/,Online Storage & Data Backup,http://download.cnet.com/IDrive-Online-Backup/3000-2184_4-10910497.html,IDrive Online Backup,Version: 6.0.0.12, File size: 7.09MB ,Date added: June 24  2013,Price: Free ,Operating system: Windows 2000/XP/2003/Vista/Server 2008/7/8,Total downloads: 9 138,Downloads last week: 9
http://download.cnet.com/windows/internet-software/?tag=rb_content;main,internet-software,http://download.cnet.com/windows/online-storage-data-backup/,Online Storage & Data Backup,http://download.cnet.com/CX-com/3000-2184_4-75703557.html,CX.com,Version: 5.9.0, File size: 3.09MB ,Date added: April 17  2012,Price: Free ,Operating system: Windows XP/Vista/7/8,Total downloads: 282,Downloads last week: 13
http://download.cnet.com/windows/internet-software/?tag=rb_content;main,internet-software,http://download.cnet.com/windows/online-storage-data-backup/,Online Storage & Data Backup,http://download.cnet.com/S3-Browser/3000-2184_4-10890613.html,S3 Browser,Version: 3.8.1, File size: 1.64MB ,Date added: March 14  2013,Price: Free ,Operating system: Windows 98/Me/2000/XP/2003/Vista/Server 2008/7/8,Total downloads: 5 726,Downloads last week: 13
http://download.cnet.com/windows/internet-software/?tag=rb_content;main,internet-software,http://download.cnet.com/windows/online-storage-data-backup/,Online Storage & Data Backup,http://download.cnet.com/Dropbox-Folder-Sync/3000-2184_4-75911255.html,Dropbox Folder Sync,Version: 2.7, File size: 853.56K ,Date added: April 30  2013,Price: Free ,Operating system: Windows XP/Vista/7/8,Total downloads: 504,Downloads last week: 8
http://download.cnet.com/windows/internet-software/?tag=rb_content;main,internet-software,http://download.cnet.com/windows/online-storage-data-backup/,Online Storage & Data Backup,http://download.cnet.com/OpenDrive/3000-2184_4-75274562.html,OpenDrive,Version: 1.5.3.1, File size: 489.01K ,Date added: June 20  2013,Price: Free ,Operating system: Windows XP/Vista/Server 2008/7/8,Total downloads: 1 409,Downloads last week: 10
http://download.cnet.com/windows/internet-software/?tag=rb_content;main,internet-software,http://download.cnet.com/windows/online-storage-data-backup/,Online Storage & Data Backup,http://download.cnet.com/SDExplorer-Base/3000-2184_4-75330228.html,SDExplorer Base,Version: 3.1.0.842, File size: 1.58MB ,Date added: August 29  2013,Price: Free ,Operating system: Windows XP/2003/Vista/Server 2008/7,Total downloads: 55 987,Downloads last week: 10
http://download.cnet.com/windows/internet-software/?tag=rb_content;main,internet-software,http://download.cnet.com/windows/online-storage-data-backup/,Online Storage & Data Backup,http://download.cnet.com/CloudBerry-Explorer-PRO-for-Amazon-S3/3000-2184_4-10972446.html,CloudBerry Explorer PRO for Amazon S3,Version: 3.8.2.54, File size: 10.74MB ,Date added: July 22  2013,Price: Free to try (15-day trial); $39.99 to buy (Buy it now) ,Operating system: Windows XP/Vista/7/8,Total downloads: 1 088,Downloads last week: 6
http://download.cnet.com/windows/internet-software/?tag=rb_content;main,internet-software,http://download.cnet.com/windows/online-storage-data-backup/,Online Storage & Data Backup,http://download.cnet.com/Syncbox-Server/3000-2184_4-75843582.html,Syncbox Server,Version: 0.3.1.2382, File size: 34.23MB ,Date added: January 10  2013,Price: Free ,Operating system: Windows XP/2003/Vista/7,Total downloads: 456,Downloads last week: 6
http://download.cnet.com/windows/internet-software/?tag=rb_content;main,internet-software,http://download.cnet.com/windows/online-storage-data-backup/,Online Storage & Data Backup,http://download.cnet.com/CarotDAV/3000-2184_4-75790371.html,CarotDAV,Version: 1.9.8, File size: 1.58MB ,Date added: October 10  2012,Price: Free ,Operating system: Windows 2000/XP/2003/Vista/Server 2008/7,Total downloads: 566,Downloads last week: 5
http://download.cnet.com/windows/internet-software/?tag=rb_content;main,internet-software,http://download.cnet.com/windows/online-storage-data-backup/,Online Storage & Data Backup,http://download.cnet.com/Ubuntu-One/3000-2184_4-75959284.html,Ubuntu One,Version: 4.2, File size: 15.44MB ,Date added: July 18  2013,Price: Free ,Operating system: Windows XP/Vista/7/8,Total downloads: 209,Downloads last week: 4
http://download.cnet.com/windows/internet-software/?tag=rb_content;main,internet-software,http://download.cnet.com/windows/online-storage-data-backup/,Online Storage & Data Backup,http://download.cnet.com/LetmeSync/3000-2184_4-75906998.html,LetmeSync,Version: 1.0, File size: 479.1K ,Date added: April 21  2013,Price: Free ,Operating system: Windows 2000/XP/2003/Vista/Server 2008/7/8,Total downloads: 274,Downloads last week: 4
http://download.cnet.com/windows/internet-software/?tag=rb_content;main,internet-software,http://download.cnet.com/windows/online-storage-data-backup/,Online Storage & Data Backup,http://download.cnet.com/GDocsDrive/3000-2184_4-75446738.html,GDocsDrive,Version: 2.0, File size: 5.37MB ,Date added: January 20  2012,Price: Free to try (14-day trial); $19.99 to buy (Buy it now) ,Operating system: Windows XP/Vista/7,Total downloads: 876,Downloads last week: 6
http://download.cnet.com/windows/internet-software/?tag=rb_content;main,internet-software,http://download.cnet.com/windows/online-storage-data-backup/,Online Storage & Data Backup,http://download.cnet.com/Touro-Cloud-Backup/3000-2184_4-75946054.html,Touro Cloud Backup,Version: 2.0.1, File size: 6.53MB ,Date added: July 02  2013,Price: Free to try ,Operating system: Windows XP/Vista/7,Total downloads: 161,Downloads last week: 5
http://download.cnet.com/windows/internet-software/?tag=rb_content;main,internet-software,http://download.cnet.com/windows/online-storage-data-backup/,Online Storage & Data Backup,http://download.cnet.com/GetVConnect-Client-Software/3000-2184_4-76046098.html,GetVConnect Client Software,Version: 1.0, File size: 1.82MB ,Date added: December 09  2013,Price: Free to try; annual subscription (14-day trial) ,Operating system: Windows 2003/Vista/Server 2008/7/8,Total downloads: 6,Downloads last week: 6
http://download.cnet.com/windows/internet-software/?tag=rb_content;main,internet-software,http://download.cnet.com/windows/online-storage-data-backup/,Online Storage & Data Backup,http://download.cnet.com/Syncbox-Client/3000-2184_4-75843581.html,Syncbox Client,Version: 0.3.1.2382, File size: 14.31MB ,Date added: January 10  2013,Price: Free ,Operating system: Windows XP/2003/Vista/7,Total downloads: 196,Downloads last week: 4
http://download.cnet.com/windows/internet-software/?tag=rb_content;main,internet-software,http://download.cnet.com/windows/online-storage-data-backup/,Online Storage & Data Backup,http://download.cnet.com/Box-Sync/3000-2184_4-76088112.html,Box Sync,Version: 4.0.4336, File size: 30.51MB ,Date added: February 10  2014,Price: Free ,Operating system: Windows XP/7/8,Total downloads: 81,Downloads last week: 4
http://download.cnet.com/windows/internet-software/?tag=rb_content;main,internet-software,http://download.cnet.com/windows/online-storage-data-backup/,Online Storage & Data Backup,http://download.cnet.com/Azure-Cloud-Director/3000-2184_4-75848238.html,Azure Cloud Director,Version: 1.0.0.92, File size: 464.45K ,Date added: January 17  2013,Price: Free ,Operating system: Windows XP/Vista/7,Total downloads: 52,Downloads last week: 1
http://download.cnet.com/windows/internet-software/?tag=rb_content;main,internet-software,http://download.cnet.com/windows/online-storage-data-backup/,Online Storage & Data Backup,http://download.cnet.com/iMapBox/3000-2184_4-75893522.html,iMapBox,Version: 4.9.2, File size: 19.38MB ,Date added: March 17  2014,Price: Free to try (30-day trial); $12.95 to buy (Buy it now) ,Operating system: Windows NT/98/Me/2000/XP/2003/Vista/Server 2008/7/8,Total downloads: 42,Downloads last week: 3
http://download.cnet.com/windows/internet-software/?tag=rb_content;main,internet-software,http://download.cnet.com/windows/online-storage-data-backup/,Online Storage & Data Backup,http://download.cnet.com/eBackup-for-Servers/3000-2184_4-10914693.html,eBackup for Servers,Version: 5.2.7, File size: 23.65MB ,Date added: May 13  2009,Price: Free ,Operating system: Windows 2000/XP/2003/Vista/Server 2008,Total downloads: 220,Downloads last week: 3
http://download.cnet.com/windows/internet-software/?tag=rb_content;main,internet-software,http://download.cnet.com/windows/online-storage-data-backup/,Online Storage & Data Backup,http://download.cnet.com/Dropbox/3000-2184_4-75631068.html,Dropbox,Version: 2.4.1, File size: 33.65MB ,Date added: October 07  2013,Price: Free ,Operating system: Windows XP/Vista/7,Total downloads: 1 477,Downloads last week: 3
http://download.cnet.com/windows/internet-software/?tag=rb_content;main,internet-software,http://download.cnet.com/windows/online-storage-data-backup/,Online Storage & Data Backup,http://download.cnet.com/Cloud-Combine/3000-2184_4-75959087.html,Cloud Combine,Version: 1.6, File size: 2.98MB ,Date added: July 18  2013,Price: Free to try (30-day trial); $9.99 to buy ,Operating system: Windows Vista/Server 2008/7/8,Total downloads: 26,Downloads last week: 3
http://download.cnet.com/windows/internet-software/?tag=rb_content;main,internet-software,http://download.cnet.com/windows/online-storage-data-backup/,Online Storage & Data Backup,http://download.cnet.com/Cloud-Giant/3000-2184_4-75812187.html,Cloud Giant,Version: 2.0, File size: 1.76MB ,Date added: July 30  2013,Price: Free ,Operating system: Windows NT/98/Me/2000/XP/2003/Vista/Server 2008/7/8,Total downloads: 221,Downloads last week: 3
http://download.cnet.com/windows/internet-software/?tag=rb_content;main,internet-software,http://download.cnet.com/windows/online-storage-data-backup/,Online Storage & Data Backup,http://download.cnet.com/Joukuu-Lite-Version/3000-2184_4-75761195.html,Joukuu Lite Version,Version: 1.3.3.3, File size: 3.23MB ,Date added: August 30  2012,Price: Free ,Operating system: Windows XP/Vista/7,Total downloads: 88,Downloads last week: 3
http://download.cnet.com/windows/internet-software/?tag=rb_content;main,internet-software,http://download.cnet.com/windows/online-storage-data-backup/,Online Storage & Data Backup,http://download.cnet.com/Neembuu-Uploader/3000-2184_4-75180645.html,Neembuu Uploader,Version: 2.9.3, File size: 14.53MB ,Date added: March 06  2014,Price: Free ,Operating system: Windows 98/Me/2000/XP/2003/Vista/Server 2008/7,Total downloads: 208,Downloads last week: 3
http://download.cnet.com/windows/internet-software/?tag=rb_content;main,internet-software,http://download.cnet.com/windows/online-storage-data-backup/,Online Storage & Data Backup,http://download.cnet.com/My-Book-Live/3000-2184_4-75955119.html,My Book Live,Version: 1.2.1.6, File size: 9.42MB ,Date added: July 12  2013,Price: Free ,Operating system: Windows XP/Vista/7,Total downloads: 129,Downloads last week: 3
http://download.cnet.com/windows/internet-software/?tag=rb_content;main,internet-software,http://download.cnet.com/windows/online-storage-data-backup/,Online Storage & Data Backup,http://download.cnet.com/Inbox-Storage/3000-2184_4-75755247.html,Inbox Storage,Version: 1.0.0.31, File size: 2.44MB ,Date added: July 22  2013,Price: Free ,Operating system: Windows XP/Vista/7/8,Total downloads: 173,Downloads last week: 2
http://download.cnet.com/windows/internet-software/?tag=rb_content;main,internet-software,http://download.cnet.com/windows/online-storage-data-backup/,Online Storage & Data Backup,http://download.cnet.com/Cloud-Desktop-Professional-Edition/3000-2184_4-75450078.html,Cloud Desktop Professional Edition,Version: 3.2.799, File size: 15.58MB ,Date added: December 11  2011,Price: Free to try (Limited functionality); $49.99 to buy (Buy it now) ,Operating system: Windows XP/2003/Vista/Server 2008/7,Total downloads: 566,Downloads last week: 3
http://download.cnet.com/windows/internet-software/?tag=rb_content;main,internet-software,http://download.cnet.com/windows/online-storage-data-backup/,Online Storage & Data Backup,http://download.cnet.com/CloudBerry-Backup-for-MS-SQL-Server/3000-2184_4-75914840.html,CloudBerry Backup for MS SQL Server,Version: 3.5.1.47, File size: 13.36MB ,Date added: July 09  2013,Price: Free to try (15-day trial); $149.99 to buy ,Operating system: Windows XP/2003/Vista/Server 2008/7/8,Total downloads: 76,Downloads last week: 2
http://download.cnet.com/windows/internet-software/?tag=rb_content;main,internet-software,http://download.cnet.com/windows/online-storage-data-backup/,Online Storage & Data Backup,http://download.cnet.com/GlacialFreeze/3000-2184_4-75843248.html,GlacialFreeze,Version: 1.0, File size: 14.57MB ,Date added: January 09  2013,Price: Free to try (None); $24.99 to buy (Buy it now) ,Operating system: Windows 2003/Vista/Server 2008/7/8,Total downloads: 23,Downloads last week: 2
http://download.cnet.com/windows/internet-software/?tag=rb_content;main,internet-software,http://download.cnet.com/windows/online-storage-data-backup/,Online Storage & Data Backup,http://download.cnet.com/SkyBackups/3000-2184_4-75629660.html,SkyBackups,Version: 4.0, File size: 31.39MB ,Date added: January 11  2012,Price: Free to try (30-day trial); $2.70 to buy (Buy it now) ,Operating system: Windows XP/2003/Vista/Server 2008,Total downloads: 66,Downloads last week: 3
http://download.cnet.com/windows/internet-software/?tag=rb_content;main,internet-software,http://download.cnet.com/windows/online-storage-data-backup/,Online Storage & Data Backup,http://download.cnet.com/HRaBu-Hosted-Recovery-and-Backup/3000-2184_4-75454245.html,HRaBu Hosted Recovery and Backup,Version: 6.5.2, File size: 58.13MB ,Date added: October 19  2011,Price: Free to try (90-day trial); $5.00 to buy ,Operating system: Windows XP/2003/Vista/Server 2008/7,Total downloads: 24,Downloads last week: 2
http://download.cnet.com/windows/internet-software/?tag=rb_content;main,internet-software,http://download.cnet.com/windows/online-storage-data-backup/,Online Storage & Data Backup,http://download.cnet.com/Blinq/3000-2184_4-75788956.html,Blinq,Version: 1.13, File size: 3.35MB ,Date added: October 09  2012,Price: Free ,Operating system: Windows XP/Vista/7,Total downloads: 46,Downloads last week: 3
http://download.cnet.com/windows/internet-software/?tag=rb_content;main,internet-software,http://download.cnet.com/windows/online-storage-data-backup/,Online Storage & Data Backup,http://download.cnet.com/Cloud-Filer/3000-2184_4-76038006.html,Cloud Filer,Version: 1.0.1036, File size: 7.54MB ,Date added: December 09  2013,Price: Free ,Operating system: Windows Vista/Server 2008/7/8,Total downloads: 26,Downloads last week: 2
http://download.cnet.com/windows/internet-software/?tag=rb_content;main,internet-software,http://download.cnet.com/windows/online-storage-data-backup/,Online Storage & Data Backup,http://download.cnet.com/Power-Web2Pic/3000-2184_4-10973160.html,Power Web2Pic,Version: 2.0, File size: 681.86K ,Date added: November 03  2009,Price: Free to try (7-day trial); $15.90 to buy (Buy it now) ,Operating system: Windows 95/98/Me/2000/XP/2003/Vista/7,Total downloads: 553,Downloads last week: 2
http://download.cnet.com/windows/internet-software/?tag=rb_content;main,internet-software,http://download.cnet.com/windows/online-storage-data-backup/,Online Storage & Data Backup,http://download.cnet.com/Smart-Extranet/3000-2184_4-75937858.html,Smart Extranet,Version: 3.11, File size: 1.9MB ,Date added: June 19  2013,Price: Free to try; $266.48 to buy ,Operating system: Windows XP/2003/Vista/7,Total downloads: 39,Downloads last week: 2
http://download.cnet.com/windows/internet-software/?tag=rb_content;main,internet-software,http://download.cnet.com/windows/online-storage-data-backup/,Online Storage & Data Backup,http://download.cnet.com/Cloud-Storage-Studio/3000-2184_4-75939984.html,Cloud Storage Studio,Version: 2.0.10.461, File size: 12.6MB ,Date added: June 24  2013,Price: Free to try; $195.00 to buy (Buy it now) ,Operating system: Windows XP/Vista/7/8,Total downloads: 108,Downloads last week: 2
http://download.cnet.com/windows/internet-software/?tag=rb_content;main,internet-software,http://download.cnet.com/windows/online-storage-data-backup/,Online Storage & Data Backup,http://download.cnet.com/Media-Move/3000-2184_4-10964779.html,Media Move,Version: 7.2.2, File size: 4.01MB ,Date added: February 29  2012,Price: Free to try (100000-file moving trial); $9.99 to buy (Buy it now) ,Operating system: Windows 95/NT/98/Me/2000/XP/7/XP 64-bit/32-bit/7 32-bit/64-bit,Total downloads: 410,Downloads last week: 2
http://download.cnet.com/windows/internet-software/?tag=rb_content;main,internet-software,http://download.cnet.com/windows/online-storage-data-backup/,Online Storage & Data Backup,http://download.cnet.com/PowerFolder/3000-2184_4-10453827.html,PowerFolder,Version: 7.0.4, File size: 9.29MB ,Date added: January 28  2013,Price: Free to try (1GB sync/1-storage trial); $90.00 to buy (Buy it now) ,Operating system: Windows XP/2003/Vista/Server 2008/7,Total downloads: 20 543,Downloads last week: 2
http://download.cnet.com/windows/internet-software/?tag=rb_content;main,internet-software,http://download.cnet.com/windows/online-storage-data-backup/,Online Storage & Data Backup,http://download.cnet.com/Inbox-Storage/3000-2184_4-75755247.html,Inbox Storage,Version: 1.0.0.31, File size: 2.44MB ,Date added: July 22  2013,Price: Free ,Operating system: Windows XP/Vista/7/8,Total downloads: 173,Downloads last week: 2
http://download.cnet.com/windows/internet-software/?tag=rb_content;main,internet-software,http://download.cnet.com/windows/online-storage-data-backup/,Online Storage & Data Backup,http://download.cnet.com/Web-Boomerang/3000-2184_4-75090744.html,Web Boomerang,Version: 1.0, File size: 2.63MB ,Date added: February 01  2010,Price: Free to try; Some features disabled; $49.95 to buy ,Operating system: Windows 2000/XP/Vista/7,Total downloads: 273,Downloads last week: 2
http://download.cnet.com/windows/internet-software/?tag=rb_content;main,internet-software,http://download.cnet.com/windows/online-storage-data-backup/,Online Storage & Data Backup,http://download.cnet.com/CCBoot/3000-2184_4-76065487.html,CCBoot,Version: 3.0, File size: 5.16MB ,Date added: January 01  2014,Price: Free to try (5 users limitation); $25.00 to buy (Buy it now) ,Operating system: Windows XP/2003/Server 2008/7/8,Total downloads: 20,Downloads last week: 2
http://download.cnet.com/windows/internet-software/?tag=rb_content;main,internet-software,http://download.cnet.com/windows/online-storage-data-backup/,Online Storage & Data Backup,http://download.cnet.com/CarotDAV-Portable/3000-2184_4-75790373.html,CarotDAV Portable,Version: 1.9.8, File size: 1.4MB ,Date added: October 10  2012,Price: Free ,Operating system: Windows 2000/XP/2003/Vista/Server 2008/7,Total downloads: 27,Downloads last week: 2
http://download.cnet.com/windows/internet-software/?tag=rb_content;main,internet-software,http://download.cnet.com/windows/online-storage-data-backup/,Online Storage & Data Backup,http://download.cnet.com/Cloud-Storage-Studio/3000-2184_4-75939984.html,Cloud Storage Studio,Version: 2.0.10.461, File size: 12.6MB ,Date added: June 24  2013,Price: Free to try; $195.00 to buy (Buy it now) ,Operating system: Windows XP/Vista/7/8,Total downloads: 108,Downloads last week: 2
http://download.cnet.com/windows/internet-software/?tag=rb_content;main,internet-software,http://download.cnet.com/windows/online-storage-data-backup/,Online Storage & Data Backup,http://download.cnet.com/SDExplorer-Advanced/3000-2184_4-75415891.html,SDExplorer Advanced,Version: 3.5.2.919, File size: 6.66MB ,Date added: August 29  2013,Price: Free to try; Single-User License; $13.75 to buy ,Operating system: Windows XP/2003/Vista/Server 2008/7,Total downloads: 2 608,Downloads last week: 2
http://download.cnet.com/windows/internet-software/?tag=rb_content;main,internet-software,http://download.cnet.com/windows/online-storage-data-backup/,Online Storage & Data Backup,http://download.cnet.com/Dump-Truck-for-Windows/3000-2184_4-75935470.html,Dump Truck for Windows,Version: 1.1.1, File size: 29.73MB ,Date added: June 12  2013,Price: Free ,Operating system: Windows XP/Vista/7/8,Total downloads: 121,Downloads last week: 2
http://download.cnet.com/windows/internet-software/?tag=rb_content;main,internet-software,http://download.cnet.com/windows/online-storage-data-backup/,Online Storage & Data Backup,http://download.cnet.com/DropSend-Direct/3000-2184_4-75905870.html,DropSend Direct,Version: 4.0, File size: 10.63MB ,Date added: April 19  2013,Price: Free ,Operating system: Windows XP/Vista/7,Total downloads: 156,Downloads last week: 2
http://download.cnet.com/windows/internet-software/?tag=rb_content;main,internet-software,http://download.cnet.com/windows/online-storage-data-backup/,Online Storage & Data Backup,http://download.cnet.com/Cloud-Drive-Storage-Service/3000-2184_4-10969319.html,Cloud Drive Storage Service,Version: 1.3.4.20, File size: 4.94MB ,Date added: October 29  2012,Price: Free ,Operating system: Windows XP/2003/Vista,Total downloads: 3 979,Downloads last week: 2
http://download.cnet.com/windows/internet-software/?tag=rb_content;main,internet-software,http://download.cnet.com/windows/online-storage-data-backup/,Online Storage & Data Backup,http://download.cnet.com/S3-Browser-U3-Portable-64-bit/3000-2184_4-75445577.html,S3 Browser U3 Portable (64-bit),Version: 2.9.2, File size: 1.45MB ,Date added: April 02  2011,Price: Free ,Operating system: Windows 98/Me/2000/XP/2003/Vista/Server 2008/7,Total downloads: 39,Downloads last week: 1
http://download.cnet.com/windows/internet-software/?tag=rb_content;main,internet-software,http://download.cnet.com/windows/online-storage-data-backup/,Online Storage & Data Backup,http://download.cnet.com/zuuMedia-SmartDrive/3000-2184_4-75453576.html,zuuMedia SmartDrive,Version: 3.3.0.1091, File size: 9.19MB ,Date added: July 10  2011,Price: Purchase; $9.99 to buy (Buy it now) ,Operating system: Windows XP/Vista/7,Total downloads: 37,Downloads last week: 1
http://download.cnet.com/windows/internet-software/?tag=rb_content;main,internet-software,http://download.cnet.com/windows/online-storage-data-backup/,Online Storage & Data Backup,http://download.cnet.com/BigCloud-Archives/3000-2184_4-75072923.html,BigCloud Archives,Version: 0.9.1, File size: 15.54MB ,Date added: January 24  2011,Price: Free ,Operating system: Windows XP/2003/Vista/7,Total downloads: 161,Downloads last week: 1
http://download.cnet.com/windows/internet-software/?tag=rb_content;main,internet-software,http://download.cnet.com/windows/online-storage-data-backup/,Online Storage & Data Backup,http://download.cnet.com/Click2Public/3000-2184_4-75855844.html,Click2Public,Version: 1.0, File size: 929.21K ,Date added: January 31  2013,Price: Free to try; $14.95 to buy ,Operating system: Windows XP/Vista/7,Total downloads: 14,Downloads last week: 1
http://download.cnet.com/windows/internet-software/?tag=rb_content;main,internet-software,http://download.cnet.com/windows/online-storage-data-backup/,Online Storage & Data Backup,http://download.cnet.com/Infowise-Internet-Survey/3000-2184_4-75328802.html,Infowise Internet Survey,Version: 1.1.1, File size: 959.03K ,Date added: January 04  2013,Price: Free ,Operating system: Windows NT/98/Me/2000/XP/2003/Vista/7,Total downloads: 144,Downloads last week: 1
http://download.cnet.com/windows/internet-software/?tag=rb_content;main,internet-software,http://download.cnet.com/windows/online-storage-data-backup/,Online Storage & Data Backup,http://download.cnet.com/McAfee-Online-Back-up/3000-2184_4-10971752.html,McAfee Online Back-up,Version: 1.0, File size: 9.54MB ,Date added: October 12  2009,Price: Free to try (30-day trial) ,Operating system: Windows 2000/XP/Vista/7,Total downloads: 1 698,Downloads last week: 2
http://download.cnet.com/windows/internet-software/?tag=rb_content;main,internet-software,http://download.cnet.com/windows/online-storage-data-backup/,Online Storage & Data Backup,http://download.cnet.com/S3-Browser-Portable/3000-2184_4-75327695.html,S3 Browser Portable,Version: 3.8.1, File size: 1.69MB ,Date added: March 14  2013,Price: Free ,Operating system: Windows 98/Me/2000/XP/2003/Vista/Server 2008/7/8,Total downloads: 314,Downloads last week: 1
http://download.cnet.com/windows/internet-software/?tag=rb_content;main,internet-software,http://download.cnet.com/windows/online-storage-data-backup/,Online Storage & Data Backup,http://download.cnet.com/Datomic-Free/3000-2184_4-75766288.html,Datomic Free,Version: 0.8.4020, File size: 39.08MB ,Date added: June 24  2013,Price: Free ,Operating system: Windows XP/2003/Vista/Server 2008/7,Total downloads: 192,Downloads last week: 1
http://download.cnet.com/windows/internet-software/?tag=rb_content;main,internet-software,http://download.cnet.com/windows/online-storage-data-backup/,Online Storage & Data Backup,http://download.cnet.com/GreyVault-x86/3000-2184_4-75884644.html,GreyVault x86,Version: 11.2.0.0, File size: 36.45MB ,Date added: March 14  2013,Price: Free to try (30-day trial); $55.00 to buy (Buy it now) ,Operating system: Windows,Total downloads: 8,Downloads last week: 1
http://download.cnet.com/windows/internet-software/?tag=rb_content;main,internet-software,http://download.cnet.com/windows/online-storage-data-backup/,Online Storage & Data Backup,http://download.cnet.com/Cloud-Drive-Storage-Service/3000-2184_4-10969319.html,Cloud Drive Storage Service,Version: 1.3.4.20, File size: 4.94MB ,Date added: October 29  2012,Price: Free ,Operating system: Windows XP/2003/Vista,Total downloads: 3 979,Downloads last week: 2
http://download.cnet.com/windows/internet-software/?tag=rb_content;main,internet-software,http://download.cnet.com/windows/online-storage-data-backup/,Online Storage & Data Backup,http://download.cnet.com/CrystalGreen/3000-2184_4-75628967.html,CrystalGreen,Version: 1.1, File size: 22.65K ,Date added: December 29  2011,Price: Free to try (7-day trial); $3.75 to buy (Buy it now) ,Operating system: Windows NT/98/Me/2000/XP/2003/Vista/Server 2008/7,Total downloads: 42,Downloads last week: 1
http://download.cnet.com/windows/internet-software/?tag=rb_content;main,internet-software,http://download.cnet.com/windows/online-storage-data-backup/,Online Storage & Data Backup,http://download.cnet.com/FatDrive-Cloud-Backup/3000-2184_4-75843514.html,FatDrive Cloud Backup,Version: 1.0.4, File size: 4.64MB ,Date added: January 10  2013,Price: Free to try; $29.90 to buy (Buy it now) ,Operating system: Windows XP/2003/Vista/Server 2008/7/8,Total downloads: 34,Downloads last week: 1
http://download.cnet.com/windows/internet-software/?tag=rb_content;main,internet-software,http://download.cnet.com/windows/online-storage-data-backup/,Online Storage & Data Backup,http://download.cnet.com/Jimage-Uploader-3/3000-2184_4-75856246.html,Jimage Uploader 3,Version: 1.0, File size: 2.77MB ,Date added: February 01  2013,Price: Free ,Operating system: Windows,Total downloads: 35,Downloads last week: 1
http://download.cnet.com/windows/internet-software/?tag=rb_content;main,internet-software,http://download.cnet.com/windows/online-storage-data-backup/,Online Storage & Data Backup,http://download.cnet.com/Twindocs-tools/3000-2184_4-75788950.html,Twindocs tools,Version: 129, File size: 8.19MB ,Date added: October 09  2012,Price: Free ,Operating system: Windows XP/Vista/7,Total downloads: 27,Downloads last week: 1
http://download.cnet.com/windows/internet-software/?tag=rb_content;main,internet-software,http://download.cnet.com/windows/online-storage-data-backup/,Online Storage & Data Backup,http://download.cnet.com/FusePad/3000-2184_4-10965282.html,FusePad,Version: 2009.011.13, File size: 7.31MB ,Date added: August 13  2009,Price: Free to try (30-day trial); $59.00 to buy (Buy it now) ,Operating system: Windows NT/2000/XP/2003/Vista/Server 2008/7,Total downloads: 48,Downloads last week: 1
http://download.cnet.com/windows/internet-software/?tag=rb_content;main,internet-software,http://download.cnet.com/windows/online-storage-data-backup/,Online Storage & Data Backup,http://download.cnet.com/XY-Web-Browsing-Helper/3000-2184_4-75852589.html,XY Web Browsing Helper,Version: 1.0, File size: 871.13K ,Date added: January 24  2013,Price: Free to try; $19.50 to buy (Buy it now) ,Operating system: Windows NT/XP/2003/Vista/Server 2008/7/8,Total downloads: 18,Downloads last week: 1
http://download.cnet.com/windows/internet-software/?tag=rb_content;main,internet-software,http://download.cnet.com/windows/online-storage-data-backup/,Online Storage & Data Backup,http://download.cnet.com/Pliko-Net/3000-2184_4-75823951.html,Pliko.Net,Version: 1.0, File size: 45.68MB ,Date added: December 11  2012,Price: Free to try (30-day trial); $249.00 to buy ,Operating system: Windows 2003/Server 2008,Total downloads: 16,Downloads last week: 1
http://download.cnet.com/windows/internet-software/?tag=rb_content;main,internet-software,http://download.cnet.com/windows/online-storage-data-backup/,Online Storage & Data Backup,http://download.cnet.com/CloudBerry-Explorer-for-OpenStack-Storage-Pro/3000-2184_4-75719000.html,CloudBerry Explorer for OpenStack Storage Pro,Version: 1.3.1.9, File size: 6.28MB ,Date added: August 25  2012,Price: Free to try (15-day trial); $39.99 to buy (Buy it now) ,Operating system: Windows XP/Vista/7/8,Total downloads: 105,Downloads last week: 1
http://download.cnet.com/windows/internet-software/?tag=rb_content;main,internet-software,http://download.cnet.com/windows/online-storage-data-backup/,Online Storage & Data Backup,http://download.cnet.com/Web-Task-list/3000-2184_4-75833898.html,Web Task list,Version: 1.0, File size: 257.02K ,Date added: December 27  2012,Price: Free ,Operating system: Windows XP/Vista/7,Total downloads: 24,Downloads last week: 1
http://download.cnet.com/windows/internet-software/?tag=rb_content;main,internet-software,http://download.cnet.com/windows/online-storage-data-backup/,Online Storage & Data Backup,http://download.cnet.com/Back2Cloud-Personal-Backup/3000-2184_4-75595373.html,Back2Cloud Personal Backup,Version: 6.1, File size: 106.66MB ,Date added: October 08  2013,Price: Free to try (30-day trial); $5.00 to buy (Buy it now) ,Operating system: Windows XP/2003/Vista/Server 2008/7/8,Total downloads: 65,Downloads last week: 1
http://download.cnet.com/windows/internet-software/?tag=rb_content;main,internet-software,http://download.cnet.com/windows/online-storage-data-backup/,Online Storage & Data Backup,http://download.cnet.com/DropIn-XI/3000-2184_4-75532510.html,DropIn XI,Version: 1.04, File size: 6.37MB ,Date added: September 01  2011,Price: Free to try (30-day trial); $10.00 to buy (Buy it now) ,Operating system: Windows XP/2003/Vista/7,Total downloads: 76,Downloads last week: 1
http://download.cnet.com/windows/internet-software/?tag=rb_content;main,internet-software,http://download.cnet.com/windows/online-storage-data-backup/,Online Storage & Data Backup,http://download.cnet.com/Internet-Collection/3000-2184_4-28071.html,Internet Collection,Version: 6.0, File size: 15.6MB ,Date added: November 15  2012,Price: Free to try; $157.95 to buy ,Operating system: Windows XP/2003/Vista/Server 2008/7,Total downloads: 116,Downloads last week: 1
http://download.cnet.com/windows/internet-software/?tag=rb_content;main,internet-software,http://download.cnet.com/windows/online-storage-data-backup/,Online Storage & Data Backup,http://download.cnet.com/Storage-Concentrator-Virtual-Machine-SCVM/3000-2184_4-75683292.html,Storage Concentrator Virtual Machine (SCVM),Version: 1.0, File size: 647.99MB ,Date added: March 10  2012,Price: Free to try (45-day trial) ,Operating system: Webware/W/XP/Vista/Server 2008/7,Total visits: 62,Visits last week: 1
http://download.cnet.com/windows/internet-software/?tag=rb_content;main,internet-software,http://download.cnet.com/windows/online-storage-data-backup/,Online Storage & Data Backup,http://download.cnet.com/Namo-BackupManager/3000-2184_4-10921564.html,Namo BackupManager,Version: 2.1.01, File size: 22.03MB ,Date added: June 22  2009,Price: Purchase; $39.99 to buy (Buy it now) ,Operating system: Windows 2000/XP/Vista,Total downloads: 67,Downloads last week: 1
http://download.cnet.com/windows/internet-software/?tag=rb_content;main,internet-software,http://download.cnet.com/windows/online-storage-data-backup/,Online Storage & Data Backup,http://download.cnet.com/Syncdocs-Portable-64-bit/3000-2184_4-75680917.html,Syncdocs Portable (64 bit),Version: 2.24, File size: 1.82MB ,Date added: March 06  2012,Price: Free to try; annual subscription (14-day trial  some features limited); $19.95 to buy ,Operating system: Windows XP/Vista/7,Total downloads: 51,Downloads last week: 1
http://download.cnet.com/windows/internet-software/?tag=rb_content;main,internet-software,http://download.cnet.com/windows/online-storage-data-backup/,Online Storage & Data Backup,http://download.cnet.com/BobDrive/3000-2184_4-75599182.html,BobDrive,Version: 1.5.1.0, File size: 11.87MB ,Date added: October 21  2011,Price: Free to try (30-day trial); $49.95 to buy (Buy it now) ,Operating system: Windows XP/Vista/7,Total downloads: 54,Downloads last week: 1
http://download.cnet.com/windows/internet-software/?tag=rb_content;main,internet-software,http://download.cnet.com/windows/online-storage-data-backup/,Online Storage & Data Backup,http://download.cnet.com/Fiastorage/3000-2184_4-75325156.html,Fiastorage,Version: 1.0.16.06, File size: 30.32MB ,Date added: September 16  2011,Price: Free to try; annual subscription (14-day trial); $82.54 to buy (Buy it now) ,Operating system: Windows XP/Vista/7,Total downloads: 108,Downloads last week: 1
http://download.cnet.com/windows/internet-software/?tag=rb_content;main,internet-software,http://download.cnet.com/windows/online-storage-data-backup/,Online Storage & Data Backup,http://download.cnet.com/CS2Notes/3000-2184_4-75939365.html,CS2Notes,Version: 1.1.3, File size: 45.24MB ,Date added: July 03  2013,Price: Free ,Operating system: Windows XP/Vista/7/8,Total downloads: 63,Downloads last week: 1
http://download.cnet.com/windows/internet-software/?tag=rb_content;main,internet-software,http://download.cnet.com/windows/online-storage-data-backup/,Online Storage & Data Backup,http://download.cnet.com/S3-Browser-Portable-64-bit/3000-2184_4-75445576.html,S3 Browser Portable (64-bit),Version: 2.9.2, File size: 957.26K ,Date added: April 02  2011,Price: Free ,Operating system: Windows 98/Me/XP/2003/Vista/Server 2008/7,Total downloads: 56,Downloads last week: 1
http://download.cnet.com/windows/internet-software/?tag=rb_content;main,internet-software,http://download.cnet.com/windows/online-storage-data-backup/,Online Storage & Data Backup,http://download.cnet.com/GUDRS-Standard/3000-2184_4-75597764.html,GUDRS Standard,Version: 5.5.8, File size: 50.05MB ,Date added: October 19  2011,Price: Free ,Operating system: Windows 2000/XP/2003/Vista/7,Total downloads: 26,Downloads last week: 1
http://download.cnet.com/windows/internet-software/?tag=rb_content;main,internet-software,http://download.cnet.com/windows/online-storage-data-backup/,Online Storage & Data Backup,http://download.cnet.com/xCloud/3000-2184_4-75870481.html,xCloud,Version: 3.5, File size: 7.64MB ,Date added: February 25  2013,Price: Free ,Operating system: Windows XP/7/8,Total downloads: 141,Downloads last week: 1
http://download.cnet.com/windows/internet-software/?tag=rb_content;main,internet-software,http://download.cnet.com/windows/online-storage-data-backup/,Online Storage & Data Backup,http://download.cnet.com/GetVConnect-Server-Software/3000-2184_4-76046044.html,GetVConnect Server Software,Version: 1.0, File size: 4.06MB ,Date added: December 09  2013,Price: Free to try; annual subscription (14-day trial) ,Operating system: Windows 2003/Vista/Server 2008/7/8,Total downloads: 6,Downloads last week: 1
http://download.cnet.com/windows/internet-software/?tag=rb_content;main,internet-software,http://download.cnet.com/windows/online-storage-data-backup/,Online Storage & Data Backup,http://download.cnet.com/BackupandShare-Desktop/3000-2184_4-10920412.html,BackupandShare Desktop,Version: 1.0.14, File size: 19.2MB ,Date added: June 08  2009,Price: Free ,Operating system: Windows NT/2000/XP/2003/Vista/Server 2008,Total downloads: 212,Downloads last week: 1
http://download.cnet.com/windows/internet-software/?tag=rb_content;main,internet-software,http://download.cnet.com/windows/online-storage-data-backup/,Online Storage & Data Backup,http://download.cnet.com/HTB-Remote-Backup-Lite/3000-2184_4-75211764.html,HTB Remote Backup Lite,Version: 1.2, File size: 683.57K ,Date added: June 23  2010,Price: Free ,Operating system: Windows Me/XP/Vista/7,Total downloads: 91,Downloads last week: 1
http://download.cnet.com/windows/internet-software/?tag=rb_content;main,internet-software,http://download.cnet.com/windows/online-storage-data-backup/,Online Storage & Data Backup,http://download.cnet.com/MyOtherDrive-Desktop-Client/3000-2184_4-75145991.html,MyOtherDrive Desktop Client,Version: 3.0, File size: 1 004 bytes ,Date added: February 22  2010,Price: Free to try (2GB-backup trial) ,Operating system: Windows 2000/XP/Vista/7,Total downloads: 364,Downloads last week: 1
http://download.cnet.com/windows/internet-software/?tag=rb_content;main,internet-software,http://download.cnet.com/windows/online-storage-data-backup/,Online Storage & Data Backup,http://download.cnet.com/Dropbox-Experimental/3000-2184_4-75869172.html,Dropbox Experimental,Version: 1.7.6, File size: 152.16K ,Date added: February 22  2013,Price: Free ,Operating system: Windows XP/Vista/7/8,Total downloads: 65,Downloads last week: 1
http://download.cnet.com/windows/internet-software/?tag=rb_content;main,internet-software,http://download.cnet.com/windows/online-storage-data-backup/,Online Storage & Data Backup,http://download.cnet.com/CloudBerry-Explorer-for-OpenStack-Storage/3000-2184_4-75719001.html,CloudBerry Explorer for OpenStack Storage,Version: 1.3.1.8, File size: 6.26MB ,Date added: August 25  2012,Price: Free; paid upgrade available ,Operating system: Windows XP/Vista/7/8,Total downloads: 77,Downloads last week: 1
http://download.cnet.com/windows/internet-software/?tag=rb_content;main,internet-software,http://download.cnet.com/windows/online-storage-data-backup/,Online Storage & Data Backup,http://download.cnet.com/CeeJay-CrashPlan-32-bit/3000-2184_4-10908719.html,CeeJay CrashPlan (32-bit),Version: 3.8.2, File size: 31.53MB ,Date added: October 19  2011,Price: Free ,Operating system: Windows XP/2003/Vista/Server 2008/7,Total downloads: 111,Downloads last week: 1
http://download.cnet.com/windows/internet-software/?tag=rb_content;main,internet-software,http://download.cnet.com/windows/online-storage-data-backup/,Online Storage & Data Backup,http://download.cnet.com/TableXplorer/3000-2184_4-75940220.html,TableXplorer,Version: 1.0.4414, File size: 1.64MB ,Date added: June 25  2013,Price: Free ,Operating system: Windows XP/2003/Vista/7,Total downloads: 73,Downloads last week: 1
http://download.cnet.com/windows/internet-software/?tag=rb_content;main,internet-software,http://download.cnet.com/windows/online-storage-data-backup/,Online Storage & Data Backup,http://download.cnet.com/GUDRS-Pro/3000-2184_4-10907785.html,GUDRS Pro,Version: 5.5.8, File size: 50.05MB ,Date added: October 19  2011,Price: Free ,Operating system: Windows 2000/XP/2003/Vista/7,Total downloads: 500,Downloads last week: 1
http://download.cnet.com/windows/internet-software/?tag=rb_content;main,internet-software,http://download.cnet.com/windows/online-storage-data-backup/,Online Storage & Data Backup,http://download.cnet.com/Cloud-Desktop-Professional-Edition-x64/3000-2184_4-75450079.html,Cloud Desktop Professional Edition x64,Version: 3.2.799, File size: 19.1MB ,Date added: December 11  2011,Price: Free to try (Limited functionality); $49.99 to buy (Buy it now) ,Operating system: Windows XP/2003/Vista/Server 2008/7,Total downloads: 726,Downloads last week: 1
http://download.cnet.com/windows/internet-software/?tag=rb_content;main,internet-software,http://download.cnet.com/windows/online-storage-data-backup/,Online Storage & Data Backup,http://download.cnet.com/Cloud-Drive-Storage-Service-64-bit/3000-2184_4-75290251.html,Cloud Drive Storage Service (64-bit),Version: 1.3.4.20, File size: 4.94MB ,Date added: October 29  2012,Price: Free ,Operating system: Windows XP/2003/Vista,Total downloads: 1 036,Downloads last week: 2
http://download.cnet.com/windows/internet-software/?tag=rb_content;main,internet-software,http://download.cnet.com/windows/online-storage-data-backup/,Online Storage & Data Backup,http://download.cnet.com/CRM-eBackup-Manager-for-Servers/3000-2184_4-10914709.html,CRM eBackup Manager for Servers,Version: 5.2.7.0, File size: 23.65MB ,Date added: May 13  2009,Price: Free ,Operating system: Windows 2000/XP/2003/Vista/Server 2008,Total downloads: 60,Downloads last week: 1
http://download.cnet.com/windows/internet-software/?tag=rb_content;main,internet-software,http://download.cnet.com/windows/online-storage-data-backup/,Online Storage & Data Backup,http://download.cnet.com/Joukuu-Plus/3000-2184_4-75761191.html,Joukuu Plus,Version: 1.5.0.4, File size: 3.4MB ,Date added: August 30  2012,Price: Free to try; $59.99 to buy ,Operating system: Windows XP/Vista/7,Total downloads: 60,Downloads last week: 1
http://download.cnet.com/windows/internet-software/?tag=rb_content;main,internet-software,http://download.cnet.com/windows/online-storage-data-backup/,Online Storage & Data Backup,http://download.cnet.com/Azure-Management-Cmdlets/3000-2184_4-75939987.html,Azure Management Cmdlets,Version: 2012.10.22.00, File size: 8.4MB ,Date added: June 24  2013,Price: Free to try; $195.00 to buy ,Operating system: Windows XP/Vista/7/8,Total downloads: 136,Downloads last week: 1
http://download.cnet.com/windows/internet-software/?tag=rb_content;main,internet-software,http://download.cnet.com/windows/online-storage-data-backup/,Online Storage & Data Backup,http://download.cnet.com/ZedUpload/3000-2184_4-75630514.html,ZedUpload,Version: 1.0, File size: 721.72K ,Date added: January 18  2012,Price: Free ,Operating system: Windows XP/Vista/7,Total downloads: 50,Downloads last week: 1
http://download.cnet.com/windows/internet-software/?tag=rb_content;main,internet-software,http://download.cnet.com/windows/online-storage-data-backup/,Online Storage & Data Backup,http://download.cnet.com/GUDRS-Standard/3000-2184_4-75597764.html,GUDRS Standard,Version: 5.5.8, File size: 50.05MB ,Date added: October 19  2011,Price: Free ,Operating system: Windows 2000/XP/2003/Vista/7,Total downloads: 26,Downloads last week: 1
http://download.cnet.com/windows/internet-software/?tag=rb_content;main,internet-software,http://download.cnet.com/windows/online-storage-data-backup/,Online Storage & Data Backup,http://download.cnet.com/HTB-Remote-Backup-Lite/3000-2184_4-75211764.html,HTB Remote Backup Lite,Version: 1.2, File size: 683.57K ,Date added: June 23  2010,Price: Free ,Operating system: Windows Me/XP/Vista/7,Total downloads: 91,Downloads last week: 1
http://download.cnet.com/windows/internet-software/?tag=rb_content;main,internet-software,http://download.cnet.com/windows/online-storage-data-backup/,Online Storage & Data Backup,http://download.cnet.com/Inquiry-Basic-Edition/3000-2184_4-75115533.html,Inquiry Basic Edition,Version: 1.11 .608, File size: 4.8MB ,Date added: February 21  2013,Price: Free ,Operating system: Windows XP/2003/Vista/Server 2008/7,Total downloads: 277,Downloads last week: 1
http://download.cnet.com/windows/internet-software/?tag=rb_content;main,internet-software,http://download.cnet.com/windows/online-storage-data-backup/,Online Storage & Data Backup,http://download.cnet.com/AzureXplorer-for-Visual-Studio/3000-2184_4-75940218.html,AzureXplorer for Visual Studio,Version: 1.3.8, File size: 2.48MB ,Date added: June 25  2013,Price: Free to try; Single-user license; $50.00 to buy ,Operating system: Windows XP/2003/Vista/7,Total downloads: 45,Downloads last week: 1
http://download.cnet.com/windows/internet-software/?tag=rb_content;main,internet-software,http://download.cnet.com/windows/online-storage-data-backup/,Online Storage & Data Backup,http://download.cnet.com/HRABU-Remote-Backup/3000-2184_4-75450602.html,HRABU Remote Backup,Version: 5.5.7.0, File size: 58MB ,Date added: July 11  2011,Price: Free; $5.00 to buy (Buy it now) ,Operating system: Windows NT/98/Me/2000/XP/2003/Vista/Server 2008/7,Total downloads: 184,Downloads last week: 1
http://download.cnet.com/windows/internet-software/?tag=rb_content;main,internet-software,http://download.cnet.com/windows/online-storage-data-backup/,Online Storage & Data Backup,http://download.cnet.com/CamCam/3000-2184_4-75747221.html,CamCam,Version: 1.2.6 beta, File size: 3.86MB ,Date added: July 15  2012,Price: Free ,Operating system: Windows Vista/7,Total downloads: 36,Downloads last week: 1
http://download.cnet.com/windows/internet-software/?tag=rb_content;main,internet-software,http://download.cnet.com/windows/online-storage-data-backup/,Online Storage & Data Backup,http://download.cnet.com/Gladinet-Cloud-Desktop-for-Windows-Azure/3000-2184_4-75222215.html,Gladinet Cloud Desktop for Windows Azure,Version: 3.2.743, File size: 15.5MB ,Date added: September 16  2011,Price: Free ,Operating system: Windows XP/2003/Vista/Server 2008/7,Total downloads: 205,Downloads last week: 1
http://download.cnet.com/windows/internet-software/?tag=rb_content;main,internet-software,http://download.cnet.com/windows/online-storage-data-backup/,Online Storage & Data Backup,http://download.cnet.com/CloudDrive/3000-2184_4-75147470.html,CloudDrive,Version: 0.68, File size: 1.95MB ,Date added: February 26  2010,Price: Free ,Operating system: Windows XP/Vista/7,Total downloads: 524,Downloads last week: 1
http://download.cnet.com/windows/internet-software/?tag=rb_content;main,internet-software,http://download.cnet.com/windows/online-storage-data-backup/,Online Storage & Data Backup,http://download.cnet.com/AeroFS/3000-2184_4-75932930.html,AeroFS,Version: 0.4.192, File size: 30.51MB ,Date added: June 11  2013,Price: Free ,Operating system: Windows XP/Vista/7/8,Total downloads: 80,Downloads last week: 1
http://download.cnet.com/windows/internet-software/?tag=rb_content;main,internet-software,http://download.cnet.com/windows/online-storage-data-backup/,Online Storage & Data Backup,http://download.cnet.com/S3-Browser-U3-Portable/3000-2184_4-75327697.html,S3 Browser U3 Portable,Version: 2.9.2, File size: 1.38MB ,Date added: April 02  2011,Price: Free ,Operating system: Windows 98/Me/2000/XP/2003/Vista/Server 2008/7,Total downloads: 227,Downloads last week: 1
http://download.cnet.com/windows/internet-software/?tag=rb_content;main,internet-software,http://download.cnet.com/windows/online-storage-data-backup/,Online Storage & Data Backup,http://download.cnet.com/InboxArchiver/3000-2184_4-75886450.html,InboxArchiver,Version: 1.4, File size: 17.88MB ,Date added: March 19  2013,Price: Free to try (30-day trial); $5.00 to buy (Buy it now) ,Operating system: Windows XP/7/8,Total downloads: 10,Downloads last week: 1
http://download.cnet.com/windows/internet-software/?tag=rb_content;main,internet-software,http://download.cnet.com/windows/online-storage-data-backup/,Online Storage & Data Backup,http://download.cnet.com/Kabooza-Backup/3000-2184_4-10880283.html,Kabooza Backup,Version: 4.0, File size: 484.5K ,Date added: March 09  2009,Price: Free to try (30-day trial); $49.00 to buy (Buy it now) ,Operating system: Windows 95/XP/Vista,Total downloads: 301,Downloads last week: 1
http://download.cnet.com/windows/internet-software/?tag=rb_content;main,internet-software,http://download.cnet.com/windows/online-storage-data-backup/,Online Storage & Data Backup,http://download.cnet.com/Seafile/3000-2184_4-75910969.html,Seafile,Version: 1.8.1, File size: 8.32MB ,Date added: August 23  2013,Price: Free ,Operating system: Windows XP/Vista/7,Total downloads: 32,Downloads last week: 1
http://download.cnet.com/windows/internet-software/?tag=rb_content;main,internet-software,http://download.cnet.com/windows/online-storage-data-backup/,Online Storage & Data Backup,http://download.cnet.com/doxo-Desktop/3000-2184_4-75884632.html,doxo Desktop,Version: 2.1.6, File size: 1.4MB ,Date added: March 15  2013,Price: Free ,Operating system: Windows XP/Vista/7,Total downloads: 54,Downloads last week: 1
http://download.cnet.com/windows/internet-software/?tag=rb_content;main,internet-software,http://download.cnet.com/windows/online-storage-data-backup/,Online Storage & Data Backup,http://download.cnet.com/SafeCopy-Backup/3000-2184_4-75221796.html,SafeCopy Backup,Version: 2.0 Build 1403, File size: 6.38MB ,Date added: August 17  2010,Price: Free; paid upgrade available ,Operating system: Windows XP/2003/Vista/Server 2008/7,Total downloads: 300,Downloads last week: 1
http://download.cnet.com/windows/internet-software/?tag=rb_content;main,internet-software,http://download.cnet.com/windows/online-storage-data-backup/,Online Storage & Data Backup,http://download.cnet.com/InboxArchiver/3000-2184_4-75886450.html,InboxArchiver,Version: 1.4, File size: 17.88MB ,Date added: March 19  2013,Price: Free to try (30-day trial); $5.00 to buy (Buy it now) ,Operating system: Windows XP/7/8,Total downloads: 10,Downloads last week: 1
http://download.cnet.com/windows/internet-software/?tag=rb_content;main,internet-software,http://download.cnet.com/windows/online-storage-data-backup/,Online Storage & Data Backup,http://download.cnet.com/Azure-Diagnostics-Manager/3000-2184_4-75939985.html,Azure Diagnostics Manager,Version: 2.0.10.461, File size: 14.4MB ,Date added: June 24  2013,Price: Free to try (30-day trial); $195.00 to buy ,Operating system: Windows XP/Vista/7/8,Total downloads: 102,Downloads last week: 1
http://download.cnet.com/windows/internet-software/?tag=rb_content;main,internet-software,http://download.cnet.com/windows/online-storage-data-backup/,Online Storage & Data Backup,http://download.cnet.com/Gladinet-CloudAFS-64-bit/3000-2184_4-75219801.html,Gladinet CloudAFS 64-bit,Version: 2.3.456, File size: 12.36MB ,Date added: October 15  2010,Price: Free to try (30-day trial); $4.99 to buy (Buy it now) ,Operating system: Windows XP/2003/Vista/Server 2008/7,Total downloads: 123,Downloads last week: 1
http://download.cnet.com/windows/internet-software/?tag=rb_content;main,internet-software,http://download.cnet.com/windows/online-storage-data-backup/,Online Storage & Data Backup,http://download.cnet.com/Gladinet-CloudAFS-32-bit/3000-2184_4-75182476.html,Gladinet CloudAFS 32-bit,Version: 2.3.456, File size: 9.11MB ,Date added: October 15  2010,Price: Purchase; $4.99 to buy (Buy it now) ,Operating system: Windows XP/2003/Vista/Server 2008/7,Total downloads: 125,Downloads last week: 1
http://download.cnet.com/windows/internet-software/?tag=rb_content;main,internet-software,http://download.cnet.com/windows/online-storage-data-backup/,Online Storage & Data Backup,http://download.cnet.com/Tresorit/3000-2184_4-75904975.html,Tresorit,Version: 0.5.1.76, File size: 6.33MB ,Date added: April 15  2013,Price: Free ,Operating system: Windows XP/Vista/7,Total downloads: 118,Downloads last week: 1
http://download.cnet.com/windows/internet-software/?tag=rb_content;main,internet-software,http://download.cnet.com/windows/online-storage-data-backup/,Online Storage & Data Backup,http://download.cnet.com/Notee/3000-13571_4-75788961.html,Notee,Version: 1.7, File size: 5.58MB ,Date added: November 19  2012,Price: Free ,Operating system: Windows XP/Vista/7,Total downloads: 79,Downloads last week: 1
http://download.cnet.com/windows/internet-software/?tag=rb_content;main,internet-software,http://download.cnet.com/windows/online-storage-data-backup/,Online Storage & Data Backup,http://download.cnet.com/TeamDrive/3000-2184_4-75167847.html,TeamDrive,Version: 3.1.2.454, File size: 31.67MB ,Date added: September 26  2013,Price: Free ,Operating system: Windows XP/Vista/7/8,Total downloads: 1 034,Downloads last week: 1
http://download.cnet.com/windows/internet-software/?tag=rb_content;main,internet-software,http://download.cnet.com/windows/online-storage-data-backup/,Online Storage & Data Backup,http://download.cnet.com/Abelhas-Portuguese/3000-2184_4-75910210.html,Abelhas (Portuguese),Version: 2.0.5, File size: 13.76MB ,Date added: April 24  2013,Price: Free ,Operating system: Windows XP/Vista/7/8,Total downloads: 31,Downloads last week: 1
http://download.cnet.com/windows/internet-software/?tag=rb_content;main,internet-software,http://download.cnet.com/windows/online-storage-data-backup/,Online Storage & Data Backup,http://download.cnet.com/GreyVault-x64/3000-2184_4-75805707.html,GreyVault x64,Version: 11.2.0.0, File size: 52.63MB ,Date added: November 05  2012,Price: Free to try (30-day trial); $55.00 to buy (Buy it now) ,Operating system: Windows NT/98/Me/2000/XP/2003/Vista/Server 2008/7/8,Total downloads: 31,Downloads last week: 1
http://download.cnet.com/windows/internet-software/?tag=rb_content;main,internet-software,http://download.cnet.com/windows/online-storage-data-backup/,Online Storage & Data Backup,http://download.cnet.com/Tresorit/3000-2184_4-75904975.html,Tresorit,Version: 0.5.1.76, File size: 6.33MB ,Date added: April 15  2013,Price: Free ,Operating system: Windows XP/Vista/7,Total downloads: 118,Downloads last week: 1
