http://download.cnet.com/windows/internet-software/?tag=rb_content;main,internet-software,http://download.cnet.com/windows/blogging-software-and-tools/,Blogging Software & Tools,http://download.cnet.com/Form-Builder/3000-2184_4-75761873.html,Form Builder,Version: 2.1.0, File size: 34.92K ,Date added: May 01  2013,Price: Free ,Operating system: Windows XP/Vista/7,Total downloads: 679,Downloads last week: 32
http://download.cnet.com/windows/internet-software/?tag=rb_content;main,internet-software,http://download.cnet.com/windows/blogging-software-and-tools/,Blogging Software & Tools,http://download.cnet.com/Twhirl/3000-2184_4-10835639.html,Twhirl,Version: 0.9.4, File size: 1.57MB ,Date added: September 29  2009,Price: Free ,Operating system: Windows XP/Vista/7,Total downloads: 25 068,Downloads last week: 43
http://download.cnet.com/windows/internet-software/?tag=rb_content;main,internet-software,http://download.cnet.com/windows/blogging-software-and-tools/,Blogging Software & Tools,http://download.cnet.com/Backlinks-SuperCharger/3000-2184_4-75573060.html,Backlinks SuperCharger,Version: 3.00, File size: 1.57MB ,Date added: September 20  2011,Price: Free ,Operating system: Windows NT/98/Me/2000/XP/2003/Vista/Server 2008/7,Total downloads: 1 274,Downloads last week: 26
http://download.cnet.com/windows/internet-software/?tag=rb_content;main,internet-software,http://download.cnet.com/windows/blogging-software-and-tools/,Blogging Software & Tools,http://download.cnet.com/Drupal/3000-2184_4-10332228.html,Drupal,Version: 7.22, File size: 3.47MB ,Date added: May 01  2013,Price: Free ,Operating system: Windows 2000/XP/Vista/7,Total downloads: 92 560,Downloads last week: 43
http://download.cnet.com/windows/internet-software/?tag=rb_content;main,internet-software,http://download.cnet.com/windows/blogging-software-and-tools/,Blogging Software & Tools,http://download.cnet.com/Xnews/3000-2184_4-10026377.html,Xnews,Version: 5.04.25, File size: 696.78K ,Date added: August 31  2007,Price: Purchase ,Operating system: Windows 95/NT/98/2000,Total downloads: 1 922 976,Downloads last week: 231
http://download.cnet.com/windows/internet-software/?tag=rb_content;main,internet-software,http://download.cnet.com/windows/blogging-software-and-tools/,Blogging Software & Tools,http://download.cnet.com/TumblRipper/3000-2184_4-75677349.html,TumblRipper,Version: 0.3, File size: 20.62K ,Date added: July 15  2012,Price: Free ,Operating system: Windows NT/2000/XP/2003/Vista/Server 2008/7,Total downloads: 4 486,Downloads last week: 72
http://download.cnet.com/windows/internet-software/?tag=rb_content;main,internet-software,http://download.cnet.com/windows/blogging-software-and-tools/,Blogging Software & Tools,http://download.cnet.com/Simple-Blogger/3000-2184_4-75454160.html,Simple Blogger,Version: 0.9, File size: 4.52MB ,Date added: April 09  2012,Price: Free ,Operating system: Windows 2000/XP/Vista/7,Total downloads: 839,Downloads last week: 43
http://download.cnet.com/windows/internet-software/?tag=rb_content;main,internet-software,http://download.cnet.com/windows/blogging-software-and-tools/,Blogging Software & Tools,http://download.cnet.com/Bytescout-Post2Blog/3000-2184_4-10492423.html,Bytescout Post2Blog,Version: 3.01, File size: 9.28MB ,Date added: June 28  2007,Price: Free ,Operating system: Windows 95/NT/98/Me/2000/XP/Vista,Total downloads: 32 320,Downloads last week: 31
http://download.cnet.com/windows/internet-software/?tag=rb_content;main,internet-software,http://download.cnet.com/windows/blogging-software-and-tools/,Blogging Software & Tools,http://download.cnet.com/Minisite-Empire-Maker/3000-2184_4-75936253.html,Minisite Empire Maker,Version: 1.0.0, File size: 33.49MB ,Date added: June 13  2013,Price: Free ,Operating system: Windows 98/XP/Vista/7/8,Total downloads: 285,Downloads last week: 14
http://download.cnet.com/windows/internet-software/?tag=rb_content;main,internet-software,http://download.cnet.com/windows/blogging-software-and-tools/,Blogging Software & Tools,http://download.cnet.com/Webpage-Clone-Maker-Pro/3000-2184_4-75844005.html,Webpage Clone Maker Pro,Version: 11.3, File size: 2.28MB ,Date added: July 29  2013,Price: Free ,Operating system: Windows NT/98/Me/2000/XP/2003/Vista/Server 2008/7/8,Total downloads: 965,Downloads last week: 8
http://download.cnet.com/windows/internet-software/?tag=rb_content;main,internet-software,http://download.cnet.com/windows/blogging-software-and-tools/,Blogging Software & Tools,http://download.cnet.com/LinkSensor/3000-2184_4-10912339.html,LinkSensor,Version: 1.5, File size: 6.1K ,Date added: December 06  2010,Price: Free ,Operating system: Windows XP/2003/Vista/Server 2008/7,Total downloads: 310,Downloads last week: 6
http://download.cnet.com/windows/internet-software/?tag=rb_content;main,internet-software,http://download.cnet.com/windows/blogging-software-and-tools/,Blogging Software & Tools,http://download.cnet.com/Synonymizer/3000-2184_4-10675689.html,Synonymizer,Version: 5.0, File size: 3.56MB ,Date added: January 14  2014,Price: Free to try (10-use trial  limited features); $29.90 to buy (Buy it now) ,Operating system: Windows NT/98/Me/2000/XP/2003/Vista/Server 2008/7,Total downloads: 1 752,Downloads last week: 11
http://download.cnet.com/windows/internet-software/?tag=rb_content;main,internet-software,http://download.cnet.com/windows/blogging-software-and-tools/,Blogging Software & Tools,http://download.cnet.com/Mobile-Control-PC/3000-2184_4-75451492.html,Mobile Control PC,Version: 2.10, File size: 1.51MB ,Date added: June 10  2011,Price: Free to try (Nag screen); $9.00 to buy (Buy it now) ,Operating system: Windows NT/98/Me/2000/XP/2003/Vista/Server 2008/7,Total downloads: 1 138,Downloads last week: 8
http://download.cnet.com/windows/internet-software/?tag=rb_content;main,internet-software,http://download.cnet.com/windows/blogging-software-and-tools/,Blogging Software & Tools,http://download.cnet.com/Niche-Site-Wizard/3000-2184_4-76079821.html,Niche Site Wizard,Version: 1.0, File size: 2.14MB ,Date added: January 14  2014,Price: Free ,Operating system: Windows XP,Total downloads: 43,Downloads last week: 7
http://download.cnet.com/windows/internet-software/?tag=rb_content;main,internet-software,http://download.cnet.com/windows/blogging-software-and-tools/,Blogging Software & Tools,http://download.cnet.com/Hi-Slider/3000-2184_4-75984521.html,Hi Slider,Version: 1.0.2, File size: 20.91MB ,Date added: August 22  2013,Price: Free to try (Watermarks on output); $69.00 to buy (Buy it now) ,Operating system: Windows 2000/XP/2003/Vista/Server 2008/7/8,Total downloads: 182,Downloads last week: 6
http://download.cnet.com/windows/internet-software/?tag=rb_content;main,internet-software,http://download.cnet.com/windows/blogging-software-and-tools/,Blogging Software & Tools,http://download.cnet.com/Rapid-Indexer-Pro/3000-2184_4-75715343.html,Rapid Indexer Pro,Version: 1.0, File size: 444.83K ,Date added: May 10  2012,Price: Free ,Operating system: Windows XP/Vista/7,Total downloads: 688,Downloads last week: 6
http://download.cnet.com/windows/internet-software/?tag=rb_content;main,internet-software,http://download.cnet.com/windows/blogging-software-and-tools/,Blogging Software & Tools,http://download.cnet.com/RssReader/3000-2184_4-10226924.html,RssReader,Version: 1.0.96.2 beta RC3, File size: 701.17K ,Date added: February 02  2007,Price: Purchase ,Operating system: Windows NT/98/2000/XP/2003,Total downloads: 88 376,Downloads last week: 7
http://download.cnet.com/windows/internet-software/?tag=rb_content;main,internet-software,http://download.cnet.com/windows/blogging-software-and-tools/,Blogging Software & Tools,http://download.cnet.com/Vlog-It/3000-2184_4-10462973.html,Vlog It,Version: 1, File size: 59.52MB ,Date added: December 13  2005,Price: Free to try (90-second Flash video  30-day trial); $49.95 to buy ,Operating system: Windows 2000/XP,Total downloads: 6 971,Downloads last week: 8
http://download.cnet.com/windows/internet-software/?tag=rb_content;main,internet-software,http://download.cnet.com/windows/blogging-software-and-tools/,Blogging Software & Tools,http://download.cnet.com/Twitter-Strom/3000-2184_4-75915029.html,Twitter Strom,Version: 1.2, File size: 13.6MB ,Date added: May 23  2013,Price: Free to try (2-day trial); $100.00 to buy (Buy it now) ,Operating system: Windows NT/98/Me/2000/XP/2003/Vista/Server 2008/7/8,Total downloads: 147,Downloads last week: 5
http://download.cnet.com/windows/internet-software/?tag=rb_content;main,internet-software,http://download.cnet.com/windows/blogging-software-and-tools/,Blogging Software & Tools,http://download.cnet.com/Yoobids-Article-Submitter/3000-2184_4-75115549.html,Yoobids Article Submitter,Version: 1.4, File size: 2.3MB ,Date added: February 07  2010,Price: Free ,Operating system: Windows 98/Me/2000/XP/2003/Vista,Total downloads: 1 690,Downloads last week: 5
http://download.cnet.com/windows/internet-software/?tag=rb_content;main,internet-software,http://download.cnet.com/windows/blogging-software-and-tools/,Blogging Software & Tools,http://download.cnet.com/WordPress-Custom-Login-Pro/3000-2184_4-75574849.html,WordPress Custom Login Pro,Version: 1.0, File size: 9.8MB ,Date added: September 22  2011,Price: Free ,Operating system: Windows NT/98/Me/2000/XP/2003/Vista/Server 2008/7,Total downloads: 321,Downloads last week: 4
http://download.cnet.com/windows/internet-software/?tag=rb_content;main,internet-software,http://download.cnet.com/windows/blogging-software-and-tools/,Blogging Software & Tools,http://download.cnet.com/NewsGator/3000-2184_4-10189104.html,NewsGator,Version: 2.6, File size: 3.15MB ,Date added: July 19  2006,Price: Purchase; $29.00 to buy ,Operating system: Windows NT/98/2000/XP,Total downloads: 8 123,Downloads last week: 4
http://download.cnet.com/windows/internet-software/?tag=rb_content;main,internet-software,http://download.cnet.com/windows/blogging-software-and-tools/,Blogging Software & Tools,http://download.cnet.com/Tweet-Whistle/3000-2184_4-10968243.html,Tweet Whistle,Version: 1.0.41, File size: 12MB ,Date added: October 08  2009,Price: Free to try (Limited number of follows/unfollows  messages  tweets); $39.95 to buy (Buy it now) ,Operating system: Windows 2000/XP/2003/Vista,Total downloads: 469,Downloads last week: 5
http://download.cnet.com/windows/internet-software/?tag=rb_content;main,internet-software,http://download.cnet.com/windows/blogging-software-and-tools/,Blogging Software & Tools,http://download.cnet.com/WordPress/3000-2184_4-10683018.html,WordPress for ,Version: 2.6, File size: 1.44MB ,Date added: July 23  2008,Price: Free ,Operating system: Windows 3.x/95/NT/98/Me/2000/XP/Vista,Total downloads: 6 704,Downloads last week: 4
http://download.cnet.com/windows/internet-software/?tag=rb_content;main,internet-software,http://download.cnet.com/windows/blogging-software-and-tools/,Blogging Software & Tools,http://download.cnet.com/Automated-Blog-Content/3000-2184_4-10964859.html,Automated Blog Content,Version: 1.0, File size: 168.42K ,Date added: August 05  2009,Price: Free ,Operating system: Windows 95/NT/98/Me/2000/XP/2003/Vista/7,Total downloads: 1 826,Downloads last week: 4
http://download.cnet.com/windows/internet-software/?tag=rb_content;main,internet-software,http://download.cnet.com/windows/blogging-software-and-tools/,Blogging Software & Tools,http://download.cnet.com/RSS-Aggregator/3000-2184_4-68616.html,RSS Aggregator,Version: 4.11, File size: 2.19MB ,Date added: November 03  2005,Price: Purchase; $39.95 to buy ,Operating system: Windows NT/98/2000/XP,Total downloads: 301,Downloads last week: 4
http://download.cnet.com/windows/internet-software/?tag=rb_content;main,internet-software,http://download.cnet.com/windows/blogging-software-and-tools/,Blogging Software & Tools,http://download.cnet.com/Chrysanth-WebStory/3000-2184_4-75326629.html,Chrysanth WebStory,Version: 5.4, File size: 15.26MB ,Date added: October 03  2012,Price: Free ,Operating system: Windows 2000/XP/Vista/7/8,Total downloads: 46 774,Downloads last week: 4
http://download.cnet.com/windows/internet-software/?tag=rb_content;main,internet-software,http://download.cnet.com/windows/blogging-software-and-tools/,Blogging Software & Tools,http://download.cnet.com/IIS-Logfile-Analyser/3000-2184_4-75307745.html,IIS Logfile Analyser,Version: 2.6, File size: 52.76K ,Date added: September 30  2010,Price: Free ,Operating system: Windows NT/98/Me/2000/XP/2003/Vista/7,Total downloads: 356,Downloads last week: 3
http://download.cnet.com/windows/internet-software/?tag=rb_content;main,internet-software,http://download.cnet.com/windows/blogging-software-and-tools/,Blogging Software & Tools,http://download.cnet.com/Web-Photos-Pro/3000-2184_4-51460.html,Web Photos Pro,Version: 1.2.1, File size: 2MB ,Date added: October 10  2005,Price: Purchase; $39.95 to buy ,Operating system: Windows 2000/XP,Total downloads: 112,Downloads last week: 1
http://download.cnet.com/windows/internet-software/?tag=rb_content;main,internet-software,http://download.cnet.com/windows/blogging-software-and-tools/,Blogging Software & Tools,http://download.cnet.com/Mixero-Desktop/3000-2184_4-75156131.html,Mixero Desktop,Version: 0.5.4, File size: 242.48K ,Date added: March 03  2010,Price: Free ,Operating system: Windows NT/98/Me/2000/XP/2003/Vista/7,Total downloads: 671,Downloads last week: 3
http://download.cnet.com/windows/internet-software/?tag=rb_content;main,internet-software,http://download.cnet.com/windows/blogging-software-and-tools/,Blogging Software & Tools,http://download.cnet.com/Rss2Blog/3000-2184_4-75016150.html,Rss2Blog,Version: 1.0, File size: 493.5K ,Date added: December 23  2009,Price: Free to try (1-day trial); $24.99 to buy (Buy it now) ,Operating system: Windows XP/2003/Vista/Server 2008/7,Total downloads: 305,Downloads last week: 1
http://download.cnet.com/windows/internet-software/?tag=rb_content;main,internet-software,http://download.cnet.com/windows/blogging-software-and-tools/,Blogging Software & Tools,http://download.cnet.com/b2evolution/3000-2184_4-10332222.html,b2evolution,Version: 4.1.7, File size: 5.83MB ,Date added: May 01  2013,Price: Free ,Operating system: Windows 2000/XP/Vista/7,Total downloads: 3 527,Downloads last week: 2
http://download.cnet.com/windows/internet-software/?tag=rb_content;main,internet-software,http://download.cnet.com/windows/blogging-software-and-tools/,Blogging Software & Tools,http://download.cnet.com/Seo-Blog-Submitter/3000-2184_4-75000394.html,Seo Blog Submitter,Version: 1.3.6, File size: 10.8MB ,Date added: November 10  2011,Price: Free to try (Some features disabled); $100.00 to buy ,Operating system: Windows 2000/XP/2003/Vista,Total downloads: 447,Downloads last week: 3
http://download.cnet.com/windows/internet-software/?tag=rb_content;main,internet-software,http://download.cnet.com/windows/blogging-software-and-tools/,Blogging Software & Tools,http://download.cnet.com/Bookings-Standard/3000-2184_4-75761871.html,Bookings Standard,Version: 1.7.8, File size: 68.38K ,Date added: September 04  2012,Price: Free ,Operating system: Windows XP/Vista/7,Total downloads: 55,Downloads last week: 3
http://download.cnet.com/windows/internet-software/?tag=rb_content;main,internet-software,http://download.cnet.com/windows/blogging-software-and-tools/,Blogging Software & Tools,http://download.cnet.com/PowerBlog/3000-2184_4-32529.html,PowerBlog,Version: 2.4.30, File size: 3.15MB ,Date added: June 27  2006,Price: Free ,Operating system: Windows 2000/XP,Total downloads: 349,Downloads last week: 2
http://download.cnet.com/windows/internet-software/?tag=rb_content;main,internet-software,http://download.cnet.com/windows/blogging-software-and-tools/,Blogging Software & Tools,http://download.cnet.com/Blog2k/3000-2184_4-75843014.html,Blog2k,Version: 2.3.2, File size: 393.09K ,Date added: October 23  2013,Price: Free to try (1 000 character blog entry limit  5 entries in RSS feed  maximum of 3 rows and 3 columns for tables  Blog2k website URL posted above blog entries  other functionality disabled); $3.99 to buy (Buy it now) ,Operating system: Windows 2000/XP/Vista/7/8,Total downloads: 31,Downloads last week: 3
http://download.cnet.com/windows/internet-software/?tag=rb_content;main,internet-software,http://download.cnet.com/windows/blogging-software-and-tools/,Blogging Software & Tools,http://download.cnet.com/Submit-RSS/3000-2184_4-75362768.html,Submit RSS,Version: 2.0.1, File size: 1.55MB ,Date added: June 07  2012,Price: Free to try; $14.95 to buy (Buy it now) ,Operating system: Windows XP/Vista/7,Total downloads: 129,Downloads last week: 2
http://download.cnet.com/windows/internet-software/?tag=rb_content;main,internet-software,http://download.cnet.com/windows/blogging-software-and-tools/,Blogging Software & Tools,http://download.cnet.com/Web-Site-Software/3000-2184_4-10909379.html,Web Site Software,Version: 9.12.12, File size: 1.46MB ,Date added: December 20  2009,Price: Free ,Operating system: Windows 2000/XP/Vista/Server 2008/7,Total downloads: 3 632,Downloads last week: 2
http://download.cnet.com/windows/internet-software/?tag=rb_content;main,internet-software,http://download.cnet.com/windows/blogging-software-and-tools/,Blogging Software & Tools,http://download.cnet.com/Amorphous-With-Pixie-Dust/3000-2184_4-75730428.html,Amorphous With Pixie Dust,Version: 1.0, File size: 383.67K ,Date added: June 11  2012,Price: Free ,Operating system: Windows Vista/7/8,Total downloads: 46,Downloads last week: 2
http://download.cnet.com/windows/internet-software/?tag=rb_content;main,internet-software,http://download.cnet.com/windows/blogging-software-and-tools/,Blogging Software & Tools,http://download.cnet.com/You-Tube-Genius/3000-2184_4-179386.html,You Tube Genius,Version: 1.1, File size: 807.62K ,Date added: December 03  2007,Price: Purchase ,Operating system: Windows 2000/XP/2003/Vista,Total downloads: 837,Downloads last week: 2
http://download.cnet.com/windows/internet-software/?tag=rb_content;main,internet-software,http://download.cnet.com/windows/blogging-software-and-tools/,Blogging Software & Tools,http://download.cnet.com/WordPress-Security-Lab-Plugin/3000-2184_4-75910539.html,WordPress Security Lab Plugin,Version: 1.0, File size: 226.41K ,Date added: May 02  2013,Price: Free to try (3-day trial); $17.00 to buy (Buy it now) ,Operating system: Windows XP/Vista/7,Total downloads: 55,Downloads last week: 2
http://download.cnet.com/windows/internet-software/?tag=rb_content;main,internet-software,http://download.cnet.com/windows/blogging-software-and-tools/,Blogging Software & Tools,http://download.cnet.com/Awasu-Personal-Edition/3000-2184_4-75821.html,Awasu Personal Edition,Version: 2.4 Final, File size: 8.38MB ,Date added: January 06  2009,Price: Free to try ,Operating system: Windows NT/98/2000/XP/2003,Total downloads: 123,Downloads last week: 2
http://download.cnet.com/windows/internet-software/?tag=rb_content;main,internet-software,http://download.cnet.com/windows/blogging-software-and-tools/,Blogging Software & Tools,http://download.cnet.com/Login-With-Ajax/3000-2184_4-75761755.html,Login With Ajax,Version: 3.0.4.1, File size: 352.71K ,Date added: September 03  2012,Price: Free ,Operating system: Windows XP/Vista/7,Total downloads: 60,Downloads last week: 2
http://download.cnet.com/windows/internet-software/?tag=rb_content;main,internet-software,http://download.cnet.com/windows/blogging-software-and-tools/,Blogging Software & Tools,http://download.cnet.com/Feed-Submitter/3000-2184_4-10804209.html,Feed Submitter,Version: 5.0, File size: 1.51MB ,Date added: March 20  2012,Price: Free to try (14 days trial and limited submissions); $47.00 to buy (Buy it now) ,Operating system: Windows 95/NT/98/2000/XP/2003/Vista/7,Total downloads: 2 249,Downloads last week: 2
http://download.cnet.com/windows/internet-software/?tag=rb_content;main,internet-software,http://download.cnet.com/windows/blogging-software-and-tools/,Blogging Software & Tools,http://download.cnet.com/NewzSpider/3000-2184_4-10308909.html,NewzSpider,Version: 1.0 b.100, File size: 504.45K ,Date added: May 13  2006,Price: Free to try; $10.00 to buy ,Operating system: Windows 98/2000/XP,Total downloads: 1 363,Downloads last week: 2
http://download.cnet.com/windows/internet-software/?tag=rb_content;main,internet-software,http://download.cnet.com/windows/blogging-software-and-tools/,Blogging Software & Tools,http://download.cnet.com/Events-Manager/3000-2184_4-75761751.html,Events Manager,Version: 5.2.6, File size: 2.55MB ,Date added: October 04  2012,Price: Free ,Operating system: Windows XP/Vista/7,Total downloads: 865,Downloads last week: 2
http://download.cnet.com/windows/internet-software/?tag=rb_content;main,internet-software,http://download.cnet.com/windows/blogging-software-and-tools/,Blogging Software & Tools,http://download.cnet.com/Qumana/3000-2184_4-10333129.html,Qumana,Version: 2.1.0.19, File size: 4.81MB ,Date added: November 02  2004,Price: Free to try (Some features disabled); $29.00 to buy ,Operating system: Windows NT/98/Me/2000/XP,Total downloads: 489,Downloads last week: 2
http://download.cnet.com/windows/internet-software/?tag=rb_content;main,internet-software,http://download.cnet.com/windows/blogging-software-and-tools/,Blogging Software & Tools,http://download.cnet.com/UScan-Web-Spider-Software/3000-2184_4-75961958.html,UScan Web Spider Software,Version: 1.0.0.12, File size: 1.58MB ,Date added: July 23  2013,Price: Free to try (7-day trial); $15.00 to buy (Buy it now) ,Operating system: Windows 2003/Vista/Server 2008/7/8,Total downloads: 84,Downloads last week: 2
http://download.cnet.com/windows/internet-software/?tag=rb_content;main,internet-software,http://download.cnet.com/windows/blogging-software-and-tools/,Blogging Software & Tools,http://download.cnet.com/Twitter2Excel/3000-2184_4-75628081.html,Twitter2Excel,Version: 0.5.2, File size: 2.42MB ,Date added: June 12  2012,Price: Free ,Operating system: Windows NT/98/Me/2000/XP/2003/Vista/Server 2008/7,Total downloads: 778,Downloads last week: 2
http://download.cnet.com/windows/internet-software/?tag=rb_content;main,internet-software,http://download.cnet.com/windows/blogging-software-and-tools/,Blogging Software & Tools,http://download.cnet.com/BlogsBot/3000-2184_4-75368387.html,BlogsBot,Version: 1.5, File size: 14.83MB ,Date added: February 15  2011,Price: Free to try (Spin/Save disabled); $60.00 to buy (Buy it now) ,Operating system: Windows XP/Vista/7,Total downloads: 131,Downloads last week: 2
http://download.cnet.com/windows/internet-software/?tag=rb_content;main,internet-software,http://download.cnet.com/windows/blogging-software-and-tools/,Blogging Software & Tools,http://download.cnet.com/PicLens-Plugin-for-Wordpress/3000-2184_4-10872428.html,PicLens Plugin for Wordpress for ,Version: 1.0.5, File size: 140.44K ,Date added: August 05  2008,Price: Free ,Operating system: Windows 3.x/95/NT/98/Me/2000/XP/Vista  Mac OS Classic/X 10.0 Server/10.1/10.2/10.3/10.4/10.5,Total downloads: 901,Downloads last week: 2
http://download.cnet.com/windows/internet-software/?tag=rb_content;main,internet-software,http://download.cnet.com/windows/blogging-software-and-tools/,Blogging Software & Tools,http://download.cnet.com/Jquery-Slider-Shock/3000-2184_4-75905683.html,Jquery Slider Shock,Version: 2.0, File size: 1.2MB ,Date added: April 17  2013,Price: Free ,Operating system: Windows XP/Vista/7/8,Total downloads: 162,Downloads last week: 2
http://download.cnet.com/windows/internet-software/?tag=rb_content;main,internet-software,http://download.cnet.com/windows/blogging-software-and-tools/,Blogging Software & Tools,http://download.cnet.com/Wp-Auto-Affiliate-Links-Basic/3000-2184_4-75802627.html,Wp Auto Affiliate Links Basic,Version: 2.9, File size: 10.43K ,Date added: December 17  2012,Price: Free ,Operating system: Windows XP/2003/Vista/7,Total downloads: 83,Downloads last week: 2
http://download.cnet.com/windows/internet-software/?tag=rb_content;main,internet-software,http://download.cnet.com/windows/blogging-software-and-tools/,Blogging Software & Tools,http://download.cnet.com/Anconia-RocketPost/3000-2184_4-10453120.html,Anconia RocketPost,Version: 1.5.3, File size: 3.35MB ,Date added: March 13  2006,Price: Free to try (30-day trial); $37.00 to buy (Buy it now) ,Operating system: Windows NT/98/Me/2000/XP,Total downloads: 1 345,Downloads last week: 2
http://download.cnet.com/windows/internet-software/?tag=rb_content;main,internet-software,http://download.cnet.com/windows/blogging-software-and-tools/,Blogging Software & Tools,http://download.cnet.com/WB-Editor-2/3000-2184_4-10469227.html,WB Editor 2,Version: 2.3, File size: 1.43MB ,Date added: December 19  2005,Price: Free to try (15-day trial); $19.99 to buy (Buy it now) ,Operating system: Windows NT/Me/2000/XP,Total downloads: 537,Downloads last week: 2
http://download.cnet.com/windows/internet-software/?tag=rb_content;main,internet-software,http://download.cnet.com/windows/blogging-software-and-tools/,Blogging Software & Tools,http://download.cnet.com/Article-Rewrite-Worker/3000-2184_4-75373408.html,Article Rewrite Worker,Version: 1.1.3.25, File size: 3.06MB ,Date added: March 25  2011,Price: Free to try (The substitution words are limited); $49.95 to buy (Buy it now) ,Operating system: Windows XP/2003/Vista/Server 2008/7,Total downloads: 551,Downloads last week: 2
http://download.cnet.com/windows/internet-software/?tag=rb_content;main,internet-software,http://download.cnet.com/windows/blogging-software-and-tools/,Blogging Software & Tools,http://download.cnet.com/Twitter2Excel/3000-2184_4-75628081.html,Twitter2Excel,Version: 0.5.2, File size: 2.42MB ,Date added: June 12  2012,Price: Free ,Operating system: Windows NT/98/Me/2000/XP/2003/Vista/Server 2008/7,Total downloads: 778,Downloads last week: 2
http://download.cnet.com/windows/internet-software/?tag=rb_content;main,internet-software,http://download.cnet.com/windows/blogging-software-and-tools/,Blogging Software & Tools,http://download.cnet.com/Download-Manager-Pro-for-Wordpress/3000-2184_4-75623436.html,Download Manager Pro for Wordpress,Version: 3.1.5, File size: 379.27K ,Date added: December 06  2011,Price: Purchase; $30.00 to buy (Buy it now) ,Operating system: Windows 2000/XP/Vista/7,Total downloads: 320,Downloads last week: 2
http://download.cnet.com/windows/internet-software/?tag=rb_content;main,internet-software,http://download.cnet.com/windows/blogging-software-and-tools/,Blogging Software & Tools,http://download.cnet.com/Effective-Journal/3000-2184_4-10707221.html,Effective Journal,Version: 5.0, File size: 3.43MB ,Date added: March 06  2014,Price: Free ,Operating system: Windows 2000/XP/2003/Vista/Server 2008/7/8,Total downloads: 319,Downloads last week: 2
http://download.cnet.com/windows/internet-software/?tag=rb_content;main,internet-software,http://download.cnet.com/windows/blogging-software-and-tools/,Blogging Software & Tools,http://download.cnet.com/QuickRSS/3000-2184_4-98714.html,QuickRSS,Version: 2.0, File size: 1.72MB ,Date added: July 16  2006,Price: Free ,Operating system: Windows NT/98/2000/XP/2003,Total downloads: 409,Downloads last week: 2
http://download.cnet.com/windows/internet-software/?tag=rb_content;main,internet-software,http://download.cnet.com/windows/blogging-software-and-tools/,Blogging Software & Tools,http://download.cnet.com/BuddyPress/3000-2184_4-75452027.html,BuddyPress,Version: 1.7.1, File size: 1.58MB ,Date added: May 01  2013,Price: Free ,Operating system: Windows 2000/XP/Vista/7,Total downloads: 425,Downloads last week: 2
http://download.cnet.com/windows/internet-software/?tag=rb_content;main,internet-software,http://download.cnet.com/windows/blogging-software-and-tools/,Blogging Software & Tools,http://download.cnet.com/i-Dump-Windows/3000-2184_4-75568532.html,i-Dump Windows,Version: 1.1, File size: 953.2K ,Date added: September 14  2011,Price: Free to try (Some features disabled); $2.50 to buy (Buy it now) ,Operating system: Windows XP/2003/Vista/Server 2008/7,Total downloads: 2 017,Downloads last week: 2
http://download.cnet.com/windows/internet-software/?tag=rb_content;main,internet-software,http://download.cnet.com/windows/blogging-software-and-tools/,Blogging Software & Tools,http://download.cnet.com/WHMCS-Bridge/3000-2184_4-75761868.html,WHMCS Bridge,Version: 2.0.1, File size: 54.99K ,Date added: September 04  2012,Price: Free to try; $29.95 to buy ,Operating system: Windows XP/Vista/7,Total downloads: 67,Downloads last week: 2
http://download.cnet.com/windows/internet-software/?tag=rb_content;main,internet-software,http://download.cnet.com/windows/blogging-software-and-tools/,Blogging Software & Tools,http://download.cnet.com/Xingla-Pro-Blog-Carnival-Submitter/3000-2184_4-10913756.html,Xingla Pro Blog Carnival Submitter,Version: 3.2.0.28, File size: 1.81MB ,Date added: April 24  2009,Price: Free to try (10-submission trial); $97.00 to buy (Buy it now) ,Operating system: Windows NT/98/Me/2000/XP/2003/Vista/7/XP Home Edition/Professional/SP 1/2/32-bit/Media Center Edition/2003/2004/2005/2003 SP 1/32-bit/Vista Home Basic/Premium/Business/32-bit/7 32-bit,Total downloads: 1 033,Downloads last week: 2
http://download.cnet.com/windows/internet-software/?tag=rb_content;main,internet-software,http://download.cnet.com/windows/blogging-software-and-tools/,Blogging Software & Tools,http://download.cnet.com/TrackbackSpeed/3000-2184_4-10732658.html,TrackbackSpeed,Version: 1.2, File size: 613.86K ,Date added: May 03  2012,Price: Free to try; $74.95 to buy ,Operating system: Windows 95/NT/98/Me/2000/XP/Vista/7,Total downloads: 366,Downloads last week: 2
http://download.cnet.com/windows/internet-software/?tag=rb_content;main,internet-software,http://download.cnet.com/windows/blogging-software-and-tools/,Blogging Software & Tools,http://download.cnet.com/The-Tweet-Tank/3000-2184_4-75567554.html,The Tweet Tank,Version: 9.1, File size: 10.67MB ,Date added: September 13  2011,Price: Free to try (48-hour trial); $39.95 to buy (Buy it now) ,Operating system: Windows NT/2000/XP/Vista/7,Total downloads: 419,Downloads last week: 2
http://download.cnet.com/windows/internet-software/?tag=rb_content;main,internet-software,http://download.cnet.com/windows/blogging-software-and-tools/,Blogging Software & Tools,http://download.cnet.com/Wordpress-Comment-Submission-Tool/3000-2184_4-75206539.html,Wordpress Comment Submission Tool,Version: 1.0, File size: 1.89MB ,Date added: June 02  2010,Price: Free to try; $29.95 to buy ,Operating system: Windows 2000/XP/2003/Vista/7,Total downloads: 255,Downloads last week: 2
http://download.cnet.com/windows/internet-software/?tag=rb_content;main,internet-software,http://download.cnet.com/windows/blogging-software-and-tools/,Blogging Software & Tools,http://download.cnet.com/Alligator-for-News/3000-2184_4-10612.html,Alligator for News,Version: 1.1, File size: 872.07K ,Date added: April 03  2000,Price: Purchase ,Operating system: Windows 95/98/NT 4,Total downloads: 76,Downloads last week: 1
http://download.cnet.com/windows/internet-software/?tag=rb_content;main,internet-software,http://download.cnet.com/windows/blogging-software-and-tools/,Blogging Software & Tools,http://download.cnet.com/Xingla-Pro-Blog-Carnival-Submitter/3000-2184_4-10913756.html,Xingla Pro Blog Carnival Submitter,Version: 3.2.0.28, File size: 1.81MB ,Date added: April 24  2009,Price: Free to try (10-submission trial); $97.00 to buy (Buy it now) ,Operating system: Windows NT/98/Me/2000/XP/2003/Vista/7/XP Home Edition/Professional/SP 1/2/32-bit/Media Center Edition/2003/2004/2005/2003 SP 1/32-bit/Vista Home Basic/Premium/Business/32-bit/7 32-bit,Total downloads: 1 033,Downloads last week: 2
http://download.cnet.com/windows/internet-software/?tag=rb_content;main,internet-software,http://download.cnet.com/windows/blogging-software-and-tools/,Blogging Software & Tools,http://download.cnet.com/WHMCS-Bridge/3000-2184_4-75761868.html,WHMCS Bridge,Version: 2.0.1, File size: 54.99K ,Date added: September 04  2012,Price: Free to try; $29.95 to buy ,Operating system: Windows XP/Vista/7,Total downloads: 67,Downloads last week: 2
http://download.cnet.com/windows/internet-software/?tag=rb_content;main,internet-software,http://download.cnet.com/windows/blogging-software-and-tools/,Blogging Software & Tools,http://download.cnet.com/Lurker/3000-2184_4-11509.html,Lurker,Version: 2.51, File size: 5.88MB ,Date added: June 01  2000,Price: Purchase ,Operating system: Windows 95/98/NT 4,Total downloads: 40,Downloads last week: 2
http://download.cnet.com/windows/internet-software/?tag=rb_content;main,internet-software,http://download.cnet.com/windows/blogging-software-and-tools/,Blogging Software & Tools,http://download.cnet.com/XanaNews/3000-2184_4-55042.html,XanaNews,Version: 1.18.1.5, File size: 1.91MB ,Date added: November 11  2006,Price: Free ,Operating system: Windows NT/98/2000/XP,Total downloads: 1 076,Downloads last week: 2
http://download.cnet.com/windows/internet-software/?tag=rb_content;main,internet-software,http://download.cnet.com/windows/blogging-software-and-tools/,Blogging Software & Tools,http://download.cnet.com/GroupsAloud/3000-2184_4-35639.html,GroupsAloud,Version: 1.008, File size: 4.29MB ,Date added: December 10  2005,Price: Purchase; $19.95 to buy ,Operating system: Windows 95/NT/98/2000/XP,Total downloads: 32,Downloads last week: 1
http://download.cnet.com/windows/internet-software/?tag=rb_content;main,internet-software,http://download.cnet.com/windows/blogging-software-and-tools/,Blogging Software & Tools,http://download.cnet.com/OOBOX-News-Headlines/3000-2184_4-50028.html,OOBOX News Headlines,Version: 1.3, File size: 1.91MB ,Date added: May 27  2004,Price: Purchase; $19.95 to buy ,Operating system: Windows 95/NT/98/2000/XP,Total downloads: 24,Downloads last week: 1
http://download.cnet.com/windows/internet-software/?tag=rb_content;main,internet-software,http://download.cnet.com/windows/blogging-software-and-tools/,Blogging Software & Tools,http://download.cnet.com/Tangelo/3000-2184_4-10360603.html,Tangelo,Version: 1.5 Public Beta 2, File size: 6.58MB ,Date added: August 11  2006,Price: Purchase; $24.95 to buy ,Operating system: Windows XP,Total downloads: 61,Downloads last week: 1
http://download.cnet.com/windows/internet-software/?tag=rb_content;main,internet-software,http://download.cnet.com/windows/blogging-software-and-tools/,Blogging Software & Tools,http://download.cnet.com/JumpBox-for-the-Movable-Type-Blogging-System/3000-2184_4-197490.html,JumpBox for the Movable Type Blogging System,Version: 1.8, File size: 239.41MB ,Date added: March 14  2013,Price: Free to try; monthly subscription (15-days trial); $60.00 to buy (Buy it now) ,Operating system: Windows XP/Vista,Total downloads: 443,Downloads last week: 1
http://download.cnet.com/windows/internet-software/?tag=rb_content;main,internet-software,http://download.cnet.com/windows/blogging-software-and-tools/,Blogging Software & Tools,http://download.cnet.com/eGroupsAgent/3000-2184_4-10248994.html,eGroupsAgent,Version: 1.01, File size: 585.94K ,Date added: November 16  2003,Price: Purchase; $29.95 to buy ,Operating system: Windows 95/NT/98/2000/XP,Total downloads: 16,Downloads last week: 1
http://download.cnet.com/windows/internet-software/?tag=rb_content;main,internet-software,http://download.cnet.com/windows/blogging-software-and-tools/,Blogging Software & Tools,http://download.cnet.com/News-Media/3000-2184_4-52437.html,News Media,Version: 1.0, File size: 1.34MB ,Date added: September 03  2004,Price: Purchase; $29.00 to buy ,Operating system: Windows 95/NT/98/2000/XP,Total downloads: 52,Downloads last week: 1
http://download.cnet.com/windows/internet-software/?tag=rb_content;main,internet-software,http://download.cnet.com/windows/blogging-software-and-tools/,Blogging Software & Tools,http://download.cnet.com/TN-Breaking-Discussion-PC/3000-2184_4-49823.html,TN Breaking Discussion PC,Version: 1.0, File size: 210.94K ,Date added: July 08  2004,Price: Free ,Operating system: Windows NT/98/2000/XP,Total downloads: 24,Downloads last week: 1
http://download.cnet.com/windows/internet-software/?tag=rb_content;main,internet-software,http://download.cnet.com/windows/blogging-software-and-tools/,Blogging Software & Tools,http://download.cnet.com/KidzBlog/3000-2184_4-50915.html,KidzBlog,Version: 1.3, File size: 2.48MB ,Date added: November 27  2005,Price: Purchase; $19.00 to buy ,Operating system: Windows XP,Total downloads: 62,Downloads last week: 1
http://download.cnet.com/windows/internet-software/?tag=rb_content;main,internet-software,http://download.cnet.com/windows/blogging-software-and-tools/,Blogging Software & Tools,http://download.cnet.com/KidzLog/3000-2184_4-50825.html,KidzLog,Version: 1.0b2, File size: 2.38MB ,Date added: June 29  2004,Price: Purchase; $29.00 to buy ,Operating system: Windows XP,Total downloads: 35,Downloads last week: 1
http://download.cnet.com/windows/internet-software/?tag=rb_content;main,internet-software,http://download.cnet.com/windows/blogging-software-and-tools/,Blogging Software & Tools,http://download.cnet.com/MesNews/3000-2184_4-53959.html,MesNews,Version: 1.08.02.00, File size: 2.19MB ,Date added: July 22  2008,Price: Free ,Operating system: Windows 95/98/2000/XP/Vista,Total downloads: 91,Downloads last week: 1
http://download.cnet.com/windows/internet-software/?tag=rb_content;main,internet-software,http://download.cnet.com/windows/blogging-software-and-tools/,Blogging Software & Tools,http://download.cnet.com/unPoster-For-Windows/3000-2184_4-79178.html,unPoster For Windows,Version: 2.0.3, File size: 1.91MB ,Date added: November 06  2008,Price: Free to try; $40.00 to buy ,Operating system: Windows XP,Total downloads: 29,Downloads last week: 2
http://download.cnet.com/windows/internet-software/?tag=rb_content;main,internet-software,http://download.cnet.com/windows/blogging-software-and-tools/,Blogging Software & Tools,http://download.cnet.com/Servoy-Forum-RSS-Yahoo-Widget/3000-2184_4-95775.html,Servoy Forum RSS Yahoo Widget,Version: 1.1, File size: 54.69K ,Date added: June 04  2006,Price: Free ,Operating system: Windows 2000/XP,Total downloads: 37,Downloads last week: 1
http://download.cnet.com/windows/internet-software/?tag=rb_content;main,internet-software,http://download.cnet.com/windows/blogging-software-and-tools/,Blogging Software & Tools,http://download.cnet.com/CommunityMate/3000-2184_4-163184.html,CommunityMate,Version: 1.1, File size: 1.34MB ,Date added: April 12  2007,Price: Purchase; $39.95 to buy ,Operating system: Windows 95/NT/98/2000/XP,Total downloads: 22,Downloads last week: 1
http://download.cnet.com/windows/internet-software/?tag=rb_content;main,internet-software,http://download.cnet.com/windows/blogging-software-and-tools/,Blogging Software & Tools,http://download.cnet.com/Ice-Rss-Reader/3000-2184_4-10752899.html,Ice Rss Reader,Version: 1.1, File size: 2.22MB ,Date added: August 22  2008,Price: Free ,Operating system: Windows 98/2000/XP/Vista,Total downloads: 745,Downloads last week: 1
http://download.cnet.com/windows/internet-software/?tag=rb_content;main,internet-software,http://download.cnet.com/windows/blogging-software-and-tools/,Blogging Software & Tools,http://download.cnet.com/CastleNews-Pro/3000-2184_4-80605.html,CastleNews Pro,Version: 1.26.2, File size: 1.14MB ,Date added: August 29  2005,Price: Purchase; $9.95 to buy ,Operating system: Windows 98/2000/XP,Total downloads: 239,Downloads last week: 1
http://download.cnet.com/windows/internet-software/?tag=rb_content;main,internet-software,http://download.cnet.com/windows/blogging-software-and-tools/,Blogging Software & Tools,http://download.cnet.com/UPI-Client/3000-2184_4-9629.html,UPI Client,Version: 1.5, File size: 865.23K ,Date added: June 01  2000,Price: Purchase ,Operating system: Windows 95/98/NT 4,Total downloads: 29,Downloads last week: 1
http://download.cnet.com/windows/internet-software/?tag=rb_content;main,internet-software,http://download.cnet.com/windows/blogging-software-and-tools/,Blogging Software & Tools,http://download.cnet.com/Awasu-Advanced-Edition/3000-2184_4-165744.html,Awasu Advanced Edition,Version: 3.0, File size: 8.42MB ,Date added: February 08  2011,Price: Free to try; $35.00 to buy ,Operating system: Windows NT/98/2000/XP/2003,Total downloads: 36,Downloads last week: 1
http://download.cnet.com/windows/internet-software/?tag=rb_content;main,internet-software,http://download.cnet.com/windows/blogging-software-and-tools/,Blogging Software & Tools,http://download.cnet.com/SpunkiCast/3000-2184_4-80581.html,SpunkiCast,Version: 0.1.2141, File size: 297.85K ,Date added: November 12  2005,Price: Purchase ,Operating system: Windows NT/98/2000/XP,Total downloads: 438,Downloads last week: 1
http://download.cnet.com/windows/internet-software/?tag=rb_content;main,internet-software,http://download.cnet.com/windows/blogging-software-and-tools/,Blogging Software & Tools,http://download.cnet.com/DAIRGram-Server-Push-Popups/3000-2010_4-174497.html,DAIRGram Server-Push Popups,Version: DG_1.01.0, File size: 62.5K ,Date added: November 15  2007,Price: Purchase; $99.95 to buy ,Operating system: Windows NT/2000/XP,Total downloads: 28,Downloads last week: 1
http://download.cnet.com/windows/internet-software/?tag=rb_content;main,internet-software,http://download.cnet.com/windows/blogging-software-and-tools/,Blogging Software & Tools,http://download.cnet.com/RSS-Captor-Pro/3000-2184_4-80709.html,RSS Captor Pro,Version: 3.05, File size: 2.19MB ,Date added: September 03  2006,Price: Purchase; $19.95 to buy ,Operating system: Windows 95/NT/98/2000/XP/2003,Total downloads: 132,Downloads last week: 1
http://download.cnet.com/windows/internet-software/?tag=rb_content;main,internet-software,http://download.cnet.com/windows/blogging-software-and-tools/,Blogging Software & Tools,http://download.cnet.com/Novobot/3000-2184_4-10047973.html,Novobot,Version: 3.3.0.360, File size: 4.56MB ,Date added: January 04  2007,Price: Purchase; $14.95 to buy (Buy it now) ,Operating system: Windows 95/NT/98/2000/XP,Total downloads: 1 426,Downloads last week: 1
http://download.cnet.com/windows/internet-software/?tag=rb_content;main,internet-software,http://download.cnet.com/windows/blogging-software-and-tools/,Blogging Software & Tools,http://download.cnet.com/TweetMyImage/3000-2184_4-75305790.html,TweetMyImage,Version: 1.00, File size: 1.27MB ,Date added: September 29  2010,Price: Free to try (Limited functionality); $10.00 to buy (Buy it now) ,Operating system: Windows NT/2000/XP/2003/Vista/Server 2008/7,Total downloads: 26,Downloads last week: 1
http://download.cnet.com/windows/internet-software/?tag=rb_content;main,internet-software,http://download.cnet.com/windows/blogging-software-and-tools/,Blogging Software & Tools,http://download.cnet.com/MyFriendTweeter/3000-2184_4-75322940.html,MyFriendTweeter,Version: 2.0, File size: 3.69MB ,Date added: November 23  2010,Price: Free to try (Limited number of search results); $10.00 to buy (Buy it now) ,Operating system: Windows NT/2000/XP/2003/Vista/Server 2008/7,Total downloads: 48,Downloads last week: 1
http://download.cnet.com/windows/internet-software/?tag=rb_content;main,internet-software,http://download.cnet.com/windows/blogging-software-and-tools/,Blogging Software & Tools,http://download.cnet.com/Net-Newz/3000-2184_4-45097.html,Net Newz,Version: 0.7.1, File size: 1.81MB ,Date added: March 14  2005,Price: Free ,Operating system: Windows 95/NT/98/2000/XP,Total downloads: 348,Downloads last week: 1
http://download.cnet.com/windows/internet-software/?tag=rb_content;main,internet-software,http://download.cnet.com/windows/blogging-software-and-tools/,Blogging Software & Tools,http://download.cnet.com/Joomla-Massive-Content/3000-2184_4-75588032.html,Joomla! Massive Content,Version: 1.0.2, File size: 1.52MB ,Date added: October 06  2011,Price: Free to try (50-article trial) ,Operating system: Windows 2000/XP/2003/Vista/7,Total downloads: 48,Downloads last week: 1
http://download.cnet.com/windows/internet-software/?tag=rb_content;main,internet-software,http://download.cnet.com/windows/blogging-software-and-tools/,Blogging Software & Tools,http://download.cnet.com/Defensio-for-WordPress/3000-2184_4-10913632.html,Defensio for WordPress,Version: 2.0.3, File size: 155.58K ,Date added: April 23  2009,Price: Free; free for personal use ,Operating system: Windows 2000/XP/2003/Vista,Total downloads: 186,Downloads last week: 1
http://download.cnet.com/windows/internet-software/?tag=rb_content;main,internet-software,http://download.cnet.com/windows/blogging-software-and-tools/,Blogging Software & Tools,http://download.cnet.com/Alnera-FeedWorkshop-RSS-Editor/3000-2184_4-85349.html,Alnera FeedWorkshop RSS Editor,Version: 1.1.14.0, File size: 2.29MB ,Date added: September 02  2006,Price: Purchase; $34.95 to buy ,Operating system: Windows NT/98/2000/XP/2003/Vista,Total downloads: 373,Downloads last week: 1
http://download.cnet.com/windows/internet-software/?tag=rb_content;main,internet-software,http://download.cnet.com/windows/blogging-software-and-tools/,Blogging Software & Tools,http://download.cnet.com/Web-Crossing-Weblog-Plug-in/3000-2184_4-43233.html,Web Crossing Weblog Plug-in,Version: 10Sep2003, File size: 22.89MB ,Date added: September 10  2003,Price: Purchase ,Operating system: Windows 95/NT/98/2000,Total downloads: 67,Downloads last week: 1
http://download.cnet.com/windows/internet-software/?tag=rb_content;main,internet-software,http://download.cnet.com/windows/blogging-software-and-tools/,Blogging Software & Tools,http://download.cnet.com/MTA-News-Poster/3000-2184_4-10079162.html,MTA News Poster,Version: 1.3, File size: 559.57K ,Date added: August 01  2003,Price: Purchase; $49.00 to buy ,Operating system: Windows 95/NT/98/2000/XP,Total downloads: 1 925,Downloads last week: 1
http://download.cnet.com/windows/internet-software/?tag=rb_content;main,internet-software,http://download.cnet.com/windows/blogging-software-and-tools/,Blogging Software & Tools,http://download.cnet.com/BlogToKindle/3000-2184_4-75701750.html,BlogToKindle,Version: 1.0, File size: 8.53MB ,Date added: April 12  2012,Price: Free; $29.00 to buy (Buy it now) ,Operating system: Windows 2000/XP/2003/Vista/Server 2008/7/8,Total downloads: 29,Downloads last week: 1
http://download.cnet.com/windows/internet-software/?tag=rb_content;main,internet-software,http://download.cnet.com/windows/blogging-software-and-tools/,Blogging Software & Tools,http://download.cnet.com/m9P-News-Feeder/3000-2184_4-51120.html,m9P News Feeder,Version: 1.0, File size: 152.34K ,Date added: July 12  2004,Price: Free ,Operating system: Windows 2000/XP/2003,Total downloads: 34,Downloads last week: 1
http://download.cnet.com/windows/internet-software/?tag=rb_content;main,internet-software,http://download.cnet.com/windows/blogging-software-and-tools/,Blogging Software & Tools,http://download.cnet.com/OCSS/3000-2184_4-75182108.html,OCSS,Version: 1.0.11, File size: 7.18MB ,Date added: November 22  2010,Price: Free ,Operating system: Windows XP/Vista,Total downloads: 36,Downloads last week: 1
http://download.cnet.com/windows/internet-software/?tag=rb_content;main,internet-software,http://download.cnet.com/windows/blogging-software-and-tools/,Blogging Software & Tools,http://download.cnet.com/SE-RssTools-Portable/3000-2184_4-75147015.html,SE-RssTools Portable,Version: 1.6.1, File size: 170.44K ,Date added: July 24  2013,Price: Free ,Operating system: Windows 2000/XP/2003/Vista/7,Total downloads: 136,Downloads last week: 1
http://download.cnet.com/windows/internet-software/?tag=rb_content;main,internet-software,http://download.cnet.com/windows/blogging-software-and-tools/,Blogging Software & Tools,http://download.cnet.com/Wikiful-Mediawiki-Bridge/3000-2184_4-75762012.html,Wikiful Mediawiki Bridge,Version: 1.0.1, File size: 31.7K ,Date added: September 06  2012,Price: Free ,Operating system: Windows XP/Vista/7,Total downloads: 26,Downloads last week: 1
http://download.cnet.com/windows/internet-software/?tag=rb_content;main,internet-software,http://download.cnet.com/windows/blogging-software-and-tools/,Blogging Software & Tools,http://download.cnet.com/IM-Pro-Dashboard-Standard-Edition/3000-2184_4-75863685.html,IM Pro Dashboard Standard Edition,Version: 1.0, File size: 3.93MB ,Date added: February 12  2013,Price: Free to try (Limited functionality); $67.00 to buy (Buy it now) ,Operating system: Windows,Total downloads: 25,Downloads last week: 1
http://download.cnet.com/windows/internet-software/?tag=rb_content;main,internet-software,http://download.cnet.com/windows/blogging-software-and-tools/,Blogging Software & Tools,http://download.cnet.com/InfoSnorkel/3000-2184_4-10124357.html,InfoSnorkel,Version: 1.00.10, File size: 1.53MB ,Date added: May 29  2003,Price: Purchase; $19.95 to buy ,Operating system: Windows 98/2000/XP,Total downloads: 76,Downloads last week: 1
http://download.cnet.com/windows/internet-software/?tag=rb_content;main,internet-software,http://download.cnet.com/windows/blogging-software-and-tools/,Blogging Software & Tools,http://download.cnet.com/CITA-RSS-Aggregator/3000-2184_4-95922.html,CITA RSS Aggregator,Version: 2.5, File size: 2.29MB ,Date added: April 04  2007,Price: Free ,Operating system: Windows 98/2000/XP/2003/NT 4,Total downloads: 145,Downloads last week: 1
http://download.cnet.com/windows/internet-software/?tag=rb_content;main,internet-software,http://download.cnet.com/windows/blogging-software-and-tools/,Blogging Software & Tools,http://download.cnet.com/13amp-SparkBlog-Photo-Blog-Manager/3000-2184_4-10358798.html,13amp SparkBlog Photo Blog Manager,Version: 1.0, File size: 551.97K ,Date added: January 27  2005,Price: Free to try (Live blogs limited); $49.99 to buy ,Operating system: Windows 3.x/95/NT/98/Me/2000/XP,Total downloads: 1 860,Downloads last week: 1
http://download.cnet.com/windows/internet-software/?tag=rb_content;main,internet-software,http://download.cnet.com/windows/blogging-software-and-tools/,Blogging Software & Tools,http://download.cnet.com/ApPHP-MicroBlog/3000-2184_4-10972887.html,ApPHP MicroBlog,Version: 1.0.1, File size: 69.34K ,Date added: October 29  2009,Price: Free ,Operating system: Windows 2000/XP/2003,Total downloads: 312,Downloads last week: 1
http://download.cnet.com/windows/internet-software/?tag=rb_content;main,internet-software,http://download.cnet.com/windows/blogging-software-and-tools/,Blogging Software & Tools,http://download.cnet.com/Veloce-RSS/3000-2184_4-169937.html,Veloce RSS,Version: 1.0, File size: 84.96K ,Date added: September 10  2007,Price: Free ,Operating system: Windows 2000/XP/Vista/2000 SP 4/XP SP 2,Total downloads: 45,Downloads last week: 1
http://download.cnet.com/windows/internet-software/?tag=rb_content;main,internet-software,http://download.cnet.com/windows/blogging-software-and-tools/,Blogging Software & Tools,http://download.cnet.com/RunDiary-net/3000-2184_4-10409603.html,RunDiary.net,Version: 1.0, File size: 7.76MB ,Date added: July 08  2005,Price: Free to try (30-day trial); $29.95 to buy ,Operating system: Windows NT/98/Me/2000/XP,Total downloads: 195,Downloads last week: 1
http://download.cnet.com/windows/internet-software/?tag=rb_content;main,internet-software,http://download.cnet.com/windows/blogging-software-and-tools/,Blogging Software & Tools,http://download.cnet.com/MarkupStation/3000-2184_4-75115662.html,MarkupStation,Version: 1.0.1, File size: 1.04MB ,Date added: February 08  2010,Price: Free ,Operating system: Windows XP/2003/Vista/Server 2008/7,Total downloads: 46,Downloads last week: 1
http://download.cnet.com/windows/internet-software/?tag=rb_content;main,internet-software,http://download.cnet.com/windows/blogging-software-and-tools/,Blogging Software & Tools,http://download.cnet.com/TTNews/3000-2184_4-126339.html,TTNews,Version: V1.12, File size: 17.58K ,Date added: November 13  2006,Price: Free ,Operating system: Windows NT/98/2000/XP,Total downloads: 81,Downloads last week: 1
http://download.cnet.com/windows/internet-software/?tag=rb_content;main,internet-software,http://download.cnet.com/windows/blogging-software-and-tools/,Blogging Software & Tools,http://download.cnet.com/Qubot-Wizard/3000-2184_4-75750254.html,Qubot Wizard,Version: 1.1, File size: 2.31MB ,Date added: August 01  2012,Price: Free; paid upgrade available ,Operating system: Windows XP/2003/Vista/Server 2008/7,Total downloads: 53,Downloads last week: 1
http://download.cnet.com/windows/internet-software/?tag=rb_content;main,internet-software,http://download.cnet.com/windows/blogging-software-and-tools/,Blogging Software & Tools,http://download.cnet.com/Metateque/3000-2184_4-10177668.html,Metateque,Version: 1.3, File size: 1.53MB ,Date added: March 30  2003,Price: Free ,Operating system: Windows 98/2000/XP,Total downloads: 2 042,Downloads last week: 1
http://download.cnet.com/windows/internet-software/?tag=rb_content;main,internet-software,http://download.cnet.com/windows/blogging-software-and-tools/,Blogging Software & Tools,http://download.cnet.com/eggBlog/3000-2184_4-10477936.html,eggBlog,Version: 4.0rc2, File size: 544.54K ,Date added: February 07  2008,Price: Free ,Operating system: Windows 3.x/95/NT/98/Me/2000/XP/Vista,Total downloads: 9 123,Downloads last week: 1
http://download.cnet.com/windows/internet-software/?tag=rb_content;main,internet-software,http://download.cnet.com/windows/blogging-software-and-tools/,Blogging Software & Tools,http://download.cnet.com/Lektora/3000-2184_4-55190.html,Lektora,Version: 1.1.1.0, File size: 1.62MB ,Date added: October 15  2005,Price: Purchase ,Operating system: Windows NT/2000/XP/2003,Total downloads: 56,Downloads last week: 1
http://download.cnet.com/windows/internet-software/?tag=rb_content;main,internet-software,http://download.cnet.com/windows/blogging-software-and-tools/,Blogging Software & Tools,http://download.cnet.com/Redaxscript-Full/3000-2184_4-75755582.html,Redaxscript Full,Version: 1.2.1, File size: 372.72K ,Date added: February 02  2013,Price: Free ,Operating system: Windows XP/Vista/7,Total downloads: 71,Downloads last week: 1
http://download.cnet.com/windows/internet-software/?tag=rb_content;main,internet-software,http://download.cnet.com/windows/blogging-software-and-tools/,Blogging Software & Tools,http://download.cnet.com/Online-News-Screensaver/3000-2184_4-41158.html,Online News Screensaver,Version: 1.50b, File size: 3.81MB ,Date added: January 26  2007,Price: Purchase; $14.95 to buy ,Operating system: Windows NT/98/2000/XP,Total downloads: 179,Downloads last week: 1
http://download.cnet.com/windows/internet-software/?tag=rb_content;main,internet-software,http://download.cnet.com/windows/blogging-software-and-tools/,Blogging Software & Tools,http://download.cnet.com/EgeCMS-Multi-Sites-Builder-Pro/3000-2184_4-10965480.html,EgeCMS Multi-Sites Builder Pro,Version: 1.3.1, File size: 9.78MB ,Date added: August 17  2009,Price: Free to try (Publish 200 Chapters at most); $4 996.00 to buy (Buy it now) ,Operating system: Windows 3.x/95/NT/98/Me/2000/XP/2003/Vista/Server 2008/7,Total downloads: 95,Downloads last week: 1
http://download.cnet.com/windows/internet-software/?tag=rb_content;main,internet-software,http://download.cnet.com/windows/blogging-software-and-tools/,Blogging Software & Tools,http://download.cnet.com/Zingiri-Web-Shop/3000-2184_4-75761864.html,Zingiri Web Shop,Version: 2.4.8, File size: 3.11MB ,Date added: September 04  2012,Price: Free to try; monthly subscription; $8.95 to buy ,Operating system: Windows XP/Vista/7,Total downloads: 36,Downloads last week: 1
http://download.cnet.com/windows/internet-software/?tag=rb_content;main,internet-software,http://download.cnet.com/windows/blogging-software-and-tools/,Blogging Software & Tools,http://download.cnet.com/SE-RssTools/3000-2184_4-75147012.html,SE-RssTools,Version: 1.6.1, File size: 661.82K ,Date added: July 24  2013,Price: Free ,Operating system: Windows 2000/XP/2003/Vista/7,Total downloads: 163,Downloads last week: 1
http://download.cnet.com/windows/internet-software/?tag=rb_content;main,internet-software,http://download.cnet.com/windows/blogging-software-and-tools/,Blogging Software & Tools,http://download.cnet.com/EffNews-RSS-Reader/3000-2184_4-42521.html,EffNews RSS Reader,Version: 1.0.19, File size: 976.56K ,Date added: May 17  2004,Price: Free ,Operating system: Windows NT/98/2000/XP,Total downloads: 41,Downloads last week: 1
http://download.cnet.com/windows/internet-software/?tag=rb_content;main,internet-software,http://download.cnet.com/windows/blogging-software-and-tools/,Blogging Software & Tools,http://download.cnet.com/Sauce-Reader/3000-2184_4-52332.html,Sauce Reader,Version: 2.0.2, File size: 3.53MB ,Date added: September 18  2005,Price: Purchase; $24.95 to buy ,Operating system: Windows 95/NT/98/2000/XP,Total downloads: 52,Downloads last week: 1
http://download.cnet.com/windows/internet-software/?tag=rb_content;main,internet-software,http://download.cnet.com/windows/blogging-software-and-tools/,Blogging Software & Tools,http://download.cnet.com/BitNami-Roller-Stack/3000-2184_4-10763028.html,BitNami Roller Stack,Version: 5.0.1-0, File size: 119.9MB ,Date added: June 25  2012,Price: Free ,Operating system: Windows 2000/XP/Vista,Total downloads: 613,Downloads last week: 1
http://download.cnet.com/windows/internet-software/?tag=rb_content;main,internet-software,http://download.cnet.com/windows/blogging-software-and-tools/,Blogging Software & Tools,http://download.cnet.com/Auto-Web-View-Screensaver/3000-2184_4-36743.html,Auto Web View Screensaver,Version: 4.01, File size: 810.55K ,Date added: November 08  2006,Price: Purchase; $19.95 to buy ,Operating system: Windows 95/NT/98/2000/XP,Total downloads: 117,Downloads last week: 1
http://download.cnet.com/windows/internet-software/?tag=rb_content;main,internet-software,http://download.cnet.com/windows/blogging-software-and-tools/,Blogging Software & Tools,http://download.cnet.com/AnyLog/3000-2184_4-75065955.html,AnyLog,Version: 1.0, File size: 482.9K ,Date added: January 26  2010,Price: Free ,Operating system: Windows XP/Vista/7,Total downloads: 125,Downloads last week: 1
http://download.cnet.com/windows/internet-software/?tag=rb_content;main,internet-software,http://download.cnet.com/windows/blogging-software-and-tools/,Blogging Software & Tools,http://download.cnet.com/Jyte/3000-2184_4-53608.html,Jyte,Version: 1.9, File size: 4.29MB ,Date added: December 04  2004,Price: Free ,Operating system: Windows NT/98/2000/XP,Total downloads: 52,Downloads last week: 1
http://download.cnet.com/windows/internet-software/?tag=rb_content;main,internet-software,http://download.cnet.com/windows/blogging-software-and-tools/,Blogging Software & Tools,http://download.cnet.com/ecto/3000-2184_4-10387664.html,ecto,Version: 2.3.13, File size: 7.74MB ,Date added: September 01  2008,Price: Free to try; $17.95 to buy ,Operating system: Windows NT/98/2000/XP,Total downloads: 1 078,Downloads last week: 1
http://download.cnet.com/windows/internet-software/?tag=rb_content;main,internet-software,http://download.cnet.com/windows/blogging-software-and-tools/,Blogging Software & Tools,http://download.cnet.com/Frequency/3000-2184_4-40028.html,Frequency,Version: 2.0, File size: 2MB ,Date added: April 07  2004,Price: Purchase; $19.00 to buy ,Operating system: Windows 2000/XP,Total downloads: 118,Downloads last week: 1
http://download.cnet.com/windows/internet-software/?tag=rb_content;main,internet-software,http://download.cnet.com/windows/blogging-software-and-tools/,Blogging Software & Tools,http://download.cnet.com/WebLog-Manager-Pro/3000-2184_4-11246.html,WebLog Manager Pro,Version: 1.02, File size: 3.24MB ,Date added: November 19  2001,Price: Purchase; $250.00 to buy ,Operating system: Windows 95/NT/98/2000/XP,Total downloads: 117,Downloads last week: 1
http://download.cnet.com/windows/internet-software/?tag=rb_content;main,internet-software,http://download.cnet.com/windows/blogging-software-and-tools/,Blogging Software & Tools,http://download.cnet.com/DatSyn/3000-2184_4-75453418.html,DatSyn,Version: 1.0, File size: 3.61MB ,Date added: July 07  2011,Price: Free to try (20-upload trial); $24.49 to buy (Buy it now) ,Operating system: Windows NT/XP/2003/Vista/7,Total downloads: 86,Downloads last week: 1
http://download.cnet.com/windows/internet-software/?tag=rb_content;main,internet-software,http://download.cnet.com/windows/blogging-software-and-tools/,Blogging Software & Tools,http://download.cnet.com/NewsPiper/3000-2184_4-10232084.html,NewsPiper,Version: 3.8.1, File size: 1.34MB ,Date added: October 25  2007,Price: Purchase; $29.95 to buy ,Operating system: Windows 95/NT/98/2000/XP,Total downloads: 5 739,Downloads last week: 2
http://download.cnet.com/windows/internet-software/?tag=rb_content;main,internet-software,http://download.cnet.com/windows/blogging-software-and-tools/,Blogging Software & Tools,http://download.cnet.com/Twitter-Goodies-Widgets/3000-2184_4-75761757.html,Twitter Goodies Widgets,Version: 1.2, File size: 274.47K ,Date added: January 02  2011,Price: Free ,Operating system: Windows XP/Vista/7,Total downloads: 37,Downloads last week: 1
http://download.cnet.com/windows/internet-software/?tag=rb_content;main,internet-software,http://download.cnet.com/windows/blogging-software-and-tools/,Blogging Software & Tools,http://download.cnet.com/Wildgrape-NewsDesk/3000-2184_4-34736.html,Wildgrape NewsDesk,Version: 1.1, File size: 1.53MB ,Date added: August 10  2003,Price: Free ,Operating system: Windows NT/98/2000/XP,Total downloads: 73,Downloads last week: 1
http://download.cnet.com/windows/internet-software/?tag=rb_content;main,internet-software,http://download.cnet.com/windows/blogging-software-and-tools/,Blogging Software & Tools,http://download.cnet.com/Weblogue/3000-2184_4-11413.html,Weblogue,Version: 0.8.4, File size: 287.11K ,Date added: October 17  2000,Price: Update ,Operating system: Windows 95/NT/98/2000,Total downloads: 78,Downloads last week: 1
http://download.cnet.com/windows/internet-software/?tag=rb_content;main,internet-software,http://download.cnet.com/windows/blogging-software-and-tools/,Blogging Software & Tools,http://download.cnet.com/FeedSpring/3000-2184_4-56501.html,FeedSpring,Version: 0.93b, File size: 3.34MB ,Date added: May 21  2005,Price: Free ,Operating system: Windows NT/98/2000/XP,Total downloads: 1 281,Downloads last week: 1
http://download.cnet.com/windows/internet-software/?tag=rb_content;main,internet-software,http://download.cnet.com/windows/blogging-software-and-tools/,Blogging Software & Tools,http://download.cnet.com/GrabOut/3000-2184_4-10967242.html,GrabOut,Version: 1.1.6, File size: 388.44K ,Date added: July 14  2010,Price: Free ,Operating system: Windows NT/2000/XP/2003/Vista/Server 2008/7,Total downloads: 2 006,Downloads last week: 1
http://download.cnet.com/windows/internet-software/?tag=rb_content;main,internet-software,http://download.cnet.com/windows/blogging-software-and-tools/,Blogging Software & Tools,http://download.cnet.com/Jitbit-RSS-Feed-Creato/3000-2184_4-94095.html,Jitbit RSS Feed Creato,Version: 1.21, File size: 1.05MB ,Date added: April 28  2006,Price: Purchase; $27.00 to buy ,Operating system: Windows 95/NT/98/2000/XP,Total downloads: 39,Downloads last week: 1
http://download.cnet.com/windows/internet-software/?tag=rb_content;main,internet-software,http://download.cnet.com/windows/blogging-software-and-tools/,Blogging Software & Tools,http://download.cnet.com/Twitter-Link-Generator/3000-2184_4-75847485.html,Twitter Link Generator,Version: 2.0, File size: 39.95K ,Date added: January 15  2013,Price: Free ,Operating system: Windows NT/98/Me/2000/XP/2003/Vista/Server 2008/7/8,Total downloads: 42,Downloads last week: 1
http://download.cnet.com/windows/internet-software/?tag=rb_content;main,internet-software,http://download.cnet.com/windows/blogging-software-and-tools/,Blogging Software & Tools,http://download.cnet.com/WP-Site-Protector/3000-2184_4-75453160.html,WP Site Protector,Version: 2.0, File size: 1.05MB ,Date added: January 29  2012,Price: Free to try (Many features disabled); $30.00 to buy (Buy it now) ,Operating system: Windows NT/98/Me/2000/XP/2003/Vista/7,Total downloads: 57,Downloads last week: 1
http://download.cnet.com/windows/internet-software/?tag=rb_content;main,internet-software,http://download.cnet.com/windows/blogging-software-and-tools/,Blogging Software & Tools,http://download.cnet.com/Simpleblog/3000-2184_4-75805895.html,Simpleblog,Version: 1.0, File size: 993.04K ,Date added: November 06  2012,Price: Free ,Operating system: Windows XP/Vista/7,Total downloads: 73,Downloads last week: 1
http://download.cnet.com/windows/internet-software/?tag=rb_content;main,internet-software,http://download.cnet.com/windows/blogging-software-and-tools/,Blogging Software & Tools,http://download.cnet.com/RSS-Feeds-Toolbar-for-Internet-Explorer/3000-2184_4-102249.html,RSS Feeds Toolbar for Internet Explorer,Version: 1.2.01, File size: 531.25K ,Date added: December 03  2006,Price: Free ,Operating system: Windows 98/2000/XP/Vista,Total downloads: 11 022,Downloads last week: 1
http://download.cnet.com/windows/internet-software/?tag=rb_content;main,internet-software,http://download.cnet.com/windows/blogging-software-and-tools/,Blogging Software & Tools,http://download.cnet.com/Zingiri-Forum/3000-2184_4-75762015.html,Zingiri Forum,Version: 1.4.2, File size: 1.89MB ,Date added: September 06  2012,Price: Free ,Operating system: Windows XP/Vista/7,Total downloads: 37,Downloads last week: 1
http://download.cnet.com/windows/internet-software/?tag=rb_content;main,internet-software,http://download.cnet.com/windows/blogging-software-and-tools/,Blogging Software & Tools,http://download.cnet.com/Market-News-Analyzer/3000-2184_4-82959.html,Market News Analyzer,Version: 1.2.2, File size: 1.05MB ,Date added: September 20  2005,Price: Purchase; $149.95 to buy ,Operating system: Windows 95,Total downloads: 732,Downloads last week: 1
http://download.cnet.com/windows/internet-software/?tag=rb_content;main,internet-software,http://download.cnet.com/windows/blogging-software-and-tools/,Blogging Software & Tools,http://download.cnet.com/PG-Offline-Lite/3000-2184_4-75182034.html,PG Offline Lite,Version: 1.0.1, File size: 14.64MB ,Date added: April 27  2010,Price: Free ,Operating system: Windows NT/98/XP/2003,Total downloads: 61,Downloads last week: 1
http://download.cnet.com/windows/internet-software/?tag=rb_content;main,internet-software,http://download.cnet.com/windows/blogging-software-and-tools/,Blogging Software & Tools,http://download.cnet.com/Downline-Afilliate-builder-pro/3000-2184_4-188976.html,Downline Afilliate builder pro,Version: 1.0, File size: 2.86MB ,Date added: January 29  2008,Price: Free ,Operating system: Windows 98/XP,Total downloads: 199,Downloads last week: 1
http://download.cnet.com/windows/internet-software/?tag=rb_content;main,internet-software,http://download.cnet.com/windows/blogging-software-and-tools/,Blogging Software & Tools,http://download.cnet.com/BlogDesk/3000-2184_4-75780717.html,BlogDesk,Version: 2.8, File size: 3.83MB ,Date added: September 26  2012,Price: Free ,Operating system: Windows 2000/XP/Vista/7,Total downloads: 94,Downloads last week: 1
http://download.cnet.com/windows/internet-software/?tag=rb_content;main,internet-software,http://download.cnet.com/windows/blogging-software-and-tools/,Blogging Software & Tools,http://download.cnet.com/IVT-Studio/3000-2184_4-141474.html,IVT Studio,Version: 2.2.81, File size: 23.93MB ,Date added: February 24  2007,Price: Purchase; $20.00 to buy ,Operating system: Windows 2000/XP,Total downloads: 227,Downloads last week: 1
http://download.cnet.com/windows/internet-software/?tag=rb_content;main,internet-software,http://download.cnet.com/windows/blogging-software-and-tools/,Blogging Software & Tools,http://download.cnet.com/Google-Analytics-for-WordPress/3000-2184_4-75758984.html,Google Analytics for WordPress,Version: 4.2.4, File size: 850.46K ,Date added: August 23  2012,Price: Free ,Operating system: Windows XP/Vista/7,Total downloads: 71,Downloads last week: 1
http://download.cnet.com/windows/internet-software/?tag=rb_content;main,internet-software,http://download.cnet.com/windows/blogging-software-and-tools/,Blogging Software & Tools,http://download.cnet.com/FMrss-Windows/3000-2184_4-54005.html,FMrss Windows,Version: 1.01, File size: 4.48MB ,Date added: November 11  2004,Price: Free ,Operating system: Windows NT/98/2000/XP,Total downloads: 46,Downloads last week: 1
http://download.cnet.com/windows/internet-software/?tag=rb_content;main,internet-software,http://download.cnet.com/windows/blogging-software-and-tools/,Blogging Software & Tools,http://download.cnet.com/Clicky-for-WordPress/3000-2184_4-75758974.html,Clicky for WordPress,Version: 1.4.2.1, File size: 517.22K ,Date added: August 23  2012,Price: Free ,Operating system: Windows XP/Vista/7,Total downloads: 49,Downloads last week: 1
http://download.cnet.com/windows/internet-software/?tag=rb_content;main,internet-software,http://download.cnet.com/windows/blogging-software-and-tools/,Blogging Software & Tools,http://download.cnet.com/MicroPlanet-Gravity/3000-2184_4-11533.html,MicroPlanet Gravity,Version: 3.0.4, File size: 8.69MB ,Date added: January 20  2012,Price: Free; $39.95 to buy ,Operating system: Windows NT/98/Me/2000/XP/Vista/7,Total downloads: 405,Downloads last week: 1
http://download.cnet.com/windows/internet-software/?tag=rb_content;main,internet-software,http://download.cnet.com/windows/blogging-software-and-tools/,Blogging Software & Tools,http://download.cnet.com/Weblogue/3000-2184_4-11413.html,Weblogue,Version: 0.8.4, File size: 287.11K ,Date added: October 17  2000,Price: Update ,Operating system: Windows 95/NT/98/2000,Total downloads: 78,Downloads last week: 1
http://download.cnet.com/windows/internet-software/?tag=rb_content;main,internet-software,http://download.cnet.com/windows/blogging-software-and-tools/,Blogging Software & Tools,http://download.cnet.com/RSS-Feeds-Toolbar-for-Internet-Explorer/3000-2184_4-102249.html,RSS Feeds Toolbar for Internet Explorer,Version: 1.2.01, File size: 531.25K ,Date added: December 03  2006,Price: Free ,Operating system: Windows 98/2000/XP/Vista,Total downloads: 11 022,Downloads last week: 1
http://download.cnet.com/windows/internet-software/?tag=rb_content;main,internet-software,http://download.cnet.com/windows/blogging-software-and-tools/,Blogging Software & Tools,http://download.cnet.com/Zingiri-Forum/3000-2184_4-75762015.html,Zingiri Forum,Version: 1.4.2, File size: 1.89MB ,Date added: September 06  2012,Price: Free ,Operating system: Windows XP/Vista/7,Total downloads: 37,Downloads last week: 1
http://download.cnet.com/windows/internet-software/?tag=rb_content;main,internet-software,http://download.cnet.com/windows/blogging-software-and-tools/,Blogging Software & Tools,http://download.cnet.com/PG-Offline-Lite/3000-2184_4-75182034.html,PG Offline Lite,Version: 1.0.1, File size: 14.64MB ,Date added: April 27  2010,Price: Free ,Operating system: Windows NT/98/XP/2003,Total downloads: 61,Downloads last week: 1
http://download.cnet.com/windows/internet-software/?tag=rb_content;main,internet-software,http://download.cnet.com/windows/blogging-software-and-tools/,Blogging Software & Tools,http://download.cnet.com/Google-XML-Sitemaps/3000-2184_4-75732856.html,Google XML Sitemaps,Version: 3.2.7, File size: 580.68K ,Date added: May 15  2012,Price: Free ,Operating system: Windows XP/Vista/7,Total downloads: 31,Downloads last week: 1
http://download.cnet.com/windows/internet-software/?tag=rb_content;main,internet-software,http://download.cnet.com/windows/blogging-software-and-tools/,Blogging Software & Tools,http://download.cnet.com/Clicky-for-WordPress/3000-2184_4-75758974.html,Clicky for WordPress,Version: 1.4.2.1, File size: 517.22K ,Date added: August 23  2012,Price: Free ,Operating system: Windows XP/Vista/7,Total downloads: 49,Downloads last week: 1
http://download.cnet.com/windows/internet-software/?tag=rb_content;main,internet-software,http://download.cnet.com/windows/blogging-software-and-tools/,Blogging Software & Tools,http://download.cnet.com/FeedSpring/3000-2184_4-56501.html,FeedSpring,Version: 0.93b, File size: 3.34MB ,Date added: May 21  2005,Price: Free ,Operating system: Windows NT/98/2000/XP,Total downloads: 1 281,Downloads last week: 1
http://download.cnet.com/windows/internet-software/?tag=rb_content;main,internet-software,http://download.cnet.com/windows/blogging-software-and-tools/,Blogging Software & Tools,http://download.cnet.com/BlogDesk/3000-2184_4-75780717.html,BlogDesk,Version: 2.8, File size: 3.83MB ,Date added: September 26  2012,Price: Free ,Operating system: Windows 2000/XP/Vista/7,Total downloads: 94,Downloads last week: 1
http://download.cnet.com/windows/internet-software/?tag=rb_content;main,internet-software,http://download.cnet.com/windows/blogging-software-and-tools/,Blogging Software & Tools,http://download.cnet.com/GrabOut/3000-2184_4-10967242.html,GrabOut,Version: 1.1.6, File size: 388.44K ,Date added: July 14  2010,Price: Free ,Operating system: Windows NT/2000/XP/2003/Vista/Server 2008/7,Total downloads: 2 006,Downloads last week: 1
http://download.cnet.com/windows/internet-software/?tag=rb_content;main,internet-software,http://download.cnet.com/windows/blogging-software-and-tools/,Blogging Software & Tools,http://download.cnet.com/Jitbit-RSS-Feed-Creato/3000-2184_4-94095.html,Jitbit RSS Feed Creato,Version: 1.21, File size: 1.05MB ,Date added: April 28  2006,Price: Purchase; $27.00 to buy ,Operating system: Windows 95/NT/98/2000/XP,Total downloads: 39,Downloads last week: 1
http://download.cnet.com/windows/internet-software/?tag=rb_content;main,internet-software,http://download.cnet.com/windows/blogging-software-and-tools/,Blogging Software & Tools,http://download.cnet.com/Google-XML-Sitemaps/3000-2184_4-75732856.html,Google XML Sitemaps,Version: 3.2.7, File size: 580.68K ,Date added: May 15  2012,Price: Free ,Operating system: Windows XP/Vista/7,Total downloads: 31,Downloads last week: 1
http://download.cnet.com/windows/internet-software/?tag=rb_content;main,internet-software,http://download.cnet.com/windows/blogging-software-and-tools/,Blogging Software & Tools,http://download.cnet.com/Text-Direction-Change-Plugin-for-Windows-Live-Writer/3000-2184_4-10801188.html,Text Direction Change Plugin for Windows Live Writer,Version: 1, File size: 355.5K ,Date added: January 25  2008,Price: Free ,Operating system: Windows XP/Vista,Total downloads: 187,Downloads last week: 1
http://download.cnet.com/windows/internet-software/?tag=rb_content;main,internet-software,http://download.cnet.com/windows/blogging-software-and-tools/,Blogging Software & Tools,http://download.cnet.com/CurationSoft/3000-2184_4-75563213.html,CurationSoft,Version: 1.0.2, File size: 18.63MB ,Date added: September 07  2011,Price: Free to try (14-day trial); $39.95 to buy (Buy it now) ,Operating system: Windows XP/Vista/7,Total downloads: 157,Downloads last week: 1
http://download.cnet.com/windows/internet-software/?tag=rb_content;main,internet-software,http://download.cnet.com/windows/blogging-software-and-tools/,Blogging Software & Tools,http://download.cnet.com/RSS-Captor-Free/3000-2184_4-53638.html,RSS Captor Free,Version: 3.09, File size: 862.3K ,Date added: October 03  2006,Price: Free ,Operating system: Windows 2000/XP,Total downloads: 258,Downloads last week: 1
http://download.cnet.com/windows/internet-software/?tag=rb_content;main,internet-software,http://download.cnet.com/windows/blogging-software-and-tools/,Blogging Software & Tools,http://download.cnet.com/NewsBeaver/3000-2184_4-96750.html,NewsBeaver,Version: 0.91BQ beta, File size: 2.38MB ,Date added: March 29  2007,Price: Purchase ,Operating system: Windows NT/98/2000/XP,Total downloads: 67,Downloads last week: 1
http://download.cnet.com/windows/internet-software/?tag=rb_content;main,internet-software,http://download.cnet.com/windows/blogging-software-and-tools/,Blogging Software & Tools,http://download.cnet.com/MetaWeblog-API-NET-Library/3000-2184_4-10440852.html,MetaWeblog API .NET Library,Version: 1.0, File size: 818.21K ,Date added: October 13  2005,Price: Free ,Operating system: Windows 2000/XP,Total downloads: 1 092,Downloads last week: 1
http://download.cnet.com/windows/internet-software/?tag=rb_content;main,internet-software,http://download.cnet.com/windows/blogging-software-and-tools/,Blogging Software & Tools,http://download.cnet.com/SocialSpeed/3000-2184_4-10902310.html,SocialSpeed,Version: 1.2, File size: 1.72MB ,Date added: December 15  2008,Price: Free to try (12-day trial); $74.95 to buy ,Operating system: Windows 95/NT/98/Me/2000/XP/2003/Vista/Server 2008,Total downloads: 970,Downloads last week: 1
http://download.cnet.com/windows/internet-software/?tag=rb_content;main,internet-software,http://download.cnet.com/windows/blogging-software-and-tools/,Blogging Software & Tools,http://download.cnet.com/Fix-RSS-Feed-Plugin/3000-2184_4-75974010.html,Fix RSS Feed Plugin,Version: 3.1, File size: 82.92K ,Date added: August 09  2013,Price: Free ,Operating system: Windows NT/98/Me/2000/XP/2003/Vista/Server 2008/7/8,Total downloads: 54,Downloads last week: 1
http://download.cnet.com/windows/internet-software/?tag=rb_content;main,internet-software,http://download.cnet.com/windows/blogging-software-and-tools/,Blogging Software & Tools,http://download.cnet.com/HohoBlog/3000-2184_4-10316924.html,HohoBlog,Version: 2.3, File size: 1.12MB ,Date added: March 17  2005,Price: Free to try (3-post each time trial); $29.00 to buy ,Operating system: Windows NT/98/Me/2000/XP,Total downloads: 2 474,Downloads last week: 1
http://download.cnet.com/windows/internet-software/?tag=rb_content;main,internet-software,http://download.cnet.com/windows/blogging-software-and-tools/,Blogging Software & Tools,http://download.cnet.com/CurationSoft/3000-2184_4-75563213.html,CurationSoft,Version: 1.0.2, File size: 18.63MB ,Date added: September 07  2011,Price: Free to try (14-day trial); $39.95 to buy (Buy it now) ,Operating system: Windows XP/Vista/7,Total downloads: 157,Downloads last week: 1
http://download.cnet.com/windows/internet-software/?tag=rb_content;main,internet-software,http://download.cnet.com/windows/blogging-software-and-tools/,Blogging Software & Tools,http://download.cnet.com/MetaWeblog-API-NET-Library/3000-2184_4-10440852.html,MetaWeblog API .NET Library,Version: 1.0, File size: 818.21K ,Date added: October 13  2005,Price: Free ,Operating system: Windows 2000/XP,Total downloads: 1 092,Downloads last week: 1
http://download.cnet.com/windows/internet-software/?tag=rb_content;main,internet-software,http://download.cnet.com/windows/blogging-software-and-tools/,Blogging Software & Tools,http://download.cnet.com/NewzAlert-Composer/3000-2184_4-50356.html,NewzAlert Composer,Version: 1.70.8, File size: 1.43MB ,Date added: July 19  2006,Price: Purchase; $15.00 to buy ,Operating system: Windows 95/NT/98/2000/XP,Total downloads: 473,Downloads last week: 1
http://download.cnet.com/windows/internet-software/?tag=rb_content;main,internet-software,http://download.cnet.com/windows/blogging-software-and-tools/,Blogging Software & Tools,http://download.cnet.com/Newsgroup-Commander-Pro/3000-2184_4-46205.html,Newsgroup Commander Pro,Version: 9.05, File size: 873.47K ,Date added: April 30  2009,Price: Free to try; $49.95 to buy ,Operating system: Windows 95/NT/98/2000/XP,Total downloads: 452,Downloads last week: 1
http://download.cnet.com/windows/internet-software/?tag=rb_content;main,internet-software,http://download.cnet.com/windows/blogging-software-and-tools/,Blogging Software & Tools,http://download.cnet.com/FutureWare-HackerTracker/3000-2184_4-28209.html,FutureWare HackerTracker,Version: 2.0.0.5, File size: 1.53MB ,Date added: July 08  2002,Price: Purchase; $59.00 to buy ,Operating system: Windows 95/NT/98/2000/XP,Total downloads: 578,Downloads last week: 1
http://download.cnet.com/windows/internet-software/?tag=rb_content;main,internet-software,http://download.cnet.com/windows/blogging-software-and-tools/,Blogging Software & Tools,http://download.cnet.com/Starbox/3000-2184_4-76010126.html,Starbox,Version: 1.0.4, File size: 2.1MB ,Date added: October 10  2013,Price: Free ,Operating system: Windows 7,Total downloads: 19,Downloads last week: 1
http://download.cnet.com/windows/internet-software/?tag=rb_content;main,internet-software,http://download.cnet.com/windows/blogging-software-and-tools/,Blogging Software & Tools,http://download.cnet.com/Google-XML-Sitemaps/3000-2184_4-75732856.html,Google XML Sitemaps,Version: 3.2.7, File size: 580.68K ,Date added: May 15  2012,Price: Free ,Operating system: Windows XP/Vista/7,Total downloads: 31,Downloads last week: 1
http://download.cnet.com/windows/internet-software/?tag=rb_content;main,internet-software,http://download.cnet.com/windows/blogging-software-and-tools/,Blogging Software & Tools,http://download.cnet.com/digiXMAS-Blog-Pinger/3000-2184_4-75629312.html,digiXMAS Blog Pinger,Version: 1.0, File size: 1.22MB ,Date added: January 05  2012,Price: Free ,Operating system: Windows XP/Vista/7,Total downloads: 87,Downloads last week: 1
http://download.cnet.com/windows/internet-software/?tag=rb_content;main,internet-software,http://download.cnet.com/windows/blogging-software-and-tools/,Blogging Software & Tools,http://download.cnet.com/Fix-RSS-Feed-Plugin/3000-2184_4-75974010.html,Fix RSS Feed Plugin,Version: 3.1, File size: 82.92K ,Date added: August 09  2013,Price: Free ,Operating system: Windows NT/98/Me/2000/XP/2003/Vista/Server 2008/7/8,Total downloads: 54,Downloads last week: 1
http://download.cnet.com/windows/internet-software/?tag=rb_content;main,internet-software,http://download.cnet.com/windows/blogging-software-and-tools/,Blogging Software & Tools,http://download.cnet.com/NewzAlert-Composer/3000-2184_4-50356.html,NewzAlert Composer,Version: 1.70.8, File size: 1.43MB ,Date added: July 19  2006,Price: Purchase; $15.00 to buy ,Operating system: Windows 95/NT/98/2000/XP,Total downloads: 473,Downloads last week: 1
http://download.cnet.com/windows/internet-software/?tag=rb_content;main,internet-software,http://download.cnet.com/windows/blogging-software-and-tools/,Blogging Software & Tools,http://download.cnet.com/NewsGrabber/3000-2184_4-10118.html,NewsGrabber,Version: 3.0.23, File size: 1.38MB ,Date added: June 01  2000,Price: Purchase ,Operating system: Windows 95/98/NT 4,Total downloads: 1 023,Downloads last week: 1
http://download.cnet.com/windows/internet-software/?tag=rb_content;main,internet-software,http://download.cnet.com/windows/blogging-software-and-tools/,Blogging Software & Tools,http://download.cnet.com/Newsgroup-Commander-Pro/3000-2184_4-46205.html,Newsgroup Commander Pro,Version: 9.05, File size: 873.47K ,Date added: April 30  2009,Price: Free to try; $49.95 to buy ,Operating system: Windows 95/NT/98/2000/XP,Total downloads: 452,Downloads last week: 1
http://download.cnet.com/windows/internet-software/?tag=rb_content;main,internet-software,http://download.cnet.com/windows/blogging-software-and-tools/,Blogging Software & Tools,http://download.cnet.com/PG-Offline/3000-2184_4-10219234.html,PG Offline,Version: 3.0.84, File size: 14.65MB ,Date added: May 25  2010,Price: Free to try; $24.95 to buy ,Operating system: Windows NT/98/2000/XP/2003,Total downloads: 6 189,Downloads last week: 1
http://download.cnet.com/windows/internet-software/?tag=rb_content;main,internet-software,http://download.cnet.com/windows/blogging-software-and-tools/,Blogging Software & Tools,http://download.cnet.com/Twitter-Pro/3000-2184_4-76085007.html,Twitter Pro,Version: 1.0, File size: 65.5K ,Date added: January 20  2014,Price: Free ,Operating system: Windows 7,Total downloads: 13,Downloads last week: 1
http://download.cnet.com/windows/internet-software/?tag=rb_content;main,internet-software,http://download.cnet.com/windows/blogging-software-and-tools/,Blogging Software & Tools,http://download.cnet.com/Blogger-Sitemap-Generator/3000-2184_4-76038225.html,Blogger Sitemap Generator,Version: 1.2, File size: 69.99K ,Date added: January 28  2014,Price: Free ,Operating system: Windows XP/2003/Vista/Server 2008/7/8,Total downloads: 85,Downloads last week: 1
http://download.cnet.com/windows/internet-software/?tag=rb_content;main,internet-software,http://download.cnet.com/windows/blogging-software-and-tools/,Blogging Software & Tools,http://download.cnet.com/FutureWare-HackerTracker/3000-2184_4-28209.html,FutureWare HackerTracker,Version: 2.0.0.5, File size: 1.53MB ,Date added: July 08  2002,Price: Purchase; $59.00 to buy ,Operating system: Windows 95/NT/98/2000/XP,Total downloads: 578,Downloads last week: 1
http://download.cnet.com/windows/internet-software/?tag=rb_content;main,internet-software,http://download.cnet.com/windows/blogging-software-and-tools/,Blogging Software & Tools,http://download.cnet.com/TwittGrabber-Lite/3000-2184_4-75938929.html,TwittGrabber Lite,Version: 1.2, File size: 5.59MB ,Date added: September 19  2013,Price: Free to try (30-day trial  limited functionality); $19.99 to buy (Buy it now) ,Operating system: Windows Vista/7/8,Total downloads: 106,Downloads last week: 1
http://download.cnet.com/windows/internet-software/?tag=rb_content;main,internet-software,http://download.cnet.com/windows/blogging-software-and-tools/,Blogging Software & Tools,http://download.cnet.com/PreTweet/3000-2184_4-76019029.html,PreTweet,Version: 1.0, File size: 587.2K ,Date added: November 05  2013,Price: Free ,Operating system: Windows Vista/Server 2008/7/8,Total downloads: 108,Downloads last week: 1
http://download.cnet.com/windows/internet-software/?tag=rb_content;main,internet-software,http://download.cnet.com/windows/blogging-software-and-tools/,Blogging Software & Tools,http://download.cnet.com/SharpReader/3000-2184_4-10287607.html,SharpReader,Version: 0.9.7.0, File size: 800.01K ,Date added: August 04  2006,Price: Free ,Operating system: Windows NT/98/2000/XP,Total downloads: 24 828,Downloads last week: 1
http://download.cnet.com/windows/internet-software/?tag=rb_content;main,internet-software,http://download.cnet.com/windows/blogging-software-and-tools/,Blogging Software & Tools,http://download.cnet.com/PG-Offline/3000-2184_4-10219234.html,PG Offline,Version: 3.0.84, File size: 14.65MB ,Date added: May 25  2010,Price: Free to try; $24.95 to buy ,Operating system: Windows NT/98/2000/XP/2003,Total downloads: 6 189,Downloads last week: 1
http://download.cnet.com/windows/internet-software/?tag=rb_content;main,internet-software,http://download.cnet.com/windows/blogging-software-and-tools/,Blogging Software & Tools,http://download.cnet.com/ZeroCMS/3000-2184_4-76115170.html,ZeroCMS,Version: 1.0, File size: 18.27K ,Date added: March 25  2014,Price: Free ,Operating system: Windows XP/2003/Vista/Server 2008/7/8,Total downloads: Unavailable,Downloads last week: Unavailable
http://download.cnet.com/windows/internet-software/?tag=rb_content;main,internet-software,http://download.cnet.com/windows/blogging-software-and-tools/,Blogging Software & Tools,http://download.cnet.com/Twitter-Pro/3000-2184_4-76085007.html,Twitter Pro,Version: 1.0, File size: 65.5K ,Date added: January 20  2014,Price: Free ,Operating system: Windows 7,Total downloads: 13,Downloads last week: 1
http://download.cnet.com/windows/internet-software/?tag=rb_content;main,internet-software,http://download.cnet.com/windows/blogging-software-and-tools/,Blogging Software & Tools,http://download.cnet.com/Free-Agent/3000-2184_4-30005.html,Free Agent,Version: 4.2 Build 1118, File size: 9.35MB ,Date added: June 06  2007,Price: Purchase; $29.00 to buy ,Operating system: Windows 95/NT/98/2000/XP/2003/Vista,Total downloads: 2 796,Downloads last week: 1
http://download.cnet.com/windows/internet-software/?tag=rb_content;main,internet-software,http://download.cnet.com/windows/blogging-software-and-tools/,Blogging Software & Tools,http://download.cnet.com/Zoundry-Raven/3000-2184_4-75325332.html,Zoundry Raven,Version: 1.0.975, File size: 10.39MB ,Date added: November 10  2010,Price: Free ,Operating system: Windows NT/98/Me/2000/XP/2003/Vista/7,Total downloads: 593,Downloads last week: 1
http://download.cnet.com/windows/internet-software/?tag=rb_content;main,internet-software,http://download.cnet.com/windows/blogging-software-and-tools/,Blogging Software & Tools,http://download.cnet.com/WP-FullCalendar/3000-2184_4-75761753.html,WP FullCalendar,Version: 0.7, File size: 916.5K ,Date added: September 03  2012,Price: Free ,Operating system: Windows XP/Vista/7,Total downloads: 42,Downloads last week: 1
http://download.cnet.com/windows/internet-software/?tag=rb_content;main,internet-software,http://download.cnet.com/windows/blogging-software-and-tools/,Blogging Software & Tools,http://download.cnet.com/ImageShack-Uploader-for-WordPress/3000-2184_4-75732859.html,ImageShack Uploader for WordPress,Version: 1.2, File size: 42.93K ,Date added: October 10  2010,Price: Free ,Operating system: Windows 2000/XP/Vista/7,Total downloads: 34,Downloads last week: 1
