http://download.cnet.com/windows/utilities-and-operating-systems/?tag=rb_content;main,utilities-and-operating-systems,http://download.cnet.com/windows/maintenance-and-optimization/,Maintenance & Optimization,http://download.cnet.com/AOMEI-Partition-Assistant-Standard-Edition/3000-2018_4-75118871.html,AOMEI Partition Assistant Standard Edition,Version: 5.5, File size: 7.66MB ,Date added: December 03  2013,Price: Free ,Operating system: Windows 2000/XP/Vista/7/8/8.1,Total downloads: 1 336 671,Downloads last week: 16 593
http://download.cnet.com/windows/utilities-and-operating-systems/?tag=rb_content;main,utilities-and-operating-systems,http://download.cnet.com/windows/maintenance-and-optimization/,Maintenance & Optimization,http://dw.cbsi.com/redir?edId=3&pid=13486944&mfgId=6279491&merId=6279491&ltype=dl_elite_gen&lop=linktitle&oId=3150-18512_4-0&ontId=18512_4&ttag=lst-5&destUrl=http%3A%2F%2Fdownload.cnet.com%2FSpeedZooka%2F3000-2018_4-76047568.html&oid=3150-18512_4-0&siteId=4&pguid=41a7fb9a50fa103239c6a019,SpeedZooka,Version: 4.55.14, File size: 6.73MB ,Date added: December 11  2013,Price: Free ,Operating system: Windows XP/Vista/7/8,Total downloads: 2 286,Downloads last week: 109
http://download.cnet.com/windows/utilities-and-operating-systems/?tag=rb_content;main,utilities-and-operating-systems,http://download.cnet.com/windows/maintenance-and-optimization/,Maintenance & Optimization,http://download.cnet.com/SlimCleaner-Free/3000-2018_4-75279939.html,SlimCleaner Free,Version: 4.0.30878, File size: 782.31K ,Date added: July 10  2013,Price: Free ,Operating system: Windows XP/Vista/7/8,Total downloads: 2 134 501,Downloads last week: 12 211
http://download.cnet.com/windows/utilities-and-operating-systems/?tag=rb_content;main,utilities-and-operating-systems,http://download.cnet.com/windows/maintenance-and-optimization/,Maintenance & Optimization,http://dw.cbsi.com/redir?edId=3&pid=13603606&mfgId=10309155&merId=10309155&ltype=dl_elite_gen&lop=linktitle&oId=3150-18512_4-0&ontId=18512_4&ttag=lst-4&destUrl=http%3A%2F%2Fdownload.cnet.com%2FFastFix-Pro%2F3000-2018_4-75984998.html&oid=3150-18512_4-0&siteId=4&pguid=41a7fb9a50fa103239c6a019,FastFix Pro,Version: 2.4.7, File size: 5.54MB ,Date added: February 27  2014,Price: Free to try (Scan only); $29.97 to buy (Buy it now) ,Operating system: Windows 98/Me/2000/XP/2003/Vista/Server 2008/7/8,Total downloads: 428,Downloads last week: 76
http://download.cnet.com/windows/utilities-and-operating-systems/?tag=rb_content;main,utilities-and-operating-systems,http://download.cnet.com/windows/maintenance-and-optimization/,Maintenance & Optimization,http://download.cnet.com/CCleaner/3000-2018_4-10315544.html,CCleaner,Version: 4.11.4619, File size: 4.54MB ,Date added: February 26  2014,Price: Free ,Operating system: Windows XP/Vista/7/8,Total downloads: 78 614 931,Downloads last week: 396 363
http://download.cnet.com/windows/utilities-and-operating-systems/?tag=rb_content;main,utilities-and-operating-systems,http://download.cnet.com/windows/maintenance-and-optimization/,Maintenance & Optimization,http://download.cnet.com/Razer-Game-Booster/3000-2018_4-10913645.html,Razer Game Booster,Version: 4.2.45.0, File size: 40.01MB ,Date added: March 11  2014,Price: Free ,Operating system: Windows Vista/7/8,Total downloads: 1 920 149,Downloads last week: 5 098
http://download.cnet.com/windows/utilities-and-operating-systems/?tag=rb_content;main,utilities-and-operating-systems,http://download.cnet.com/windows/maintenance-and-optimization/,Maintenance & Optimization,http://download.cnet.com/JetClean/3000-2018_4-75627788.html,JetClean,Version: 1.5, File size: 4.77MB ,Date added: May 27  2013,Price: Free ,Operating system: Windows XP/Vista/7/8,Total downloads: 189 319,Downloads last week: 1 289
http://download.cnet.com/windows/utilities-and-operating-systems/?tag=rb_content;main,utilities-and-operating-systems,http://download.cnet.com/windows/maintenance-and-optimization/,Maintenance & Optimization,http://download.cnet.com/Registry-Recycler/3000-2018_4-75843806.html,Registry Recycler,Version: 0.9.2.7, File size: 1.23MB ,Date added: January 17  2014,Price: Free ,Operating system: Windows XP/2003/Vista/Server 2008/7/8,Total downloads: 31 291,Downloads last week: 1 291
http://download.cnet.com/windows/utilities-and-operating-systems/?tag=rb_content;main,utilities-and-operating-systems,http://download.cnet.com/windows/maintenance-and-optimization/,Maintenance & Optimization,http://download.cnet.com/Should-I-Remove-It/3000-2018_4-75834044.html,Should I Remove It,Version: 1.0.4.27527, File size: 2.08MB ,Date added: December 01  2013,Price: Free ,Operating system: Windows NT/98/2000/XP/2003/Vista/Server 2008/7/8,Total downloads: 74 088,Downloads last week: 1 276
http://download.cnet.com/windows/utilities-and-operating-systems/?tag=rb_content;main,utilities-and-operating-systems,http://download.cnet.com/windows/maintenance-and-optimization/,Maintenance & Optimization,http://download.cnet.com/System-Mechanic-Free/3000-2018_4-10030183.html,System Mechanic Free,Version: 12.5.0.79, File size: 34.28MB ,Date added: January 19  2014,Price: Free; paid upgrade available ,Operating system: Windows XP/2003/Vista/7/8,Total downloads: 2 774 561,Downloads last week: 1 640
http://download.cnet.com/windows/utilities-and-operating-systems/?tag=rb_content;main,utilities-and-operating-systems,http://download.cnet.com/windows/maintenance-and-optimization/,Maintenance & Optimization,http://download.cnet.com/TuneUp-Utilities-2014/3000-2018_4-10206416.html,TuneUp Utilities 2014,Version: 14.0.1000.221, File size: 52.79MB ,Date added: January 23  2014,Price: Free to try (15-day trial); $29.95 to buy (Buy it now) ,Operating system: Windows XP/Vista/7/8,Total downloads: 4 923 000,Downloads last week: 2 829
http://download.cnet.com/windows/utilities-and-operating-systems/?tag=rb_content;main,utilities-and-operating-systems,http://download.cnet.com/windows/maintenance-and-optimization/,Maintenance & Optimization,http://download.cnet.com/Wise-Memory-Optimizer/3000-2018_4-75786613.html,Wise Memory Optimizer,Version: 3.24, File size: 801.39K ,Date added: October 29  2013,Price: Free ,Operating system: Windows XP/Vista/7/8,Total downloads: 256 810,Downloads last week: 2 312
http://download.cnet.com/windows/utilities-and-operating-systems/?tag=rb_content;main,utilities-and-operating-systems,http://download.cnet.com/windows/maintenance-and-optimization/,Maintenance & Optimization,http://download.cnet.com/Baidu-PC-Faster/3000-2018_4-75908802.html,Baidu PC Faster,Version: 3.7.1, File size: 1.42MB ,Date added: March 21  2014,Price: Free ,Operating system: Windows XP/Vista/7/8,Total downloads: 44 801,Downloads last week: 1 751
http://download.cnet.com/windows/utilities-and-operating-systems/?tag=rb_content;main,utilities-and-operating-systems,http://download.cnet.com/windows/maintenance-and-optimization/,Maintenance & Optimization,http://download.cnet.com/AOMEI-Partition-Assistant-Lite-Edition/3000-2018_4-75629288.html,AOMEI Partition Assistant Lite Edition,Version: 5.5, File size: 5.88MB ,Date added: December 10  2013,Price: Free ,Operating system: Windows 2000/XP/2003/Vista/Server 2008/7/8,Total downloads: 78 377,Downloads last week: 1 123
http://download.cnet.com/windows/utilities-and-operating-systems/?tag=rb_content;main,utilities-and-operating-systems,http://download.cnet.com/windows/maintenance-and-optimization/,Maintenance & Optimization,http://download.cnet.com/WinUtilities-Free-Edition/3000-2018_4-75021441.html,WinUtilities Free Edition,Version: 11.0, File size: 6.07MB ,Date added: December 20  2013,Price: Free ,Operating system: Windows 2000/XP/2003/Vista/Server 2008/7/8,Total downloads: 1 849 171,Downloads last week: 971
http://download.cnet.com/windows/utilities-and-operating-systems/?tag=rb_content;main,utilities-and-operating-systems,http://download.cnet.com/windows/maintenance-and-optimization/,Maintenance & Optimization,http://download.cnet.com/TechieBot/3000-2018_4-75745546.html,TechieBot,Version: 1.4.684.37, File size: 486.03K ,Date added: January 28  2014,Price: Free ,Operating system: Windows XP/Vista/7/8,Total downloads: 24 991,Downloads last week: 945
http://download.cnet.com/windows/utilities-and-operating-systems/?tag=rb_content;main,utilities-and-operating-systems,http://download.cnet.com/windows/maintenance-and-optimization/,Maintenance & Optimization,http://download.cnet.com/AVG-PC-TuneUp/3000-2018_4-75449095.html,AVG PC TuneUp,Version: 14.0.1001.295, File size: 74.72MB ,Date added: January 23  2014,Price: Free to try; annual subscription (15-day trial); $39.99 to buy (Buy it now) ,Operating system: Windows XP/Vista/7/8,Total downloads: 114 918,Downloads last week: 949
http://download.cnet.com/windows/utilities-and-operating-systems/?tag=rb_content;main,utilities-and-operating-systems,http://download.cnet.com/windows/maintenance-and-optimization/,Maintenance & Optimization,http://download.cnet.com/Wise-Registry-Cleaner-Portable/3000-2018_4-75157084.html,Wise Registry Cleaner Portable,Version: 7.94.524, File size: 2.11MB ,Date added: January 26  2014,Price: Free ,Operating system: Windows XP/Vista/7/8,Total downloads: 146 829,Downloads last week: 1 258
http://download.cnet.com/windows/utilities-and-operating-systems/?tag=rb_content;main,utilities-and-operating-systems,http://download.cnet.com/windows/maintenance-and-optimization/,Maintenance & Optimization,http://download.cnet.com/Fix-it-Center/3000-2018_4-75181095.html,Fix it Center,Version: 1.0.100, File size: 439.8K ,Date added: May 30  2012,Price: Free ,Operating system: Windows XP/Vista/Server 2008/7/XP SP3,Total downloads: 96 262,Downloads last week: 988
http://download.cnet.com/windows/utilities-and-operating-systems/?tag=rb_content;main,utilities-and-operating-systems,http://download.cnet.com/windows/maintenance-and-optimization/,Maintenance & Optimization,http://download.cnet.com/Anvi-Browser-Repair-Tool/3000-2018_4-75835298.html,Anvi Browser Repair Tool,Version: 1.0.39.1, File size: 360.26K ,Date added: April 29  2013,Price: Free ,Operating system: Windows XP/Vista/7,Total downloads: 84 746,Downloads last week: 1 093
http://download.cnet.com/windows/utilities-and-operating-systems/?tag=rb_content;main,utilities-and-operating-systems,http://download.cnet.com/windows/maintenance-and-optimization/,Maintenance & Optimization,http://download.cnet.com/Free-PC-Cleaner/3000-2018_4-75980497.html,Free PC Cleaner,Version: 1.2, File size: 731.66K ,Date added: October 09  2013,Price: Free ,Operating system: Windows XP/2003/Vista/7/8,Total downloads: 132 511,Downloads last week: 1 207
http://download.cnet.com/windows/utilities-and-operating-systems/?tag=rb_content;main,utilities-and-operating-systems,http://download.cnet.com/windows/maintenance-and-optimization/,Maintenance & Optimization,http://download.cnet.com/CCleaner-Portable/3000-2018_4-75182000.html,CCleaner Portable,Version: 4.11.4619, File size: 4.73MB ,Date added: February 26  2014,Price: Free ,Operating system: Windows XP/Vista/7/8,Total downloads: 453 153,Downloads last week: 1 252
http://download.cnet.com/windows/utilities-and-operating-systems/?tag=rb_content;main,utilities-and-operating-systems,http://download.cnet.com/windows/maintenance-and-optimization/,Maintenance & Optimization,http://download.cnet.com/SpeedUpMyPC-2014/3000-2018_4-10602643.html,SpeedUpMyPC 2014,Version: 6.0.3.0, File size: 1.24MB ,Date added: March 18  2014,Price: Free to try (Fixes 15 errors); $29.99 to buy (Buy it now) ,Operating system: Windows XP/Vista/7/8,Total downloads: 240 842,Downloads last week: 959
http://download.cnet.com/windows/utilities-and-operating-systems/?tag=rb_content;main,utilities-and-operating-systems,http://download.cnet.com/windows/maintenance-and-optimization/,Maintenance & Optimization,http://download.cnet.com/ATF-Cleaner/3000-2018_4-89432.html,ATF Cleaner,Version: 3.0.0.2, File size: 49.5K ,Date added: February 17  2008,Price: Free ,Operating system: Windows NT/98/2000/XP/2003,Total downloads: 413 106,Downloads last week: 726
http://download.cnet.com/windows/utilities-and-operating-systems/?tag=rb_content;main,utilities-and-operating-systems,http://download.cnet.com/windows/maintenance-and-optimization/,Maintenance & Optimization,http://download.cnet.com/DLL-Files-Fixer/3000-2018_4-76020636.html,DLL-Files Fixer,Version: 3.1.81.2877, File size: 5.09MB ,Date added: March 17  2014,Price: Free to try (Limited number of errors to fix); $29.95 to buy (Buy it now) ,Operating system: Windows XP/2003/Vista/Server 2008/7/8,Total downloads: 12 713,Downloads last week: 668
http://download.cnet.com/windows/utilities-and-operating-systems/?tag=rb_content;main,utilities-and-operating-systems,http://download.cnet.com/windows/maintenance-and-optimization/,Maintenance & Optimization,http://download.cnet.com/HDD-Regenerator/3000-2018_4-75852528.html,HDD Regenerator,Version: 1.0, File size: 8.01MB ,Date added: January 21  2014,Price: Free to try ,Operating system: Windows XP/Vista/7,Total downloads: 14 009,Downloads last week: 495
http://download.cnet.com/windows/utilities-and-operating-systems/?tag=rb_content;main,utilities-and-operating-systems,http://download.cnet.com/windows/maintenance-and-optimization/,Maintenance & Optimization,http://download.cnet.com/System-Ninja/3000-2018_4-75212387.html,System Ninja,Version: 2.4.3, File size: 2.31MB ,Date added: July 12  2013,Price: Free ,Operating system: Windows XP/Vista/7/8,Total downloads: 58 898,Downloads last week: 659
http://download.cnet.com/windows/utilities-and-operating-systems/?tag=rb_content;main,utilities-and-operating-systems,http://download.cnet.com/windows/maintenance-and-optimization/,Maintenance & Optimization,http://download.cnet.com/TweakNow-RegCleaner/3000-2018_4-10262639.html,TweakNow RegCleaner,Version: 7.3.1, File size: 6.89MB ,Date added: December 03  2013,Price: Free ,Operating system: Windows XP/Vista/7/8,Total downloads: 2 650 308,Downloads last week: 577
http://download.cnet.com/windows/utilities-and-operating-systems/?tag=rb_content;main,utilities-and-operating-systems,http://download.cnet.com/windows/maintenance-and-optimization/,Maintenance & Optimization,http://download.cnet.com/SpaceSniffer/3000-2018_4-10913555.html,SpaceSniffer,Version: 1.1.4, File size: 1.47MB ,Date added: February 07  2012,Price: Free ,Operating system: Windows 2000/XP/Vista/7,Total downloads: 76 044,Downloads last week: 598
http://download.cnet.com/windows/utilities-and-operating-systems/?tag=rb_content;main,utilities-and-operating-systems,http://download.cnet.com/windows/maintenance-and-optimization/,Maintenance & Optimization,http://download.cnet.com/CCEnhancer/3000-2018_4-75212385.html,CCEnhancer,Version: 3.8, File size: 269K ,Date added: August 26  2013,Price: Free ,Operating system: Windows XP/Vista/7/8,Total downloads: 246 304,Downloads last week: 473
