http://download.cnet.com/windows/desktop-enhancements/,desktop-enhancements,http://download.cnet.com/windows/icon-tools/,Icon Tools,http://download.cnet.com/IconPackager/3000-18486_4-10031210.html,IconPackager,Version: 5.10, File size: 79.47MB ,Date added: November 10  2010,Price: Free to try (30-day trial); $9.95 to buy ,Operating system: Windows XP/2003/Vista/Server 2008/7,Total downloads: 4 524 429,Downloads last week: 1 472
http://download.cnet.com/windows/desktop-enhancements/,desktop-enhancements,http://download.cnet.com/windows/icon-tools/,Icon Tools,http://download.cnet.com/IconTweaker/3000-18486_4-10483132.html,IconTweaker,Version: 1.1, File size: 2.92MB ,Date added: January 11  2006,Price: Free ,Operating system: Windows 95/98/Me/2000/XP,Total downloads: 133 379,Downloads last week: 210
http://download.cnet.com/windows/desktop-enhancements/,desktop-enhancements,http://download.cnet.com/windows/icon-tools/,Icon Tools,http://download.cnet.com/Axialis-IconWorkshop/3000-18486_4-10124592.html,Axialis IconWorkshop,Version: 6.80, File size: 36.49MB ,Date added: September 26  2012,Price: Free to try (30-day trial); $69.95 to buy (Buy it now) ,Operating system: Windows XP/Vista/7/8,Total downloads: 559 169,Downloads last week: 260
http://download.cnet.com/windows/desktop-enhancements/,desktop-enhancements,http://download.cnet.com/windows/icon-tools/,Icon Tools,http://download.cnet.com/Image-Icon-Converter/3000-18486_4-10262097.html,Image Icon Converter,Version: 1.3, File size: 1 017.83K ,Date added: February 17  2004,Price: Free to try (30-use trial); $19.95 to buy ,Operating system: Windows 95/NT/98/Me/2000/XP,Total downloads: 215 291,Downloads last week: 316
http://download.cnet.com/windows/desktop-enhancements/,desktop-enhancements,http://download.cnet.com/windows/icon-tools/,Icon Tools,http://download.cnet.com/IconDeveloper/3000-18486_4-76116.html,IconDeveloper,Version: 2.13, File size: 2.97MB ,Date added: October 09  2012,Price: Free to try (30-day trial); $9.95 to buy ,Operating system: Windows NT/98/2000/XP/7/8,Total downloads: 134 418,Downloads last week: 103
http://download.cnet.com/windows/desktop-enhancements/,desktop-enhancements,http://download.cnet.com/windows/icon-tools/,Icon Tools,http://download.cnet.com/IconChanger/3000-18486_4-10203774.html,IconChanger,Version: 3.8, File size: 1.11MB ,Date added: March 03  2008,Price: Free to try (3-icon change trial); $19.95 to buy ,Operating system: Windows 98/Me/2000/XP,Total downloads: 61 903,Downloads last week: 178
http://download.cnet.com/windows/desktop-enhancements/,desktop-enhancements,http://download.cnet.com/windows/icon-tools/,Icon Tools,http://download.cnet.com/Ico-Converter/3000-18486_4-75617429.html,Ico Converter,Version: 1.4, File size: 2.51MB ,Date added: July 02  2013,Price: Free ,Operating system: Windows XP/2003/Vista/7/8,Total downloads: 39 282,Downloads last week: 596
http://download.cnet.com/windows/desktop-enhancements/,desktop-enhancements,http://download.cnet.com/windows/icon-tools/,Icon Tools,http://download.cnet.com/IconCool-Editor/3000-18486_4-10059637.html,IconCool Editor,Version: 6.31.131025, File size: 11.8MB ,Date added: February 19  2014,Price: Free ,Operating system: Windows NT/98/Me/2000/XP/2003/Vista/Server 2008/7/8,Total downloads: 389 687,Downloads last week: 199
http://download.cnet.com/windows/desktop-enhancements/,desktop-enhancements,http://download.cnet.com/windows/icon-tools/,Icon Tools,http://download.cnet.com/Folder-Icon-Changer/3000-18486_4-10133934.html,Folder Icon Changer,Version: 5.1, File size: 944.08K ,Date added: January 15  2007,Price: Free ,Operating system: Windows 95/NT/98/Me/2000/XP/Vista,Total downloads: 58 879,Downloads last week: 133
http://download.cnet.com/windows/desktop-enhancements/,desktop-enhancements,http://download.cnet.com/windows/icon-tools/,Icon Tools,http://download.cnet.com/Icon-Maker/3000-18486_4-75574835.html,Icon Maker,Version: 1.0, File size: 2.78MB ,Date added: September 22  2011,Price: Free to try (5-day trial); $19.95 to buy (Buy it now) ,Operating system: Windows NT/98/Me/2000/XP/2003/Vista/Server 2008/7,Total downloads: 4 575,Downloads last week: 181
http://download.cnet.com/windows/desktop-enhancements/,desktop-enhancements,http://download.cnet.com/windows/icon-tools/,Icon Tools,http://download.cnet.com/ABBIcon-Pro/3000-18486_4-10226859.html,ABBIcon Pro,Version: 5 build 2005.10.18, File size: 5.13MB ,Date added: January 12  2006,Price: Free to try (30-day trial); $29.95 to buy ,Operating system: Windows 98/Me/2000/XP,Total downloads: 7 003,Downloads last week: 92
http://download.cnet.com/windows/desktop-enhancements/,desktop-enhancements,http://download.cnet.com/windows/icon-tools/,Icon Tools,http://download.cnet.com/Free-Ico-Converter/3000-18486_4-75790142.html,Free Ico Converter,Version: 1.3, File size: 2.51MB ,Date added: October 09  2012,Price: Free ,Operating system: Windows 2000/XP/2003/Vista/Server 2008/7/8,Total downloads: 3 655,Downloads last week: 72
http://download.cnet.com/windows/desktop-enhancements/,desktop-enhancements,http://download.cnet.com/windows/icon-tools/,Icon Tools,http://download.cnet.com/Rainbow-Folders/3000-18486_4-10664272.html,Rainbow Folders,Version: 1.02, File size: 331.26K ,Date added: April 18  2007,Price: Free ,Operating system: Windows 98/Me/2000/XP/Vista,Total downloads: 25 146,Downloads last week: 100
http://download.cnet.com/windows/desktop-enhancements/,desktop-enhancements,http://download.cnet.com/windows/icon-tools/,Icon Tools,http://download.cnet.com/Image-2-Icon-Converter/3000-18486_4-10962405.html,Image 2 Icon Converter,Version: 3.2, File size: 951.02K ,Date added: February 16  2012,Price: Free ,Operating system: Windows NT/98/Me/2000/XP/2003/Vista/7,Total downloads: 4 778,Downloads last week: 48
http://download.cnet.com/windows/desktop-enhancements/,desktop-enhancements,http://download.cnet.com/windows/icon-tools/,Icon Tools,http://download.cnet.com/Icon-Scanner/3000-18486_4-10547659.html,Icon Scanner,Version: 2.1.1.5, File size: 2.37MB ,Date added: December 15  2006,Price: Free to try (14-day trial); $19.95 to buy (Buy it now) ,Operating system: Windows 2000/XP,Total downloads: 8 107,Downloads last week: 94
http://download.cnet.com/windows/desktop-enhancements/,desktop-enhancements,http://download.cnet.com/windows/icon-tools/,Icon Tools,http://download.cnet.com/Any-to-Icon/3000-18486_4-10057964.html,Any to Icon,Version: 3.52, File size: 5.73MB ,Date added: October 18  2013,Price: Free to try (30-use trial); $24.95 to buy (Buy it now) ,Operating system: Windows NT/98/Me/2000/XP/2003/Vista/Server 2008/7/8,Total downloads: 101 407,Downloads last week: 44
http://download.cnet.com/windows/desktop-enhancements/,desktop-enhancements,http://download.cnet.com/windows/icon-tools/,Icon Tools,http://download.cnet.com/PNG-To-Icon-Converter/3000-18486_4-75454150.html,PNG To Icon Converter,Version: 2.0.0.3, File size: 1.09MB ,Date added: July 19  2011,Price: Free to try (50-file limit); $9.00 to buy (Buy it now) ,Operating system: Windows XP/Vista/7,Total downloads: 7 684,Downloads last week: 39
http://download.cnet.com/windows/desktop-enhancements/,desktop-enhancements,http://download.cnet.com/windows/icon-tools/,Icon Tools,http://download.cnet.com/Change-Folder-Icons/3000-18486_4-10061321.html,Change Folder Icons,Version: 8.7, File size: 2.51MB ,Date added: May 02  2012,Price: Free to try (Nag screens  limited functionality); $19.95 to buy (Buy it now) ,Operating system: Windows NT/98/Me/2000/XP/Vista/7,Total downloads: 65 947,Downloads last week: 38
http://download.cnet.com/windows/desktop-enhancements/,desktop-enhancements,http://download.cnet.com/windows/icon-tools/,Icon Tools,http://download.cnet.com/IcoFX/3000-18486_4-10515364.html,IcoFX,Version: 2.5, File size: 7MB ,Date added: June 04  2013,Price: Free to try; $29.99 to buy ,Operating system: Windows XP/Vista/7/8,Total downloads: 64 695,Downloads last week: 86
http://download.cnet.com/windows/desktop-enhancements/,desktop-enhancements,http://download.cnet.com/windows/icon-tools/,Icon Tools,http://download.cnet.com/Windows-XP-Icons-Manager/3000-18486_4-10966907.html,Windows XP Icons Manager,Version: 2.0, File size: 418.39K ,Date added: August 27  2009,Price: Free ,Operating system: Windows NT/98/Me/2000/XP/2003/Vista/Server 2008/7,Total downloads: 10 779,Downloads last week: 48
http://download.cnet.com/windows/desktop-enhancements/,desktop-enhancements,http://download.cnet.com/windows/icon-tools/,Icon Tools,http://download.cnet.com/StandaloneStack/3000-18486_4-10921510.html,StandaloneStack,Version: 2.0.7, File size: 3.92MB ,Date added: November 25  2009,Price: Free ,Operating system: Windows XP/Vista/7,Total downloads: 11 610,Downloads last week: 30
http://download.cnet.com/windows/desktop-enhancements/,desktop-enhancements,http://download.cnet.com/windows/icon-tools/,Icon Tools,http://download.cnet.com/Microangelo-Toolset/3000-18486_4-10001673.html,Microangelo Toolset,Version: 6.10.0071, File size: 11.16MB ,Date added: November 28  2010,Price: Free to try (21-day trial); $79.95 to buy ,Operating system: Windows 98/Me/2000/XP/Vista,Total downloads: 2 805 556,Downloads last week: 29
http://download.cnet.com/windows/desktop-enhancements/,desktop-enhancements,http://download.cnet.com/windows/icon-tools/,Icon Tools,http://download.cnet.com/E-Icons/3000-18486_4-10026395.html,E-Icons,Version: 4.15, File size: 2.51MB ,Date added: June 05  2002,Price: Free to try (Nag screen); $19.00 to buy ,Operating system: Windows 95/NT/98/Me/2000/XP,Total downloads: 104 262,Downloads last week: 27
http://download.cnet.com/windows/desktop-enhancements/,desktop-enhancements,http://download.cnet.com/windows/icon-tools/,Icon Tools,http://download.cnet.com/AWicons-Editor-Pro/3000-18486_4-10207587.html,AWicons Editor Pro,Version: 9.2, File size: 2.26MB ,Date added: January 23  2004,Price: Free to try (45-day trial); $39.95 to buy ,Operating system: Windows 95/NT/98/Me/2000/XP,Total downloads: 17 619,Downloads last week: 27
http://download.cnet.com/windows/desktop-enhancements/,desktop-enhancements,http://download.cnet.com/windows/icon-tools/,Icon Tools,http://download.cnet.com/Icon-Sushi/3000-18486_4-10547564.html,Icon Sushi,Version: 1.21, File size: 492.88K ,Date added: June 09  2006,Price: Free ,Operating system: Windows 95/NT/98/Me/2000/XP,Total downloads: 142 113,Downloads last week: 35
http://download.cnet.com/windows/desktop-enhancements/,desktop-enhancements,http://download.cnet.com/windows/icon-tools/,Icon Tools,http://download.cnet.com/Misty-Iconverter/3000-18486_4-76019019.html,Misty Iconverter,Version: 2.0, File size: 220.95K ,Date added: March 20  2014,Price: Free ,Operating system: Windows XP/2003/Vista/Server 2008/7/8,Total downloads: 1 157,Downloads last week: 33
http://download.cnet.com/windows/desktop-enhancements/,desktop-enhancements,http://download.cnet.com/windows/icon-tools/,Icon Tools,http://download.cnet.com/FolderHighlight/3000-18486_4-10512304.html,FolderHighlight,Version: 2.4, File size: 1.56MB ,Date added: February 08  2010,Price: Free to try (30-day trial); $5.95 to buy ,Operating system: Windows 2000/XP/2003/Vista/7,Total downloads: 10 061,Downloads last week: 28
http://download.cnet.com/windows/desktop-enhancements/,desktop-enhancements,http://download.cnet.com/windows/icon-tools/,Icon Tools,http://download.cnet.com/IcoFX-Portable/3000-18486_4-10972597.html,IcoFX Portable,Version: 1.6.4, File size: 1.56MB ,Date added: October 23  2009,Price: Free ,Operating system: Windows NT/98/Me/2000/XP/Vista/7,Total downloads: 6 845,Downloads last week: 32
http://download.cnet.com/windows/desktop-enhancements/,desktop-enhancements,http://download.cnet.com/windows/icon-tools/,Icon Tools,http://download.cnet.com/Icons8-App/3000-18486_4-76097940.html,Icons8 App,Version: 1.0.2, File size: 52.31MB ,Date added: March 12  2014,Price: Free ,Operating system: Windows 7/8,Total downloads: 410,Downloads last week: 30
http://download.cnet.com/windows/desktop-enhancements/,desktop-enhancements,http://download.cnet.com/windows/icon-tools/,Icon Tools,http://download.cnet.com/Folder-Style/3000-18486_4-10067207.html,Folder Style,Version: 1.4.66, File size: 574.22K ,Date added: June 23  2005,Price: Free to try (14-day trial); $19.98 to buy ,Operating system: Windows 95/98/Me/2000/XP,Total downloads: 52 845,Downloads last week: 26
http://download.cnet.com/windows/desktop-enhancements/,desktop-enhancements,http://download.cnet.com/windows/icon-tools/,Icon Tools,http://download.cnet.com/Jpeg-To-Icon-Converter/3000-18486_4-75454152.html,Jpeg To Icon Converter,Version: 2.0.0.3, File size: 1.13MB ,Date added: July 19  2011,Price: Free to try (50-file limit); $9.00 to buy (Buy it now) ,Operating system: Windows XP/Vista/7,Total downloads: 2 066,Downloads last week: 20
http://download.cnet.com/windows/desktop-enhancements/,desktop-enhancements,http://download.cnet.com/windows/icon-tools/,Icon Tools,http://download.cnet.com/XAML-Icon-Studio/3000-18486_4-76114773.html,XAML Icon Studio,Version: 1.0.79, File size: 43.44MB ,Date added: March 21  2014,Price: Free to try (7-day trial); $162.00 to buy (Buy it now) ,Operating system: Windows XP/2003/Vista/Server 2008/7/8,Total downloads: 44,Downloads last week: 21
http://download.cnet.com/windows/desktop-enhancements/,desktop-enhancements,http://download.cnet.com/windows/icon-tools/,Icon Tools,http://download.cnet.com/SimplyIcon/3000-18486_4-75206493.html,SimplyIcon,Version: 1.1, File size: 520.9K ,Date added: June 01  2010,Price: Free ,Operating system: Windows 2000/XP/2003/Vista/7,Total downloads: 8 863,Downloads last week: 25
http://download.cnet.com/windows/desktop-enhancements/,desktop-enhancements,http://download.cnet.com/windows/icon-tools/,Icon Tools,http://download.cnet.com/RealWorld-Icon-Editor/3000-18486_4-10384760.html,RealWorld Icon Editor,Version: 2010.1, File size: 12.29MB ,Date added: August 26  2010,Price: Free to try (30-day trial); $89.00 to buy ,Operating system: Windows 2000/XP/2003/Vista/Server 2008/7,Total downloads: 13 398,Downloads last week: 19
http://download.cnet.com/windows/desktop-enhancements/,desktop-enhancements,http://download.cnet.com/windows/icon-tools/,Icon Tools,http://download.cnet.com/IconsExtract/3000-18486_4-10448765.html,IconsExtract,Version: 1.47, File size: 101.08K ,Date added: September 26  2010,Price: Free ,Operating system: Windows 95/NT/98/Me/2000/XP/2003/Vista,Total downloads: 8 603,Downloads last week: 23
http://download.cnet.com/windows/desktop-enhancements/,desktop-enhancements,http://download.cnet.com/windows/icon-tools/,Icon Tools,http://download.cnet.com/PixelToolbox/3000-18486_4-10104173.html,PixelToolbox,Version: 1.1, File size: 3.58MB ,Date added: June 28  2002,Price: Free ,Operating system: Windows 95/NT/98/Me/2000/XP,Total downloads: 48 860,Downloads last week: 22
http://download.cnet.com/windows/desktop-enhancements/,desktop-enhancements,http://download.cnet.com/windows/icon-tools/,Icon Tools,http://download.cnet.com/Microangelo-On-Display/3000-18486_4-10045733.html,Microangelo On Display,Version: 7.0.3, File size: 12.72MB ,Date added: April 05  2012,Price: Free to try (7-day trial); $24.95 to buy ,Operating system: Windows XP/Vista/7,Total downloads: 74 692,Downloads last week: 18
http://download.cnet.com/windows/desktop-enhancements/,desktop-enhancements,http://download.cnet.com/windows/icon-tools/,Icon Tools,http://download.cnet.com/Free-Icons-Maker/3000-18486_4-75985112.html,Free Icons Maker,Version: 1.0, File size: 162.68K ,Date added: August 28  2013,Price: Free ,Operating system: Windows NT/98/Me/2000/XP/2003/Vista/Server 2008/7/8,Total downloads: 169,Downloads last week: 13
http://download.cnet.com/windows/desktop-enhancements/,desktop-enhancements,http://download.cnet.com/windows/icon-tools/,Icon Tools,http://download.cnet.com/IconEdit2/3000-18486_4-10043447.html,IconEdit2,Version: 6.5, File size: 3.58MB ,Date added: February 03  2014,Price: Free to try (Save-disabled); $29.95 to buy (Buy it now) ,Operating system: Windows 2000/XP/2003/Vista/Server 2008/7/8,Total downloads: 41 664,Downloads last week: 16
http://download.cnet.com/windows/desktop-enhancements/,desktop-enhancements,http://download.cnet.com/windows/icon-tools/,Icon Tools,http://download.cnet.com/Icon-Office/3000-18486_4-75335268.html,Icon Office,Version: 1.0.2, File size: 6.04MB ,Date added: January 19  2011,Price: Free to try (30-day trial); $29.95 to buy (Buy it now) ,Operating system: Windows XP/2003/Vista/Server 2008/7,Total downloads: 162,Downloads last week: 14
http://download.cnet.com/windows/desktop-enhancements/,desktop-enhancements,http://download.cnet.com/windows/icon-tools/,Icon Tools,http://download.cnet.com/ZNsoft-Icon-Maker/3000-18486_4-10499596.html,ZNsoft Icon Maker,Version: 2.3, File size: 2.18MB ,Date added: February 08  2007,Price: Free ,Operating system: Windows 95/NT/98/Me/2000/XP/Vista,Total downloads: 53 367,Downloads last week: 15
http://download.cnet.com/windows/desktop-enhancements/,desktop-enhancements,http://download.cnet.com/windows/icon-tools/,Icon Tools,http://download.cnet.com/Any-To-Icon-Pro/3000-18486_4-10665338.html,Any To Icon Pro,Version: 5.5, File size: 5.18MB ,Date added: March 14  2012,Price: Free to try (30-day trial); $14.97 to buy (Buy it now) ,Operating system: Windows XP/Vista/7/8,Total downloads: 209 825,Downloads last week: 25
http://download.cnet.com/windows/desktop-enhancements/,desktop-enhancements,http://download.cnet.com/windows/icon-tools/,Icon Tools,http://download.cnet.com/7stacks/3000-18486_4-75181923.html,7stacks,Version: 1.5 beta 2, File size: 2.72MB ,Date added: June 27  2011,Price: Free ,Operating system: Windows XP/Vista/7,Total downloads: 12 564,Downloads last week: 25
http://download.cnet.com/windows/desktop-enhancements/,desktop-enhancements,http://download.cnet.com/windows/icon-tools/,Icon Tools,http://download.cnet.com/Paint-Express/3000-18486_4-10302586.html,Paint Express,Version: 1.31, File size: 1.72MB ,Date added: March 06  2007,Price: Free to try (60-use trial); $39.95 to buy ,Operating system: Windows 95/NT/98/Me/2000/XP,Total downloads: 60 883,Downloads last week: 14
http://download.cnet.com/windows/desktop-enhancements/,desktop-enhancements,http://download.cnet.com/windows/icon-tools/,Icon Tools,http://download.cnet.com/Icon-Locator/3000-18486_4-75548139.html,Icon Locator,Version: 3.30, File size: 1.36MB ,Date added: August 24  2011,Price: Free to try (Nag screen  individual icon library items can not be saved); $19.95 to buy (Buy it now) ,Operating system: Windows NT/98/Me/2000/XP/2003/Vista/7,Total downloads: 214,Downloads last week: 15
http://download.cnet.com/windows/desktop-enhancements/,desktop-enhancements,http://download.cnet.com/windows/icon-tools/,Icon Tools,http://download.cnet.com/IconView-Pro/3000-18486_4-10077809.html,IconView Pro,Version: 3.2, File size: 619.08K ,Date added: December 13  2007,Price: Free to try (nag screen); $29.95 to buy ,Operating system: Windows 95/NT/98/Me/2000/XP/Vista,Total downloads: 3 277,Downloads last week: 13
http://download.cnet.com/windows/desktop-enhancements/,desktop-enhancements,http://download.cnet.com/windows/icon-tools/,Icon Tools,http://download.cnet.com/IconCool-Studio-Pro/3000-18486_4-10673296.html,IconCool Studio Pro,Version: 8.20.140222, File size: 20.87MB ,Date added: February 26  2014,Price: Free to try (30-day trial); $39.95 to buy (Buy it now) ,Operating system: Windows XP/Vista/7/8,Total downloads: 6 817,Downloads last week: 13
http://download.cnet.com/windows/desktop-enhancements/,desktop-enhancements,http://download.cnet.com/windows/icon-tools/,Icon Tools,http://download.cnet.com/IconLover/3000-18486_4-10408488.html,IconLover,Version: 5.36b, File size: 11.05MB ,Date added: October 20  2013,Price: Free to try (Nag screen  30-day trial); $39.95 to buy (Buy it now) ,Operating system: Windows NT/98/Me/2000/XP/2003/Vista/Server 2008/7/8,Total downloads: 108 290,Downloads last week: 13
http://download.cnet.com/windows/desktop-enhancements/,desktop-enhancements,http://download.cnet.com/windows/icon-tools/,Icon Tools,http://download.cnet.com/Icons-from-File/3000-18486_4-10566011.html,Icons from File,Version: 5.05, File size: 1.11MB ,Date added: February 11  2014,Price: Free ,Operating system: Windows 98/Me/2000/XP/2003/Vista/Server 2008/7/8,Total downloads: 6 965,Downloads last week: 16
http://download.cnet.com/windows/desktop-enhancements/,desktop-enhancements,http://download.cnet.com/windows/icon-tools/,Icon Tools,http://download.cnet.com/IconView-Pro/3000-18486_4-10077809.html,IconView Pro,Version: 3.2, File size: 619.08K ,Date added: December 13  2007,Price: Free to try (nag screen); $29.95 to buy ,Operating system: Windows 95/NT/98/Me/2000/XP/Vista,Total downloads: 3 277,Downloads last week: 13
http://download.cnet.com/windows/desktop-enhancements/,desktop-enhancements,http://download.cnet.com/windows/icon-tools/,Icon Tools,http://download.cnet.com/FlatIconMaker/3000-18486_4-76113480.html,FlatIconMaker,Version: 1.1.3, File size: 3.45MB ,Date added: March 25  2014,Price: Free to try (Export-disabled); $9.99 to buy (Buy it now) ,Operating system: Windows XP/Vista/7/8,Total downloads: 11,Downloads last week: 11
http://download.cnet.com/windows/desktop-enhancements/,desktop-enhancements,http://download.cnet.com/windows/icon-tools/,Icon Tools,http://download.cnet.com/NextIcon/3000-18486_4-76091387.html,NextIcon,Version: 1.0, File size: 58.29MB ,Date added: February 23  2014,Price: Free ,Operating system: Windows XP/Vista/7/8,Total downloads: 33,Downloads last week: 12
http://download.cnet.com/windows/desktop-enhancements/,desktop-enhancements,http://download.cnet.com/windows/icon-tools/,Icon Tools,http://download.cnet.com/123IconHunter/3000-18486_4-10145672.html,123IconHunter,Version: 1.01, File size: 636.13K ,Date added: August 15  2006,Price: Free ,Operating system: Windows 95/NT/98/Me/2000/XP,Total downloads: 4 815,Downloads last week: 11
http://download.cnet.com/windows/desktop-enhancements/,desktop-enhancements,http://download.cnet.com/windows/icon-tools/,Icon Tools,http://download.cnet.com/PCTuneUp-EXE-Resource-Extractor/3000-18486_4-76105097.html,PCTuneUp EXE Resource Extractor,Version: 4.1.6, File size: 1.21MB ,Date added: March 17  2014,Price: Free ,Operating system: Windows 2000/XP/Vista/7/8,Total downloads: 12,Downloads last week: 11
http://download.cnet.com/windows/desktop-enhancements/,desktop-enhancements,http://download.cnet.com/windows/icon-tools/,Icon Tools,http://download.cnet.com/Easy-PNG-to-Icon-Converter/3000-18486_4-75796576.html,Easy PNG to Icon Converter,Version: 1.1, File size: 697.92K ,Date added: October 10  2013,Price: Free ,Operating system: Windows XP/Vista/7/8,Total downloads: 496,Downloads last week: 13
http://download.cnet.com/windows/desktop-enhancements/,desktop-enhancements,http://download.cnet.com/windows/icon-tools/,Icon Tools,http://download.cnet.com/GetIcon/3000-18486_4-10124294.html,GetIcon,Version: 1.0, File size: 25.5K ,Date added: July 12  2002,Price: Free ,Operating system: Windows 95/NT/98/Me/2000/XP,Total downloads: 67 720,Downloads last week: 12
http://download.cnet.com/windows/desktop-enhancements/,desktop-enhancements,http://download.cnet.com/windows/icon-tools/,Icon Tools,http://download.cnet.com/ActivIcons/3000-18486_4-10032370.html,ActivIcons,Version: 3.37, File size: 2.21MB ,Date added: April 25  2008,Price: Free ,Operating system: Windows 95/NT/98/Me/2000/XP,Total downloads: 77 858,Downloads last week: 12
http://download.cnet.com/windows/desktop-enhancements/,desktop-enhancements,http://download.cnet.com/windows/icon-tools/,Icon Tools,http://download.cnet.com/Folder-iChanger/3000-18486_4-75740030.html,Folder iChanger,Version: 2.1, File size: 5.34MB ,Date added: July 10  2012,Price: Free ,Operating system: Windows XP/2003/Vista/Server 2008/7/8,Total downloads: 2 212,Downloads last week: 12
http://download.cnet.com/windows/desktop-enhancements/,desktop-enhancements,http://download.cnet.com/windows/icon-tools/,Icon Tools,http://download.cnet.com/Free-Icon-Tool/3000-18486_4-75543727.html,Free Icon Tool,Version: 2.1.1, File size: 1.34MB ,Date added: May 10  2013,Price: Free ,Operating system: Windows NT/2000/XP/Vista/7,Total downloads: 1 661,Downloads last week: 11
http://download.cnet.com/windows/desktop-enhancements/,desktop-enhancements,http://download.cnet.com/windows/icon-tools/,Icon Tools,http://download.cnet.com/Folder-Marker-Pro/3000-18486_4-10649809.html,Folder Marker Pro,Version: 4.1, File size: 7.15MB ,Date added: August 07  2013,Price: Free to try (30-day trial); $44.95 to buy ,Operating system: Windows XP/2003/Vista/Server 2008/7/8,Total downloads: 5 436,Downloads last week: 10
http://download.cnet.com/windows/desktop-enhancements/,desktop-enhancements,http://download.cnet.com/windows/icon-tools/,Icon Tools,http://download.cnet.com/Drive-Icon-Changer/3000-18486_4-75861067.html,Drive Icon Changer,Version: 1.0.0, File size: 383.36K ,Date added: February 11  2013,Price: Free ,Operating system: Windows XP/Vista/7,Total downloads: 424,Downloads last week: 6
http://download.cnet.com/windows/desktop-enhancements/,desktop-enhancements,http://download.cnet.com/windows/icon-tools/,Icon Tools,http://download.cnet.com/Easy2Icon/3000-18486_4-75785483.html,Easy2Icon,Version: 1.0.0.1, File size: 285.27K ,Date added: October 02  2012,Price: Free to try (Limited functionality); $30.50 to buy (Buy it now) ,Operating system: Windows NT/98/2000/XP/2003/Vista/Server 2008/7/8,Total downloads: 116,Downloads last week: 5
http://download.cnet.com/windows/desktop-enhancements/,desktop-enhancements,http://download.cnet.com/windows/icon-tools/,Icon Tools,http://download.cnet.com/Enterra-Icon-Keeper-Deluxe/3000-18486_4-10697240.html,Enterra Icon Keeper Deluxe,Version: 1.1.0.2, File size: 597.98K ,Date added: June 25  2007,Price: Free to try; $9.95 to buy ,Operating system: Windows 95/NT/98/Me/2000/XP/Vista,Total downloads: 997,Downloads last week: 6
http://download.cnet.com/windows/desktop-enhancements/,desktop-enhancements,http://download.cnet.com/windows/icon-tools/,Icon Tools,http://download.cnet.com/Personalized-Desktop/3000-18486_4-10972036.html,Personalized Desktop,Version: 1.0, File size: 1.8MB ,Date added: October 15  2009,Price: Purchase; $19.95 to buy (Buy it now) ,Operating system: Windows 2000/XP/2003/Vista/Server 2008/7,Total downloads: 623,Downloads last week: 8
http://download.cnet.com/windows/desktop-enhancements/,desktop-enhancements,http://download.cnet.com/windows/icon-tools/,Icon Tools,http://download.cnet.com/Falco-Icon-Studio/3000-18486_4-75964597.html,Falco Icon Studio,Version: 8.3, File size: 25.42MB ,Date added: July 26  2013,Price: Free ,Operating system: Windows 98/Me/2000/XP/2003/Vista/Server 2008/7/8,Total downloads: 160,Downloads last week: 7
http://download.cnet.com/windows/desktop-enhancements/,desktop-enhancements,http://download.cnet.com/windows/icon-tools/,Icon Tools,http://download.cnet.com/Icomancer/3000-18486_4-75742974.html,Icomancer,Version: 1.3.4.104, File size: 47.11MB ,Date added: September 25  2013,Price: Free ,Operating system: Windows XP/2003/Vista/Server 2008/7/8,Total downloads: 1 246,Downloads last week: 10
http://download.cnet.com/windows/desktop-enhancements/,desktop-enhancements,http://download.cnet.com/windows/icon-tools/,Icon Tools,http://download.cnet.com/Seanau-Icon-Toolkit/3000-18486_4-10963910.html,Seanau Icon Toolkit,Version: 6.0.1, File size: 2.26MB ,Date added: May 27  2013,Price: Free ,Operating system: Windows 2000/XP/Vista/7/8,Total downloads: 401,Downloads last week: 7
http://download.cnet.com/windows/desktop-enhancements/,desktop-enhancements,http://download.cnet.com/windows/icon-tools/,Icon Tools,http://download.cnet.com/Png2icon/3000-18486_4-10911434.html,Png2icon,Version: 1.56, File size: 920.08K ,Date added: August 31  2009,Price: Free to try (Watermark on output); $19.95 to buy ,Operating system: Windows 2000/XP/2003/Vista/Server 2008,Total downloads: 1 508,Downloads last week: 6
http://download.cnet.com/windows/desktop-enhancements/,desktop-enhancements,http://download.cnet.com/windows/icon-tools/,Icon Tools,http://download.cnet.com/Free-ICO-Converter/3000-18486_4-76091673.html,Free ICO Converter,Version: 1.0, File size: 3.55MB ,Date added: February 25  2014,Price: Free ,Operating system: Windows Vista/7/8,Total downloads: 46,Downloads last week: 4
http://download.cnet.com/windows/desktop-enhancements/,desktop-enhancements,http://download.cnet.com/windows/icon-tools/,Icon Tools,http://download.cnet.com/Helpsofts-Icon-Maker/3000-18486_4-75335493.html,Helpsofts Icon Maker,Version: 1.0, File size: 2.78MB ,Date added: January 21  2011,Price: Free to try (Some functions disabled); $19.95 to buy (Buy it now) ,Operating system: Windows NT/98/Me/2000/XP/2003/Vista/Server 2008/7,Total downloads: 136,Downloads last week: 4
http://download.cnet.com/windows/desktop-enhancements/,desktop-enhancements,http://download.cnet.com/windows/icon-tools/,Icon Tools,http://download.cnet.com/Digital-Image-To-Icon-Converter/3000-18486_4-10436538.html,Digital Image To Icon Converter,Version: 3.0, File size: 373.75K ,Date added: August 20  2008,Price: Free to try (15-day trial); $19.00 to buy ,Operating system: Windows NT/98/Me/2000/XP/2003/Vista/Server 2008/7,Total downloads: 21 905,Downloads last week: 4
http://download.cnet.com/windows/desktop-enhancements/,desktop-enhancements,http://download.cnet.com/windows/icon-tools/,Icon Tools,http://download.cnet.com/Icons-for-Windows-Phone-8/3000-18486_4-75755754.html,Icons for Windows Phone 8,Version: 2012.1, File size: 22.94MB ,Date added: August 14  2012,Price: Free to try (10-icons trial); $99.00 to buy (Buy it now) ,Operating system: Windows NT/98/Me/2000/XP/2003/Vista/7,Total downloads: 270,Downloads last week: 4
http://download.cnet.com/windows/desktop-enhancements/,desktop-enhancements,http://download.cnet.com/windows/icon-tools/,Icon Tools,http://download.cnet.com/Saint-Andrew-s-Assembly-Changer/3000-18486_4-75700140.html,Saint Andrew's Assembly Changer,Version: 1.0, File size: 80.02K ,Date added: April 10  2012,Price: Free ,Operating system: Windows 2000/XP/2003/Vista/Server 2008/7/8,Total downloads: 434,Downloads last week: 5
http://download.cnet.com/windows/desktop-enhancements/,desktop-enhancements,http://download.cnet.com/windows/icon-tools/,Icon Tools,http://download.cnet.com/SysTrayX/3000-18486_4-10057969.html,SysTrayX,Version: 3.84.119, File size: 450.24K ,Date added: January 10  2008,Price: Free to try (30-day trial); $29.00 to buy ,Operating system: Windows 95/NT/98/Me/2000/XP,Total downloads: 8 149,Downloads last week: 4
http://download.cnet.com/windows/desktop-enhancements/,desktop-enhancements,http://download.cnet.com/windows/icon-tools/,Icon Tools,http://download.cnet.com/ArtIcons-Pro/3000-18486_4-10279701.html,ArtIcons Pro,Version: 5.43, File size: 6.76MB ,Date added: October 18  2013,Price: Free to try (Nag screen); $39.95 to buy (Buy it now) ,Operating system: Windows NT/98/Me/2000/XP/2003/Vista/Server 2008/7/8,Total downloads: 26 304,Downloads last week: 4
http://download.cnet.com/windows/desktop-enhancements/,desktop-enhancements,http://download.cnet.com/windows/icon-tools/,Icon Tools,http://download.cnet.com/IconMaker/3000-18486_4-10074090.html,IconMaker,Version: 3, File size: 1.49MB ,Date added: September 03  2008,Price: Free to try (Save and export-disabled); $5.00 to buy ,Operating system: Windows NT/98/Me/2000/XP/Vista,Total downloads: 61 613,Downloads last week: 5
http://download.cnet.com/windows/desktop-enhancements/,desktop-enhancements,http://download.cnet.com/windows/icon-tools/,Icon Tools,http://download.cnet.com/FolderIcon-XP/3000-18486_4-10214767.html,FolderIcon XP,Version: 1.02, File size: 1.05MB ,Date added: March 12  2012,Price: Free to try (21-day trial); $13.00 to buy ,Operating system: Windows 98/Me/2000/XP,Total downloads: 31 175,Downloads last week: 5
http://download.cnet.com/windows/desktop-enhancements/,desktop-enhancements,http://download.cnet.com/windows/icon-tools/,Icon Tools,http://download.cnet.com/Icon-Commander/3000-18486_4-75449239.html,Icon Commander,Version: 1.40, File size: 3.13MB ,Date added: November 28  2009,Price: Free to try; $29.95 to buy ,Operating system: Windows 2000/XP/2003/Vista/Server 2008/7,Total downloads: 59,Downloads last week: 3
http://download.cnet.com/windows/desktop-enhancements/,desktop-enhancements,http://download.cnet.com/windows/icon-tools/,Icon Tools,http://download.cnet.com/Icon-To-Bitmap-Converter/3000-18486_4-75454234.html,Icon To Bitmap Converter,Version: 2.0.0.3, File size: 1.09MB ,Date added: July 19  2011,Price: Free to try (50-file limit); $9.00 to buy (Buy it now) ,Operating system: Windows XP/Vista/7,Total downloads: 79,Downloads last week: 3
http://download.cnet.com/windows/desktop-enhancements/,desktop-enhancements,http://download.cnet.com/windows/icon-tools/,Icon Tools,http://download.cnet.com/TeoreX-FolderIco/3000-18486_4-75324224.html,TeoreX FolderIco,Version: 1.0, File size: 2.39MB ,Date added: November 03  2010,Price: Free to try (nag screen); $19.95 to buy (Buy it now) ,Operating system: Windows XP/2003/Vista/Server 2008/7,Total downloads: 428,Downloads last week: 3
http://download.cnet.com/windows/desktop-enhancements/,desktop-enhancements,http://download.cnet.com/windows/icon-tools/,Icon Tools,http://download.cnet.com/GetIcon/3000-18486_4-10395421.html,GetIcon,Version: 1.0.6, File size: 397.12K ,Date added: June 08  2006,Price: Free ,Operating system: Windows 2000/XP,Total downloads: 4 509,Downloads last week: 3
http://download.cnet.com/windows/desktop-enhancements/,desktop-enhancements,http://download.cnet.com/windows/icon-tools/,Icon Tools,http://download.cnet.com/LovelyDesktop/3000-18486_4-75905572.html,LovelyDesktop,Version: 3.0, File size: 716.39K ,Date added: April 17  2013,Price: Free ,Operating system: Windows NT/98/Me/2000/XP/2003/Vista/Server 2008/7/8,Total downloads: 63,Downloads last week: 3
http://download.cnet.com/windows/desktop-enhancements/,desktop-enhancements,http://download.cnet.com/windows/icon-tools/,Icon Tools,http://download.cnet.com/Colored-Folder-Creator/3000-18486_4-10964519.html,Colored Folder Creator,Version: 1.0, File size: 1.62MB ,Date added: July 31  2009,Price: Purchase; $4.95 to buy (Buy it now) ,Operating system: Windows 2000/XP,Total downloads: 861,Downloads last week: 3
http://download.cnet.com/windows/desktop-enhancements/,desktop-enhancements,http://download.cnet.com/windows/icon-tools/,Icon Tools,http://download.cnet.com/Helpsofts-Icon-Maker/3000-18486_4-75335493.html,Helpsofts Icon Maker,Version: 1.0, File size: 2.78MB ,Date added: January 21  2011,Price: Free to try (Some functions disabled); $19.95 to buy (Buy it now) ,Operating system: Windows NT/98/Me/2000/XP/2003/Vista/Server 2008/7,Total downloads: 137,Downloads last week: 4
http://download.cnet.com/windows/desktop-enhancements/,desktop-enhancements,http://download.cnet.com/windows/icon-tools/,Icon Tools,http://download.cnet.com/Icon-Constructor/3000-18486_4-10296612.html,Icon Constructor,Version: 3.0, File size: 4.39MB ,Date added: September 30  2006,Price: Free to try (15-day trial); $29.95 to buy ,Operating system: Windows 95/NT/98/Me/2000/XP,Total downloads: 44 227,Downloads last week: 3
http://download.cnet.com/windows/desktop-enhancements/,desktop-enhancements,http://download.cnet.com/windows/icon-tools/,Icon Tools,http://download.cnet.com/IconCool-Manager/3000-18486_4-10042114.html,IconCool Manager,Version: 6.21.131025, File size: 8.51MB ,Date added: November 07  2013,Price: Free to try (30-day trial); $35.50 to buy (Buy it now) ,Operating system: Windows 2000/XP/Vista/7,Total downloads: 65 136,Downloads last week: 3
http://download.cnet.com/windows/desktop-enhancements/,desktop-enhancements,http://download.cnet.com/windows/icon-tools/,Icon Tools,http://download.cnet.com/Icon-to-Bitmap/3000-18486_4-10878537.html,Icon to Bitmap,Version: 0.2.0.238, File size: 1.89MB ,Date added: June 21  2011,Price: Free to try (5-day trial); $6.00 to buy ,Operating system: Windows NT/98/Me/2000/XP,Total downloads: 518,Downloads last week: 3
http://download.cnet.com/windows/desktop-enhancements/,desktop-enhancements,http://download.cnet.com/windows/icon-tools/,Icon Tools,http://download.cnet.com/GetIcon/3000-18486_4-10395421.html,GetIcon,Version: 1.0.6, File size: 397.12K ,Date added: June 08  2006,Price: Free ,Operating system: Windows 2000/XP,Total downloads: 4 509,Downloads last week: 3
http://download.cnet.com/windows/desktop-enhancements/,desktop-enhancements,http://download.cnet.com/windows/icon-tools/,Icon Tools,http://download.cnet.com/RealWorld-Icon-Editor-Portable/3000-18486_4-75446446.html,RealWorld Icon Editor Portable,Version: 2010.1, File size: 13.45MB ,Date added: July 12  2010,Price: Free to try; $47.00 to buy ,Operating system: Windows 2000/XP/Vista/7,Total downloads: 195,Downloads last week: 3
http://download.cnet.com/windows/desktop-enhancements/,desktop-enhancements,http://download.cnet.com/windows/icon-tools/,Icon Tools,http://download.cnet.com/RealWorld-Icon-Editor-64-Bit/3000-18486_4-75446444.html,RealWorld Icon Editor (64-Bit),Version: 2010.1, File size: 13.63MB ,Date added: July 12  2010,Price: Free to try; $47.00 to buy ,Operating system: Windows 2000/XP/Vista/7,Total downloads: 75,Downloads last week: 2
http://download.cnet.com/windows/desktop-enhancements/,desktop-enhancements,http://download.cnet.com/windows/icon-tools/,Icon Tools,http://download.cnet.com/Bitmap-To-Icon/3000-18486_4-10875921.html,Bitmap To Icon,Version: 0.1.0.419, File size: 1.9MB ,Date added: August 26  2008,Price: Free to try (5-day trial); $6.00 to buy ,Operating system: Windows 95/NT/98/Me/2000/XP,Total downloads: 443,Downloads last week: 3
http://download.cnet.com/windows/desktop-enhancements/,desktop-enhancements,http://download.cnet.com/windows/icon-tools/,Icon Tools,http://download.cnet.com/Metro-Style-Icon-Studio/3000-18486_4-75790106.html,Metro Style Icon Studio,Version: 2013.1, File size: 10.33MB ,Date added: May 22  2013,Price: Free to try (30-day trial); $39.95 to buy (Buy it now) ,Operating system: Windows NT/98/Me/2000/XP/2003/Vista/Server 2008/7/8,Total downloads: 5 712,Downloads last week: 2
http://download.cnet.com/windows/desktop-enhancements/,desktop-enhancements,http://download.cnet.com/windows/icon-tools/,Icon Tools,http://download.cnet.com/Free-Icon-32-Editor/3000-18486_4-10730480.html,Free Icon 32 Editor,Version: 1.9, File size: 1.16MB ,Date added: October 08  2007,Price: Free ,Operating system: Windows 95/NT/98/Me/2000/XP/Vista,Total downloads: 5 810,Downloads last week: 3
http://download.cnet.com/windows/desktop-enhancements/,desktop-enhancements,http://download.cnet.com/windows/icon-tools/,Icon Tools,http://download.cnet.com/Icon2Text/3000-18486_4-75317094.html,Icon2Text,Version: 2.0, File size: 216.36K ,Date added: October 13  2010,Price: Free to try ,Operating system: Windows 95/NT/98/Me/2000/XP,Total downloads: 69,Downloads last week: 1
http://download.cnet.com/windows/desktop-enhancements/,desktop-enhancements,http://download.cnet.com/windows/icon-tools/,Icon Tools,http://download.cnet.com/TeoreX-FolderIco/3000-18486_4-75324224.html,TeoreX FolderIco,Version: 1.0, File size: 2.39MB ,Date added: November 03  2010,Price: Free to try (nag screen); $19.95 to buy (Buy it now) ,Operating system: Windows XP/2003/Vista/Server 2008/7,Total downloads: 428,Downloads last week: 3
http://download.cnet.com/windows/desktop-enhancements/,desktop-enhancements,http://download.cnet.com/windows/icon-tools/,Icon Tools,http://download.cnet.com/Icon-Generator/3000-18486_4-10578424.html,Icon Generator,Version: 1.2.4, File size: 783.63K ,Date added: November 08  2006,Price: Free to try (5-minute trial); $3.50 to buy ,Operating system: Windows NT/98/Me/XP,Total downloads: 9 628,Downloads last week: 2
http://download.cnet.com/windows/desktop-enhancements/,desktop-enhancements,http://download.cnet.com/windows/icon-tools/,Icon Tools,http://download.cnet.com/IconXP/3000-18486_4-54593.html,IconXP,Version: 3.32, File size: 6.33MB ,Date added: October 20  2013,Price: Free to try (30-day trial); $29.95 to buy (Buy it now) ,Operating system: Windows NT/98/Me/2000/XP/2003/Vista/Server 2008/7/8,Total downloads: 1 240,Downloads last week: 2
http://download.cnet.com/windows/desktop-enhancements/,desktop-enhancements,http://download.cnet.com/windows/icon-tools/,Icon Tools,http://download.cnet.com/Icon-To-Jpeg-Converter/3000-18486_4-75454231.html,Icon To Jpeg Converter,Version: 2.0.0.3, File size: 1.13MB ,Date added: July 19  2011,Price: Free to try (50-file limit); $9.00 to buy (Buy it now) ,Operating system: Windows XP/Vista/7,Total downloads: 176,Downloads last week: 2
http://download.cnet.com/windows/desktop-enhancements/,desktop-enhancements,http://download.cnet.com/windows/icon-tools/,Icon Tools,http://download.cnet.com/Sib-Icon-Editor/3000-18486_4-75911671.html,Sib Icon Editor,Version: 5.12, File size: 6.7MB ,Date added: May 02  2013,Price: Update; $29.95 to buy (Buy it now) ,Operating system: Windows 98/2000/XP/2003/Vista/Server 2008/7/8,Total downloads: 91,Downloads last week: 2
http://download.cnet.com/windows/desktop-enhancements/,desktop-enhancements,http://download.cnet.com/windows/icon-tools/,Icon Tools,http://download.cnet.com/veExtract/3000-18486_4-10915535.html,veExtract,Version: 1.0.0.4, File size: 5.27MB ,Date added: May 24  2009,Price: Free ,Operating system: Windows 2000/XP/2003/Vista/Server 2008/7,Total downloads: 589,Downloads last week: 2
http://download.cnet.com/windows/desktop-enhancements/,desktop-enhancements,http://download.cnet.com/windows/icon-tools/,Icon Tools,http://download.cnet.com/BytesX-Favicon-Generator/3000-18486_4-75628418.html,BytesX Favicon Generator,Version: 1.0.0.1112, File size: 1.08MB ,Date added: December 21  2011,Price: Free ,Operating system: Windows 2000/XP/2003/Vista/Server 2008/7,Total downloads: 1 487,Downloads last week: 2
http://download.cnet.com/windows/desktop-enhancements/,desktop-enhancements,http://download.cnet.com/windows/icon-tools/,Icon Tools,http://download.cnet.com/AWicons/3000-18486_4-10065263.html,AWicons,Version: 10.2, File size: 6.06MB ,Date added: July 13  2010,Price: Free to try; $19.95 to buy ,Operating system: Windows 95/NT/98/Me/2000/XP/Vista/7,Total downloads: 27 452,Downloads last week: 2
http://download.cnet.com/windows/desktop-enhancements/,desktop-enhancements,http://download.cnet.com/windows/icon-tools/,Icon Tools,http://download.cnet.com/Icon-Design-Pack/3000-18486_4-75280104.html,Icon Design Pack,Version: 2010, File size: 12.28MB ,Date added: September 02  2010,Price: Free to try (Nag screen  30-day trial); $49.95 to buy (Buy it now) ,Operating system: Windows 2000/XP/2003/Vista/7,Total downloads: 302,Downloads last week: 2
http://download.cnet.com/windows/desktop-enhancements/,desktop-enhancements,http://download.cnet.com/windows/icon-tools/,Icon Tools,http://download.cnet.com/IconLibraryX/3000-18486_4-75628428.html,IconLibraryX,Version: 1.0.0.1108, File size: 2.63MB ,Date added: December 21  2011,Price: Free to try (30-day trial); $29.95 to buy (Buy it now) ,Operating system: Windows 2000/XP/2003/Vista/Server 2008/7,Total downloads: 113,Downloads last week: 2
http://download.cnet.com/windows/desktop-enhancements/,desktop-enhancements,http://download.cnet.com/windows/icon-tools/,Icon Tools,http://download.cnet.com/AWicons/3000-18486_4-10065263.html,AWicons,Version: 10.2, File size: 6.06MB ,Date added: July 13  2010,Price: Free to try; $19.95 to buy ,Operating system: Windows 95/NT/98/Me/2000/XP/Vista/7,Total downloads: 27 452,Downloads last week: 2
http://download.cnet.com/windows/desktop-enhancements/,desktop-enhancements,http://download.cnet.com/windows/icon-tools/,Icon Tools,http://download.cnet.com/Desktop-Tickler/3000-18486_4-10524493.html,Desktop Tickler,Version: 1, File size: 490.77K ,Date added: April 28  2006,Price: Free to try (30-day trial); $15.00 to buy (Buy it now) ,Operating system: Windows 95/NT/98/Me/2000/XP,Total downloads: 2 880,Downloads last week: 2
http://download.cnet.com/windows/desktop-enhancements/,desktop-enhancements,http://download.cnet.com/windows/icon-tools/,Icon Tools,http://download.cnet.com/IconMagic/3000-18486_4-10294737.html,IconMagic,Version: 1.0, File size: 1.97MB ,Date added: June 10  2004,Price: Free to try (30-day trial); $39.95 to buy ,Operating system: Windows NT/98/Me/2000/XP,Total downloads: 31 215,Downloads last week: 2
http://download.cnet.com/windows/desktop-enhancements/,desktop-enhancements,http://download.cnet.com/windows/icon-tools/,Icon Tools,http://download.cnet.com/IconMasterXP/3000-18486_4-10435610.html,IconMasterXP,Version: 4.8, File size: 4.93MB ,Date added: January 03  2014,Price: Free to try (20-day trial); $9.99 to buy (Buy it now) ,Operating system: Windows 2000/XP/2003/Vista/Server 2008/7/8,Total downloads: 4 357,Downloads last week: 2
http://download.cnet.com/windows/desktop-enhancements/,desktop-enhancements,http://download.cnet.com/windows/icon-tools/,Icon Tools,http://download.cnet.com/Microangelo-Creation/3000-18486_4-10286071.html,Microangelo Creation,Version: 2, File size: 2.75MB ,Date added: April 30  2005,Price: Free to try (21-day trial); $54.95 to buy (Buy it now) ,Operating system: Windows 98/Me/2000/XP,Total downloads: 69 258,Downloads last week: 2
http://download.cnet.com/windows/desktop-enhancements/,desktop-enhancements,http://download.cnet.com/windows/icon-tools/,Icon Tools,http://download.cnet.com/IconCool-Studio/3000-18486_4-10392152.html,IconCool Studio,Version: 8.00.131111, File size: 12.15MB ,Date added: November 28  2013,Price: Free to try (30-day trial); $29.95 to buy (Buy it now) ,Operating system: Windows 98/2000/XP/2003/Vista/7,Total downloads: 25 066,Downloads last week: 2
http://download.cnet.com/windows/desktop-enhancements/,desktop-enhancements,http://download.cnet.com/windows/icon-tools/,Icon Tools,http://download.cnet.com/Model2Icon/3000-18486_4-75449237.html,Model2Icon,Version: 1.15, File size: 1.47MB ,Date added: November 28  2009,Price: Free to try; $19.95 to buy ,Operating system: Windows 2000/XP/Vista/7,Total downloads: 55,Downloads last week: 1
http://download.cnet.com/windows/desktop-enhancements/,desktop-enhancements,http://download.cnet.com/windows/icon-tools/,Icon Tools,http://download.cnet.com/Icon-eXplorer-and-eXtractor/3000-18486_4-10389325.html,Icon eXplorer and eXtractor,Version: 2, File size: 389.23K ,Date added: January 02  2007,Price: Free to try (30-day trial); $29.00 to buy (Buy it now) ,Operating system: Windows 2000/XP,Total downloads: 721,Downloads last week: 1
http://download.cnet.com/windows/desktop-enhancements/,desktop-enhancements,http://download.cnet.com/windows/icon-tools/,Icon Tools,http://download.cnet.com/Soft-Icons/3000-18486_4-10819394.html,Soft Icons,Version: 2, File size: 1.54MB ,Date added: March 30  2008,Price: Free to try (Demo icons); $199.00 to buy (Buy it now) ,Operating system: Windows 95/NT/98/Me/2000/XP/Vista,Total downloads: 975,Downloads last week: 1
http://download.cnet.com/windows/desktop-enhancements/,desktop-enhancements,http://download.cnet.com/windows/icon-tools/,Icon Tools,http://download.cnet.com/12Ghosts-TrayProtect/3000-18486_4-51529.html,12Ghosts TrayProtect,Version: 9.70, File size: 816.56K ,Date added: February 09  2010,Price: Free to try; $19.95 to buy ,Operating system: Windows 2000/XP/Vista,Total downloads: 177,Downloads last week: 1
http://download.cnet.com/windows/desktop-enhancements/,desktop-enhancements,http://download.cnet.com/windows/icon-tools/,Icon Tools,http://download.cnet.com/ZIP-Pointer/3000-18486_4-10443772.html,ZIP Pointer,Version: 2.0, File size: 5.46MB ,Date added: January 04  2013,Price: Update; $29.95 to buy (Buy it now) ,Operating system: Windows NT/98/Me/2000/XP/2003/Vista/Server 2008/7/8,Total downloads: 1 993,Downloads last week: 1
http://download.cnet.com/windows/desktop-enhancements/,desktop-enhancements,http://download.cnet.com/windows/icon-tools/,Icon Tools,http://download.cnet.com/SmartFileIcons/3000-18486_4-10172305.html,SmartFileIcons,Version: 2.01, File size: 180.21K ,Date added: April 05  2005,Price: Free to try (Shows first 5 custom icons only); $4.99 to buy ,Operating system: Windows XP,Total downloads: 4 788,Downloads last week: 1
http://download.cnet.com/windows/desktop-enhancements/,desktop-enhancements,http://download.cnet.com/windows/icon-tools/,Icon Tools,http://download.cnet.com/Ice-Pixel-7/3000-18486_4-75847616.html,Ice Pixel-7,Version: 1.0, File size: 48.08K ,Date added: January 16  2013,Price: Free ,Operating system: Windows XP/Vista/7,Total downloads: 19,Downloads last week: 1
http://download.cnet.com/windows/desktop-enhancements/,desktop-enhancements,http://download.cnet.com/windows/icon-tools/,Icon Tools,http://download.cnet.com/Simnor-Image-to-Icon-2007-Professional/3000-18486_4-10598394.html,Simnor Image to Icon 2007 Professional,Version: 2007, File size: 255.76K ,Date added: January 16  2007,Price: Free to try (10-use trial); $9.50 to buy ,Operating system: Windows 98/Me/2000/XP/Vista,Total downloads: 481,Downloads last week: 1
http://download.cnet.com/windows/desktop-enhancements/,desktop-enhancements,http://download.cnet.com/windows/icon-tools/,Icon Tools,http://download.cnet.com/ZylBmp2Ico/3000-18486_4-79822.html,ZylBmp2Ico,Version: 2.1, File size: 553.69K ,Date added: July 12  2012,Price: Free ,Operating system: Windows 95/NT/98/Me/2000/XP/2003/Vista/Server 2008/7,Total downloads: 232,Downloads last week: 1
http://download.cnet.com/windows/desktop-enhancements/,desktop-enhancements,http://download.cnet.com/windows/icon-tools/,Icon Tools,http://download.cnet.com/Large-Boss-Icons/3000-18486_4-75335738.html,Large Boss Icons,Version: 2011.1, File size: 2.22MB ,Date added: January 25  2011,Price: Purchase; $49.00 to buy (Buy it now) ,Operating system: Windows NT/98/Me/2000/XP/2003/Vista/Server 2008/7,Total downloads: 197,Downloads last week: 1
http://download.cnet.com/windows/desktop-enhancements/,desktop-enhancements,http://download.cnet.com/windows/icon-tools/,Icon Tools,http://download.cnet.com/Professional-Toolbar-Icons/3000-18486_4-75628981.html,Professional Toolbar Icons,Version: 2012.7, File size: 19.4MB ,Date added: June 05  2012,Price: Free to try (Sample icons); $129.95 to buy (Buy it now) ,Operating system: Windows NT/98/Me/2000/XP/2003/Vista/Server 2008/7/8,Total downloads: 11 016,Downloads last week: 1
http://download.cnet.com/windows/desktop-enhancements/,desktop-enhancements,http://download.cnet.com/windows/icon-tools/,Icon Tools,http://download.cnet.com/IceXX/3000-18486_4-75145706.html,IceXX,Version: 2.0, File size: 416.75K ,Date added: February 22  2010,Price: Free to try; $29.00 to buy ,Operating system: Windows 2000/XP/2003/Vista/7,Total downloads: 37,Downloads last week: 1
http://download.cnet.com/windows/desktop-enhancements/,desktop-enhancements,http://download.cnet.com/windows/icon-tools/,Icon Tools,http://download.cnet.com/Huang-Shihan-s-Easy-Icon-Maker/3000-18486_4-10160829.html,Huang Shihan's Easy Icon Maker,Version: 3.0, File size: 756.61K ,Date added: October 21  2002,Price: Free to try (10-save trial); $19.95 to buy ,Operating system: Windows 95/NT/98/Me/2000/XP,Total downloads: 18 210,Downloads last week: 1
http://download.cnet.com/windows/desktop-enhancements/,desktop-enhancements,http://download.cnet.com/windows/icon-tools/,Icon Tools,http://download.cnet.com/MCoP-Icon-Maker/3000-18486_4-10623509.html,MCoP Icon Maker,Version: 1, File size: 843.57K ,Date added: January 15  2007,Price: Free to try; $35.00 to buy (Buy it now) ,Operating system: Windows 98/Me/2000/XP,Total downloads: 575,Downloads last week: 1
http://download.cnet.com/windows/desktop-enhancements/,desktop-enhancements,http://download.cnet.com/windows/icon-tools/,Icon Tools,http://download.cnet.com/Super-Icon-Helper/3000-18486_4-10885182.html,Super Icon Helper,Version: 1.0.1, File size: 3.57MB ,Date added: September 18  2008,Price: Free to try (30-day trial); $29.95 to buy (Buy it now) ,Operating system: Windows NT/98/Me/2000/XP,Total downloads: 592,Downloads last week: 1
http://download.cnet.com/windows/desktop-enhancements/,desktop-enhancements,http://download.cnet.com/windows/icon-tools/,Icon Tools,http://download.cnet.com/BS-Icon-Maker/3000-18486_4-10913557.html,BS Icon Maker,Version: 1.1, File size: 2.01MB ,Date added: February 17  2011,Price: Free to try (7-day trial  save-disabled); $29.95 to buy (Buy it now) ,Operating system: Windows 98/Me/2000/XP/Vista,Total downloads: 804,Downloads last week: 1
http://download.cnet.com/windows/desktop-enhancements/,desktop-enhancements,http://download.cnet.com/windows/icon-tools/,Icon Tools,http://download.cnet.com/Vista-Drives/3000-18486_4-75317079.html,Vista Drives,Version: 1.0, File size: 1.58MB ,Date added: October 12  2010,Price: Free to try; $19.95 to buy ,Operating system: Windows NT/98/Me/2000/XP/2003,Total downloads: 36,Downloads last week: 1
http://download.cnet.com/windows/desktop-enhancements/,desktop-enhancements,http://download.cnet.com/windows/icon-tools/,Icon Tools,http://download.cnet.com/ByaiIcons/3000-18486_4-10525154.html,ByaiIcons,Version: 1.2, File size: 208.74K ,Date added: April 28  2006,Price: Free ,Operating system: Windows 95/NT/98/Me/2000/XP,Total downloads: 1 135,Downloads last week: 1
http://download.cnet.com/windows/desktop-enhancements/,desktop-enhancements,http://download.cnet.com/windows/icon-tools/,Icon Tools,http://download.cnet.com/Icon-to-Bitmap/3000-18486_4-75452093.html,Icon to Bitmap,Version: 1.0, File size: 652.12K ,Date added: June 21  2011,Price: Free ,Operating system: Windows NT/98/Me/2000/XP/2003/Vista/7,Total downloads: 41,Downloads last week: 1
http://download.cnet.com/windows/desktop-enhancements/,desktop-enhancements,http://download.cnet.com/windows/icon-tools/,Icon Tools,http://download.cnet.com/50-000-Vista-Icons-Full-Vista-Bundle/3000-18486_4-10753826.html,50.000 Vista Icons - Full Vista Bundle,Version: 1, File size: 11.32MB ,Date added: November 21  2007,Price: Free ,Operating system: Windows Vista,Total downloads: 22 520,Downloads last week: 1
http://download.cnet.com/windows/desktop-enhancements/,desktop-enhancements,http://download.cnet.com/windows/icon-tools/,Icon Tools,http://download.cnet.com/Fluid-Icon-Organizer/3000-18486_4-75711136.html,Fluid Icon Organizer,Version: 1.0, File size: 5.74MB ,Date added: July 03  2012,Price: Free to try (30-day trial); $4.75 to buy (Buy it now) ,Operating system: Windows XP/Vista/7,Total downloads: 122,Downloads last week: 1
http://download.cnet.com/windows/desktop-enhancements/,desktop-enhancements,http://download.cnet.com/windows/icon-tools/,Icon Tools,http://download.cnet.com/Desktop-Buffet-Icons/3000-18486_4-75327764.html,Desktop Buffet Icons,Version: 2010.1, File size: 2.58MB ,Date added: November 24  2010,Price: Free to try (3-icon trial); $49.95 to buy (Buy it now) ,Operating system: Windows NT/98/Me/2000/XP/2003/Vista/7,Total downloads: 105,Downloads last week: 1
http://download.cnet.com/windows/desktop-enhancements/,desktop-enhancements,http://download.cnet.com/windows/icon-tools/,Icon Tools,http://download.cnet.com/ABBIcon-Pro/3000-18486_4-75330315.html,ABBIcon Pro,Version: 5.1, File size: 7.4MB ,Date added: December 22  2010,Price: Free to try; $35.95 to buy ,Operating system: Windows 98/Me/2000/XP/NT 4 SP 6,Total downloads: 25,Downloads last week: 1
http://download.cnet.com/windows/desktop-enhancements/,desktop-enhancements,http://download.cnet.com/windows/icon-tools/,Icon Tools,http://download.cnet.com/Lifrinsoft-Icon-Converter/3000-18486_4-75734180.html,Lifrinsoft Icon Converter,Version: 1.2, File size: 3.89MB ,Date added: June 18  2012,Price: Free ,Operating system: Windows 2000,Total downloads: 67,Downloads last week: 1
http://download.cnet.com/windows/desktop-enhancements/,desktop-enhancements,http://download.cnet.com/windows/icon-tools/,Icon Tools,http://download.cnet.com/Icon-XTractor/3000-18486_4-10655916.html,Icon XTractor,Version: 1, File size: 354.17K ,Date added: April 11  2007,Price: Free ,Operating system: Windows XP,Total downloads: 2 224,Downloads last week: 1
http://download.cnet.com/windows/desktop-enhancements/,desktop-enhancements,http://download.cnet.com/windows/icon-tools/,Icon Tools,http://download.cnet.com/Arm-Icon-Extractor/3000-18486_4-10739339.html,Arm Icon Extractor,Version: 2.8, File size: 4.9MB ,Date added: August 05  2009,Price: Free to try (Save-disabled); $19.95 to buy (Buy it now) ,Operating system: Windows NT/98/Me/2000/XP/2003/Vista,Total downloads: 1 051,Downloads last week: 1
http://download.cnet.com/windows/desktop-enhancements/,desktop-enhancements,http://download.cnet.com/windows/icon-tools/,Icon Tools,http://download.cnet.com/Lifrinsoft-Icon-Converter/3000-18486_4-75728589.html,Lifrinsoft Icon Converter,Version: 1.4, File size: 7.26MB ,Date added: November 14  2012,Price: Free ,Operating system: Windows XP/2003/Vista/Server 2008/7/8,Total downloads: 160,Downloads last week: 1
http://download.cnet.com/windows/desktop-enhancements/,desktop-enhancements,http://download.cnet.com/windows/icon-tools/,Icon Tools,http://download.cnet.com/Java_WinIcon/3000-18486_4-10070287.html,Java_WinIcon,Version: 2.0.1, File size: 79.11K ,Date added: January 16  2002,Price: Free to try; $10.00 to buy ,Operating system: Windows 95/NT/98/Me/2000/XP,Total downloads: 2 340,Downloads last week: 1
http://download.cnet.com/windows/desktop-enhancements/,desktop-enhancements,http://download.cnet.com/windows/icon-tools/,Icon Tools,http://download.cnet.com/IconLibrary-Maker/3000-18486_4-75742941.html,IconLibrary Maker,Version: 1.0.0, File size: 6.71MB ,Date added: July 05  2012,Price: Free to try (21-day trial); $24.95 to buy (Buy it now) ,Operating system: Windows 2000/XP/2003/Vista/Server 2008/7/8,Total downloads: 110,Downloads last week: 1
http://download.cnet.com/windows/desktop-enhancements/,desktop-enhancements,http://download.cnet.com/windows/icon-tools/,Icon Tools,http://download.cnet.com/ABB-Icon-Library-Manager/3000-18486_4-75330316.html,ABB Icon Library Manager,Version: 5.1, File size: 2.89MB ,Date added: December 22  2010,Price: Free to try; $29.95 to buy ,Operating system: Windows 98/Me/2000/XP/NT 4 SP 6,Total downloads: 57,Downloads last week: 1
http://download.cnet.com/windows/desktop-enhancements/,desktop-enhancements,http://download.cnet.com/windows/icon-tools/,Icon Tools,http://download.cnet.com/ABB-Web-Icon-Extractor/3000-18486_4-75330311.html,ABB Web Icon Extractor,Version: 5.1, File size: 1.76MB ,Date added: December 22  2010,Price: Free to try; $19.95 to buy ,Operating system: Windows 98/Me/2000/XP/NT 4 SP 6,Total downloads: 26,Downloads last week: 1
http://download.cnet.com/windows/desktop-enhancements/,desktop-enhancements,http://download.cnet.com/windows/icon-tools/,Icon Tools,http://download.cnet.com/BS-Icon-Maker/3000-18486_4-10913557.html,BS Icon Maker,Version: 1.1, File size: 2.01MB ,Date added: February 17  2011,Price: Free to try (7-day trial  save-disabled); $29.95 to buy (Buy it now) ,Operating system: Windows 98/Me/2000/XP/Vista,Total downloads: 804,Downloads last week: 1
http://download.cnet.com/windows/desktop-enhancements/,desktop-enhancements,http://download.cnet.com/windows/icon-tools/,Icon Tools,http://download.cnet.com/IconLibraryX/3000-18486_4-75548159.html,IconLibraryX,Version: 1.0.0.1108, File size: 2.63MB ,Date added: August 24  2011,Price: Free to try (30-day trial); $29.95 to buy (Buy it now) ,Operating system: Windows 2000/XP/2003/Vista/7,Total downloads: 41,Downloads last week: 1
http://download.cnet.com/windows/desktop-enhancements/,desktop-enhancements,http://download.cnet.com/windows/icon-tools/,Icon Tools,http://download.cnet.com/Large-Vector-Icons/3000-18486_4-75331191.html,Large Vector Icons,Version: 2010.1, File size: 2.07MB ,Date added: December 30  2010,Price: Free to try (3-icon trial); $49.00 to buy (Buy it now) ,Operating system: Windows NT/98/Me/2000/XP/2003/Vista/Server 2008/7,Total downloads: 132,Downloads last week: 1
http://download.cnet.com/windows/desktop-enhancements/,desktop-enhancements,http://download.cnet.com/windows/icon-tools/,Icon Tools,http://download.cnet.com/Tiger-Icon-Studio-3D/3000-18486_4-10669638.html,Tiger Icon Studio 3D,Version: 2, File size: 2.15MB ,Date added: February 28  2008,Price: Free to try (Watermark on image); $39.95 to buy (Buy it now) ,Operating system: Windows NT/98/Me/2000/XP/Vista,Total downloads: 3 051,Downloads last week: 1
http://download.cnet.com/windows/desktop-enhancements/,desktop-enhancements,http://download.cnet.com/windows/icon-tools/,Icon Tools,http://download.cnet.com/Icon-to-Any/3000-18486_4-29711.html,Icon to Any,Version: 3.22, File size: 4.91MB ,Date added: October 20  2013,Price: Free to try (5-file conversion trial); $24.95 to buy (Buy it now) ,Operating system: Windows NT/98/Me/2000/XP/2003/Vista/Server 2008/7/8,Total downloads: 507,Downloads last week: 1
http://download.cnet.com/windows/desktop-enhancements/,desktop-enhancements,http://download.cnet.com/windows/icon-tools/,Icon Tools,http://download.cnet.com/12Ghosts-SetColor/3000-18486_4-27384.html,12Ghosts SetColor,Version: 9.70, File size: 807.35K ,Date added: February 10  2010,Price: Free to try; $19.95 to buy ,Operating system: Windows 2000/XP/Vista,Total downloads: 443,Downloads last week: 1
http://download.cnet.com/windows/desktop-enhancements/,desktop-enhancements,http://download.cnet.com/windows/icon-tools/,Icon Tools,http://download.cnet.com/ABB-Icon-Library-Manager/3000-18486_4-75330316.html,ABB Icon Library Manager,Version: 5.1, File size: 2.89MB ,Date added: December 22  2010,Price: Free to try; $29.95 to buy ,Operating system: Windows 98/Me/2000/XP/NT 4 SP 6,Total downloads: 57,Downloads last week: 1
http://download.cnet.com/windows/desktop-enhancements/,desktop-enhancements,http://download.cnet.com/windows/icon-tools/,Icon Tools,http://download.cnet.com/My-Drives/3000-18486_4-10721375.html,My Drives,Version: 1.5, File size: 1.22MB ,Date added: January 24  2010,Price: Free ,Operating system: Windows 2000/XP/Vista,Total downloads: 2 082,Downloads last week: 1
http://download.cnet.com/windows/desktop-enhancements/,desktop-enhancements,http://download.cnet.com/windows/icon-tools/,Icon Tools,http://download.cnet.com/Icon-To-Gif-Converter/3000-18486_4-75454230.html,Icon To Gif Converter,Version: 2.0.0.3, File size: 1.13MB ,Date added: July 19  2011,Price: Free to try (50-file limit); $9.00 to buy (Buy it now) ,Operating system: Windows XP/Vista/7,Total downloads: 61,Downloads last week: 1
http://download.cnet.com/windows/desktop-enhancements/,desktop-enhancements,http://download.cnet.com/windows/icon-tools/,Icon Tools,http://download.cnet.com/GizmoMask/3000-18486_4-75409720.html,GizmoMask,Version: 1.52, File size: 6.65MB ,Date added: March 05  2011,Price: Free ,Operating system: Windows NT/2000/XP/2003/Vista/7,Total downloads: 115,Downloads last week: 1
http://download.cnet.com/windows/desktop-enhancements/,desktop-enhancements,http://download.cnet.com/windows/icon-tools/,Icon Tools,http://download.cnet.com/IconSurface/3000-18486_4-75810475.html,IconSurface,Version: 1.0, File size: 2.59MB ,Date added: November 14  2012,Price: Free to try; $9.99 to buy (Buy it now) ,Operating system: Windows XP/Vista/7/8,Total downloads: 52,Downloads last week: 1
http://download.cnet.com/windows/desktop-enhancements/,desktop-enhancements,http://download.cnet.com/windows/icon-tools/,Icon Tools,http://download.cnet.com/1370-Professional-Icons-Vista-Icons-Style/3000-18486_4-10896313.html,1370 Professional Icons - Vista Icons Style,Version: 1, File size: 20.16MB ,Date added: October 21  2008,Price: Free ,Operating system: Windows 95/NT/98/Me/2000/XP/Vista,Total downloads: 2 223,Downloads last week: 1
http://download.cnet.com/windows/desktop-enhancements/,desktop-enhancements,http://download.cnet.com/windows/icon-tools/,Icon Tools,http://download.cnet.com/ConvexSoft-Icon-Designer/3000-18486_4-10907072.html,ConvexSoft Icon Designer,Version: 2.3, File size: 4.32MB ,Date added: July 12  2009,Price: Free to try (Save-disabled); $19.95 to buy (Buy it now) ,Operating system: Windows 2000/XP/2003/Vista,Total downloads: 221,Downloads last week: 1
http://download.cnet.com/windows/desktop-enhancements/,desktop-enhancements,http://download.cnet.com/windows/icon-tools/,Icon Tools,http://download.cnet.com/EfreeDVD-Folder-Icon/3000-18486_4-10398393.html,EfreeDVD Folder Icon,Version: 3, File size: 653.02K ,Date added: June 10  2005,Price: Free ,Operating system: Windows 98/Me/2000/XP/Vista,Total downloads: 7 200,Downloads last week: 1
http://download.cnet.com/windows/desktop-enhancements/,desktop-enhancements,http://download.cnet.com/windows/icon-tools/,Icon Tools,http://download.cnet.com/Maqme-Icon/3000-18486_4-75898321.html,Maqme Icon,Version: 1.0, File size: 371.73K ,Date added: April 02  2013,Price: Free ,Operating system: Windows 98/Me/2000/XP/2003/Vista/Server 2008/7/8,Total downloads: 104,Downloads last week: 1
http://download.cnet.com/windows/desktop-enhancements/,desktop-enhancements,http://download.cnet.com/windows/icon-tools/,Icon Tools,http://download.cnet.com/Cool-Icons-Search/3000-18486_4-75328849.html,Cool Icons Search,Version: 2.0, File size: 1.47MB ,Date added: December 06  2010,Price: Free to try (20-day or 20-use trial); $19.95 to buy (Buy it now) ,Operating system: Windows 98/Me/2000/XP/2003/Vista/Server 2008/7,Total downloads: 112,Downloads last week: 1
http://download.cnet.com/windows/desktop-enhancements/,desktop-enhancements,http://download.cnet.com/windows/icon-tools/,Icon Tools,http://download.cnet.com/Large-Travel-Icons/3000-18486_4-75654132.html,Large Travel Icons,Version: 2012, File size: 10.22MB ,Date added: February 08  2012,Price: Free to try (3 demo icons); $99.00 to buy (Buy it now) ,Operating system: Windows NT/98/Me/2000/XP/2003/Vista/7  Mac OS X 10.3/10.4/10.5/10.6/10.7  Windows Mobile  Palm  BlackBerry  Linux  Java  Windows Mobile/2003  Palm OS 1.x/2.x/3.x/4.x/5.x,Total downloads: 137,Downloads last week: 1
http://download.cnet.com/windows/desktop-enhancements/,desktop-enhancements,http://download.cnet.com/windows/icon-tools/,Icon Tools,http://download.cnet.com/CTSFaceFinder/3000-18486_4-75325505.html,CTSFaceFinder,Version: 4.1, File size: 485.98K ,Date added: February 05  2014,Price: Free ,Operating system: Windows XP/2003/Vista/Server 2008/7/8,Total downloads: 182,Downloads last week: 1
http://download.cnet.com/windows/desktop-enhancements/,desktop-enhancements,http://download.cnet.com/windows/icon-tools/,Icon Tools,http://download.cnet.com/Custom-Icon-Design/3000-18486_4-75176659.html,Custom Icon Design,Version: 2.0, File size: 2.39MB ,Date added: August 27  2013,Price: Free ,Operating system: Windows NT/98/2000/XP/Vista/7,Total downloads: 1 030,Downloads last week: 1
http://download.cnet.com/windows/desktop-enhancements/,desktop-enhancements,http://download.cnet.com/windows/icon-tools/,Icon Tools,http://download.cnet.com/Exe-Icon-Wrapper/3000-18486_4-75216967.html,Exe Icon Wrapper,Version: 3.11, File size: 503.38K ,Date added: November 29  2010,Price: Free to try (30-day trial); $29.95 to buy (Buy it now) ,Operating system: Windows 95/NT/98/Me/2000/XP/2003/Vista,Total downloads: 306,Downloads last week: 1
http://download.cnet.com/windows/desktop-enhancements/,desktop-enhancements,http://download.cnet.com/windows/icon-tools/,Icon Tools,http://download.cnet.com/EfreeBuy-Folder-Icon/3000-18486_4-10767211.html,EfreeBuy Folder Icon,Version: 3, File size: 686.15K ,Date added: November 09  2007,Price: Free ,Operating system: Windows 95/NT/98/Me/2000/XP,Total downloads: 1 560,Downloads last week: 1
http://download.cnet.com/windows/desktop-enhancements/,desktop-enhancements,http://download.cnet.com/windows/icon-tools/,Icon Tools,http://download.cnet.com/AWicons-Pro/3000-18486_4-84845.html,AWicons Pro,Version: 10.3, File size: 13.74MB ,Date added: January 17  2012,Price: Free to try; $39.95 to buy ,Operating system: Windows NT/98/Me/2000/XP/Vista/7,Total downloads: 359,Downloads last week: 1
http://download.cnet.com/windows/desktop-enhancements/,desktop-enhancements,http://download.cnet.com/windows/icon-tools/,Icon Tools,http://download.cnet.com/Image-To-Icon-Convertor/3000-18486_4-10574183.html,Image To Icon Convertor,Version: 3.1, File size: 3.5MB ,Date added: November 30  2006,Price: Free to try (5-use trial); $5.00 to buy ,Operating system: Windows XP,Total downloads: 5 067,Downloads last week: 1
http://download.cnet.com/windows/desktop-enhancements/,desktop-enhancements,http://download.cnet.com/windows/icon-tools/,Icon Tools,http://download.cnet.com/Bitmap-To-Icon-Converter/3000-18486_4-75453985.html,Bitmap To Icon Converter,Version: 2.0.0.5, File size: 1.09MB ,Date added: July 14  2011,Price: Free to try (50-file trial); $9.00 to buy (Buy it now) ,Operating system: Windows XP/Vista/7,Total downloads: 221,Downloads last week: 1
http://download.cnet.com/windows/desktop-enhancements/,desktop-enhancements,http://download.cnet.com/windows/icon-tools/,Icon Tools,http://download.cnet.com/IconUtils/3000-18486_4-55498.html,IconUtils,Version: 5.36, File size: 14.94MB ,Date added: October 20  2013,Price: Free to try (30-day trial); $59.95 to buy (Buy it now) ,Operating system: Windows NT/98/Me/2000/XP/2003/Vista/Server 2008/7/8,Total downloads: 28 172,Downloads last week: 1
http://download.cnet.com/windows/desktop-enhancements/,desktop-enhancements,http://download.cnet.com/windows/icon-tools/,Icon Tools,http://download.cnet.com/Icon-Bank-Desktop-Edition/3000-18486_4-10465491.html,Icon Bank (Desktop Edition),Version: 4, File size: 370.95K ,Date added: December 07  2005,Price: Free to try; $19.95 to buy (Buy it now) ,Operating system: Windows 95/NT/98/Me/2000/XP,Total downloads: 2 560,Downloads last week: 1
http://download.cnet.com/windows/desktop-enhancements/,desktop-enhancements,http://download.cnet.com/windows/icon-tools/,Icon Tools,http://download.cnet.com/Customize-My-Folders/3000-18486_4-75317077.html,Customize My Folders,Version: 1.0, File size: 5MB ,Date added: October 12  2010,Price: Free to try ,Operating system: Windows NT/Me/2000/XP,Total downloads: 241,Downloads last week: 1
http://download.cnet.com/windows/desktop-enhancements/,desktop-enhancements,http://download.cnet.com/windows/icon-tools/,Icon Tools,http://download.cnet.com/Icon-Explorer/3000-18486_4-75649631.html,Icon Explorer,Version: 4.2, File size: 704.48K ,Date added: May 16  2012,Price: Free ,Operating system: Windows 95/NT/98/Me/2000/XP/2003/Vista/7,Total downloads: 258,Downloads last week: 1
http://download.cnet.com/windows/desktop-enhancements/,desktop-enhancements,http://download.cnet.com/windows/icon-tools/,Icon Tools,http://download.cnet.com/Icon-ExtractorX/3000-18486_4-10572123.html,Icon ExtractorX,Version: 1.1, File size: 436.06K ,Date added: September 04  2006,Price: Free to try (Save 2 icons trial); $19.98 to buy ,Operating system: Windows 95/NT/98/Me/2000/XP/Vista,Total downloads: 1 365,Downloads last week: 1
http://download.cnet.com/windows/desktop-enhancements/,desktop-enhancements,http://download.cnet.com/windows/icon-tools/,Icon Tools,http://download.cnet.com/Efiresoft-Image-to-Icon-Converter/3000-18486_4-75833995.html,Efiresoft Image to Icon Converter,Version: 4.2.2, File size: 1.43MB ,Date added: December 28  2012,Price: Free ,Operating system: Windows 2000/XP/Vista/7,Total downloads: 172,Downloads last week: 1
http://download.cnet.com/windows/desktop-enhancements/,desktop-enhancements,http://download.cnet.com/windows/icon-tools/,Icon Tools,http://download.cnet.com/Frontbase-Image-to-Icon/3000-18486_4-10207478.html,Frontbase Image to Icon,Version: 2.0, File size: 1.48MB ,Date added: January 10  2004,Price: Free to try (Watermark on image); $29.95 to buy ,Operating system: Windows 98/Me/2000/XP,Total downloads: 22 557,Downloads last week: 1
http://download.cnet.com/windows/desktop-enhancements/,desktop-enhancements,http://download.cnet.com/windows/icon-tools/,Icon Tools,http://download.cnet.com/Icon-Catcher/3000-18486_4-27964.html,Icon Catcher,Version: 4.2.37, File size: 738.42K ,Date added: July 22  2008,Price: Free to try; $14.95 to buy ,Operating system: Windows 95/NT/98/2000/XP,Total downloads: 702,Downloads last week: 1
http://download.cnet.com/windows/desktop-enhancements/,desktop-enhancements,http://download.cnet.com/windows/icon-tools/,Icon Tools,http://download.cnet.com/Hydra-Icon-Editor/3000-18486_4-10445222.html,Hydra Icon Editor,Version: 1, File size: 3.24MB ,Date added: October 13  2005,Price: Free to try (10-day trial); $19.99 to buy ,Operating system: Windows 98/Me/2000/XP,Total downloads: 2 159,Downloads last week: 1
http://download.cnet.com/windows/desktop-enhancements/,desktop-enhancements,http://download.cnet.com/windows/icon-tools/,Icon Tools,http://download.cnet.com/Sofonesia-Icon-Extractor/3000-18486_4-10972056.html,Sofonesia Icon Extractor,Version: 1.0, File size: 2.52MB ,Date added: October 15  2009,Price: Free ,Operating system: Windows 2000/XP/2003/Vista,Total downloads: 426,Downloads last week: 1
http://download.cnet.com/windows/desktop-enhancements/,desktop-enhancements,http://download.cnet.com/windows/icon-tools/,Icon Tools,http://download.cnet.com/Icon-Master/3000-18486_4-75450102.html,Icon Master,Version: 3.1, File size: 565.98K ,Date added: May 23  2011,Price: Free ,Operating system: Windows NT/98/Me/2000/XP/2003/Vista/7,Total downloads: 395,Downloads last week: 1
http://download.cnet.com/windows/desktop-enhancements/,desktop-enhancements,http://download.cnet.com/windows/icon-tools/,Icon Tools,http://download.cnet.com/Icon-Explorer/3000-18486_4-75649631.html,Icon Explorer,Version: 4.2, File size: 704.48K ,Date added: May 16  2012,Price: Free ,Operating system: Windows 95/NT/98/Me/2000/XP/2003/Vista/7,Total downloads: 258,Downloads last week: 1
http://download.cnet.com/windows/desktop-enhancements/,desktop-enhancements,http://download.cnet.com/windows/icon-tools/,Icon Tools,http://download.cnet.com/Bitmap-To-Icon-Converter/3000-18486_4-75453985.html,Bitmap To Icon Converter,Version: 2.0.0.5, File size: 1.09MB ,Date added: July 14  2011,Price: Free to try (50-file trial); $9.00 to buy (Buy it now) ,Operating system: Windows XP/Vista/7,Total downloads: 221,Downloads last week: 1
http://download.cnet.com/windows/desktop-enhancements/,desktop-enhancements,http://download.cnet.com/windows/icon-tools/,Icon Tools,http://download.cnet.com/Customize-Windows-Icons/3000-18486_4-75913943.html,Customize Windows Icons,Version: 5.11, File size: 5.65MB ,Date added: May 14  2013,Price: Free to try (30-day trial); $15.95 to buy (Buy it now) ,Operating system: Windows NT/98/Me/2000/XP/2003/Vista/Server 2008/7,Total downloads: 52,Downloads last week: 1
http://download.cnet.com/windows/desktop-enhancements/,desktop-enhancements,http://download.cnet.com/windows/icon-tools/,Icon Tools,http://download.cnet.com/Abonsoft-True-Color-Icon-Converter/3000-18486_4-75011465.html,Abonsoft True Color Icon Converter,Version: 3.2, File size: 1.81MB ,Date added: May 15  2012,Price: Free to try (Watermark on output); $24.99 to buy (Buy it now) ,Operating system: Windows NT/98/Me/2000/XP/2003/Vista/Server 2008/7,Total downloads: 364,Downloads last week: 1
http://download.cnet.com/windows/desktop-enhancements/,desktop-enhancements,http://download.cnet.com/windows/icon-tools/,Icon Tools,http://download.cnet.com/IconFilter/3000-18486_4-10066430.html,IconFilter,Version: 1.7, File size: 1.33MB ,Date added: October 16  2001,Price: Free ,Operating system: Windows 95/98/Me/2000,Total downloads: 21 476,Downloads last week: 1
http://download.cnet.com/windows/desktop-enhancements/,desktop-enhancements,http://download.cnet.com/windows/icon-tools/,Icon Tools,http://download.cnet.com/Icon-Extractor-2000/3000-18486_4-10396156.html,Icon Extractor 2000,Version: 4.3, File size: 602.51K ,Date added: April 30  2013,Price: Free to try; $14.95 to buy ,Operating system: Windows 95/NT/98/Me/2000/XP/2003/Vista/7/8,Total downloads: 1 903,Downloads last week: 1
http://download.cnet.com/windows/desktop-enhancements/,desktop-enhancements,http://download.cnet.com/windows/icon-tools/,Icon Tools,http://download.cnet.com/Customize-Windows-Icons/3000-18486_4-75913943.html,Customize Windows Icons,Version: 5.11, File size: 5.65MB ,Date added: May 14  2013,Price: Free to try (30-day trial); $15.95 to buy (Buy it now) ,Operating system: Windows NT/98/Me/2000/XP/2003/Vista/Server 2008/7,Total downloads: 52,Downloads last week: 1
http://download.cnet.com/windows/desktop-enhancements/,desktop-enhancements,http://download.cnet.com/windows/icon-tools/,Icon Tools,http://download.cnet.com/Icon-Master/3000-18486_4-75450102.html,Icon Master,Version: 3.1, File size: 565.98K ,Date added: May 23  2011,Price: Free ,Operating system: Windows NT/98/Me/2000/XP/2003/Vista/7,Total downloads: 395,Downloads last week: 1
http://download.cnet.com/windows/desktop-enhancements/,desktop-enhancements,http://download.cnet.com/windows/icon-tools/,Icon Tools,http://download.cnet.com/Icon-Collector-Tool/3000-18486_4-10442416.html,Icon Collector Tool,Version: 1.2, File size: 679.05K ,Date added: November 22  2005,Price: Free to try (Some features disabled); $14.95 to buy (Buy it now) ,Operating system: Windows 95/NT/98/Me/2000/XP,Total downloads: 1 874,Downloads last week: 1
http://download.cnet.com/windows/desktop-enhancements/,desktop-enhancements,http://download.cnet.com/windows/icon-tools/,Icon Tools,http://download.cnet.com/Instant-Icon-Cursor/3000-18486_4-10066158.html,Instant Icon & Cursor,Version: 3.0, File size: 998.25K ,Date added: September 23  2002,Price: Free to try (14-day trial); $18.00 to buy ,Operating system: Windows 95/NT/98/Me/2000/XP,Total downloads: 27 204,Downloads last week: 1
http://download.cnet.com/windows/desktop-enhancements/,desktop-enhancements,http://download.cnet.com/windows/icon-tools/,Icon Tools,http://download.cnet.com/Pretty-Icon-Maker/3000-18486_4-10416354.html,Pretty Icon Maker,Version: 1.5, File size: 830.31K ,Date added: July 28  2005,Price: Free to try (30-day trial); $19.95 to buy ,Operating system: Windows 95/NT/98/Me/2000/XP,Total downloads: 4 027,Downloads last week: 1
http://download.cnet.com/windows/desktop-enhancements/,desktop-enhancements,http://download.cnet.com/windows/icon-tools/,Icon Tools,http://download.cnet.com/IconBuilder-XP/3000-18486_4-10428681.html,IconBuilder XP,Version: 1.1, File size: 2.05MB ,Date added: August 19  2005,Price: Free to try (Start-up delay); $69.00 to buy ,Operating system: Windows NT/98/Me/2000/XP,Total downloads: 5 470,Downloads last week: 1
http://download.cnet.com/windows/desktop-enhancements/,desktop-enhancements,http://download.cnet.com/windows/icon-tools/,Icon Tools,http://download.cnet.com/Image-To-Icon-Convertor/3000-18486_4-10574183.html,Image To Icon Convertor,Version: 3.1, File size: 3.5MB ,Date added: November 30  2006,Price: Free to try (5-use trial); $5.00 to buy ,Operating system: Windows XP,Total downloads: 5 067,Downloads last week: 1
http://download.cnet.com/windows/desktop-enhancements/,desktop-enhancements,http://download.cnet.com/windows/icon-tools/,Icon Tools,http://download.cnet.com/My-Buddy-Icons/3000-18486_4-10505472.html,My Buddy Icons,Version: 4.96 Build 80827, File size: 7.62MB ,Date added: January 08  2010,Price: Free to try (30-day trial); $29.99 to buy ,Operating system: Windows NT/98/Me/2000/XP,Total downloads: 36 674,Downloads last week: 1
http://download.cnet.com/windows/desktop-enhancements/,desktop-enhancements,http://download.cnet.com/windows/icon-tools/,Icon Tools,http://download.cnet.com/AniFX/3000-18486_4-75332538.html,AniFX,Version: 1.0, File size: 1.47MB ,Date added: November 18  2008,Price: Free ,Operating system: Windows 98/Me/2000/XP/Vista,Total downloads: 208,Downloads last week: 1
http://download.cnet.com/windows/desktop-enhancements/,desktop-enhancements,http://download.cnet.com/windows/icon-tools/,Icon Tools,http://download.cnet.com/ArtIcons/3000-18486_4-29895.html,ArtIcons,Version: 5.43, File size: 6.75MB ,Date added: October 18  2013,Price: Free to try (30-day trial); $29.95 to buy (Buy it now) ,Operating system: Windows NT/98/Me/2000/XP/2003/Vista/Server 2008/7/8,Total downloads: 226,Downloads last week: 1
http://download.cnet.com/windows/desktop-enhancements/,desktop-enhancements,http://download.cnet.com/windows/icon-tools/,Icon Tools,http://download.cnet.com/We-Image-to-Icon-Converter/3000-18486_4-75788667.html,We Image to Icon Converter,Version: 2.1, File size: 4.17MB ,Date added: October 08  2012,Price: Free to try; $9.95 to buy ,Operating system: Windows 2000/XP/2003/Vista/7/8,Total downloads: 93,Downloads last week: 1
