http://download.cnet.com/windows/utilities-and-operating-systems/?tag=rb_content;main,utilities-and-operating-systems,http://download.cnet.com/windows/uninstallers/,Uninstallers,http://download.cnet.com/IObit-Uninstaller/3000-2018_4-75161625.html,IObit Uninstaller,Version: 3.2.0.128, File size: 11.99MB ,Date added: March 12  2014,Price: Free ,Operating system: Windows 2000/XP/Vista/7/8,Total downloads: 2 868 407,Downloads last week: 143 565
http://download.cnet.com/windows/utilities-and-operating-systems/?tag=rb_content;main,utilities-and-operating-systems,http://download.cnet.com/windows/uninstallers/,Uninstallers,http://download.cnet.com/Revo-Uninstaller/3000-2018_4-10687648.html,Revo Uninstaller,Version: 1.95, File size: 2.5MB ,Date added: July 05  2013,Price: Free ,Operating system: Windows XP/Vista/7/8,Total downloads: 6 287 059,Downloads last week: 11 479
http://download.cnet.com/windows/utilities-and-operating-systems/?tag=rb_content;main,utilities-and-operating-systems,http://download.cnet.com/windows/uninstallers/,Uninstallers,http://download.cnet.com/Anvi-Slim-Toolbar/3000-2018_4-75931222.html,Anvi Slim Toolbar,Version: 1.3, File size: 9.57MB ,Date added: March 04  2014,Price: Free to try (15-day trial); $29.98 to buy (Buy it now) ,Operating system: Windows XP/2003/Vista/7/8,Total downloads: 94 300,Downloads last week: 1 806
http://download.cnet.com/windows/utilities-and-operating-systems/?tag=rb_content;main,utilities-and-operating-systems,http://download.cnet.com/windows/uninstallers/,Uninstallers,http://download.cnet.com/Advanced-Uninstaller-Pro/3000-2018_4-10069986.html,Advanced Uninstaller Pro,Version: 11.33, File size: 15.63MB ,Date added: March 21  2014,Price: Free ,Operating system: Windows NT/98/Me/2000/XP/2003/Vista/Server 2008/7/8,Total downloads: 2 290 468,Downloads last week: 25 739
http://download.cnet.com/windows/utilities-and-operating-systems/?tag=rb_content;main,utilities-and-operating-systems,http://download.cnet.com/windows/uninstallers/,Uninstallers,http://dw.cbsi.com/redir?edId=3&pid=13659022&mfgId=6288537&merId=6288537&ltype=dl_elite_gen&lop=linktitle&oId=3150-2096_4-0&ontId=2096_4&ttag=lst-1&destUrl=http%3A%2F%2Fdownload.cnet.com%2FWise-Program-Uninstaller%2F3000-2018_4-75798277.html&oid=3150-2096_4-0&siteId=4&pguid=16ec6bd6863954cac8af8fe1,Wise Program Uninstaller,Version: 1.60.79, File size: 2.86MB ,Date added: March 20  2014,Price: Free ,Operating system: Windows XP/2003/Vista/Server 2008/7/8,Total downloads: 424 083,Downloads last week: 7 472
http://download.cnet.com/windows/utilities-and-operating-systems/?tag=rb_content;main,utilities-and-operating-systems,http://download.cnet.com/windows/uninstallers/,Uninstallers,http://download.cnet.com/IObit-Uninstaller-Portable/3000-2018_4-75337675.html,IObit Uninstaller Portable,Version: 3.0.4.922, File size: 8.99MB ,Date added: January 20  2014,Price: Free ,Operating system: Windows 2000/XP/Vista/7/8,Total downloads: 67 643,Downloads last week: 3 271
http://download.cnet.com/windows/utilities-and-operating-systems/?tag=rb_content;main,utilities-and-operating-systems,http://download.cnet.com/windows/uninstallers/,Uninstallers,http://download.cnet.com/SlimComputer/3000-2018_4-75279938.html,SlimComputer,Version: 1.3.30878, File size: 654.31K ,Date added: July 10  2013,Price: Free ,Operating system: Windows XP/Vista/7/8,Total downloads: 762 645,Downloads last week: 3 071
http://download.cnet.com/windows/utilities-and-operating-systems/?tag=rb_content;main,utilities-and-operating-systems,http://download.cnet.com/windows/uninstallers/,Uninstallers,http://download.cnet.com/Avast-Software-Uninstall-Utility/3000-2018_4-75321984.html,Avast Software Uninstall Utility,Version: 8.0.1489.300, File size: 369.06K ,Date added: October 01  2013,Price: Free ,Operating system: Windows 2000/XP/Vista/7,Total downloads: 26 355,Downloads last week: 487
http://download.cnet.com/windows/utilities-and-operating-systems/?tag=rb_content;main,utilities-and-operating-systems,http://download.cnet.com/windows/uninstallers/,Uninstallers,http://download.cnet.com/Revo-Uninstaller-Portable/3000-2018_4-75337847.html,Revo Uninstaller Portable,Version: 1.95, File size: 2.66MB ,Date added: July 08  2013,Price: Free ,Operating system: Windows 2000/XP/Vista/7/8,Total downloads: 77 910,Downloads last week: 572
http://download.cnet.com/windows/utilities-and-operating-systems/?tag=rb_content;main,utilities-and-operating-systems,http://download.cnet.com/windows/uninstallers/,Uninstallers,http://download.cnet.com/Uninstall-Tool/3000-2018_4-10662647.html,Uninstall Tool,Version: 3.3.3, File size: 3.53MB ,Date added: January 14  2014,Price: Free to try (30-day trial); $24.95 to buy (Buy it now) ,Operating system: Windows 2000/XP/2003/Vista/Server 2008/7/8,Total downloads: 36 550,Downloads last week: 389
http://download.cnet.com/windows/utilities-and-operating-systems/?tag=rb_content;main,utilities-and-operating-systems,http://download.cnet.com/windows/uninstallers/,Uninstallers,http://download.cnet.com/WindowexeAllkiller/3000-2018_4-76011874.html,WindowexeAllkiller,Version: 1.0.5167.27240, File size: 159.8K ,Date added: February 27  2014,Price: Free ,Operating system: Windows 2000/XP/Vista/7/8,Total downloads: 8 622,Downloads last week: 386
http://download.cnet.com/windows/utilities-and-operating-systems/?tag=rb_content;main,utilities-and-operating-systems,http://download.cnet.com/windows/uninstallers/,Uninstallers,http://download.cnet.com/Perfect-Uninstaller/3000-2018_4-10803305.html,Perfect Uninstaller,Version: 6.3.3.9, File size: 3.33MB ,Date added: April 11  2011,Price: Free to try; $34.95 to buy ,Operating system: Windows 95/NT/98/Me/2000/XP/2003/Vista 32-bit/64-bit,Total downloads: 81 884,Downloads last week: 460
http://download.cnet.com/windows/utilities-and-operating-systems/?tag=rb_content;main,utilities-and-operating-systems,http://download.cnet.com/windows/uninstallers/,Uninstallers,http://download.cnet.com/Smart-Toolbar-Remover/3000-2018_4-10972491.html,Smart Toolbar Remover,Version: 2.2, File size: 1.37MB ,Date added: September 13  2013,Price: Free ,Operating system: Windows 2000/XP/2003/Vista/8,Total downloads: 22 021,Downloads last week: 339
http://download.cnet.com/windows/utilities-and-operating-systems/?tag=rb_content;main,utilities-and-operating-systems,http://download.cnet.com/windows/uninstallers/,Uninstallers,http://download.cnet.com/MV-RegClean/3000-2018_4-10712714.html,MV RegClean,Version: 5, File size: 1.36MB ,Date added: July 30  2007,Price: Free ,Operating system: Windows 95/NT/98/Me/2000/XP/Vista,Total downloads: 147 965,Downloads last week: 192
http://download.cnet.com/windows/utilities-and-operating-systems/?tag=rb_content;main,utilities-and-operating-systems,http://download.cnet.com/windows/uninstallers/,Uninstallers,http://download.cnet.com/Easy-Uninstaller/3000-2018_4-10286873.html,Easy Uninstaller,Version: 1.5 build 61, File size: 681.91K ,Date added: May 24  2005,Price: Free ,Operating system: Windows Me/XP,Total downloads: 493 133,Downloads last week: 250
http://download.cnet.com/windows/utilities-and-operating-systems/?tag=rb_content;main,utilities-and-operating-systems,http://download.cnet.com/windows/uninstallers/,Uninstallers,http://download.cnet.com/RemoveIE/3000-2018_4-76046702.html,RemoveIE,Version: 3.4, File size: 69.61K ,Date added: February 19  2014,Price: Free ,Operating system: Windows XP/2003/Vista/Server 2008/7,Total downloads: 976,Downloads last week: 63
http://download.cnet.com/windows/utilities-and-operating-systems/?tag=rb_content;main,utilities-and-operating-systems,http://download.cnet.com/windows/uninstallers/,Uninstallers,http://download.cnet.com/Uninstaller/3000-2018_4-75765393.html,Uninstaller,Version: 3.0, File size: 1.42MB ,Date added: September 08  2013,Price: Free ,Operating system: Windows XP/2003/Vista/Server 2008/7/8,Total downloads: 16 203,Downloads last week: 176
http://download.cnet.com/windows/utilities-and-operating-systems/?tag=rb_content;main,utilities-and-operating-systems,http://download.cnet.com/windows/uninstallers/,Uninstallers,http://download.cnet.com/DirectX-Happy-Uninstall/3000-2018_4-10199393.html,DirectX Happy Uninstall,Version: 6.2, File size: 24.97MB ,Date added: December 08  2013,Price: Free to try (Limited functionality); $19.95 to buy (Buy it now) ,Operating system: Windows 2000/XP/2003/Vista/Server 2008/7/8,Total downloads: 144 396,Downloads last week: 118
http://download.cnet.com/windows/utilities-and-operating-systems/?tag=rb_content;main,utilities-and-operating-systems,http://download.cnet.com/windows/uninstallers/,Uninstallers,http://download.cnet.com/Cleanse-Uninstaller-Pro/3000-2018_4-10498026.html,Cleanse Uninstaller Pro,Version: 10.0, File size: 2.3MB ,Date added: July 21  2012,Price: Free to try (30-day trial); $19.95 to buy (Buy it now) ,Operating system: Windows NT/98/Me/2000/XP/2003/Vista/Server 2008/7,Total downloads: 73 344,Downloads last week: 134
http://download.cnet.com/windows/utilities-and-operating-systems/?tag=rb_content;main,utilities-and-operating-systems,http://download.cnet.com/windows/uninstallers/,Uninstallers,http://download.cnet.com/GeekUninstaller/3000-2018_4-75747354.html,GeekUninstaller,Version: 1.1.1.16, File size: 1.94MB ,Date added: May 13  2013,Price: Free ,Operating system: Windows XP/2003/Vista/Server 2008/7/8,Total downloads: 4 275,Downloads last week: 81
http://download.cnet.com/windows/utilities-and-operating-systems/?tag=rb_content;main,utilities-and-operating-systems,http://download.cnet.com/windows/uninstallers/,Uninstallers,http://download.cnet.com/Easy-Remover-2004-Pro/3000-2018_4-10288286.html,Easy Remover 2004 Pro,Version: 3.0, File size: 3.09MB ,Date added: May 13  2004,Price: Free to try (15-day Trial); $24.95 to buy ,Operating system: Windows 95/NT/98/Me/2000/XP,Total downloads: 59 653,Downloads last week: 60
http://download.cnet.com/windows/utilities-and-operating-systems/?tag=rb_content;main,utilities-and-operating-systems,http://download.cnet.com/windows/uninstallers/,Uninstallers,http://download.cnet.com/ZSoft-Uninstaller/3000-2018_4-10409090.html,ZSoft Uninstaller,Version: 2.5, File size: 1.17MB ,Date added: November 18  2010,Price: Free ,Operating system: Windows 2000/XP,Total downloads: 239 989,Downloads last week: 95
http://download.cnet.com/windows/utilities-and-operating-systems/?tag=rb_content;main,utilities-and-operating-systems,http://download.cnet.com/windows/uninstallers/,Uninstallers,http://download.cnet.com/Comodo-Programs-Manager/3000-2018_4-75220745.html,Comodo Programs Manager,Version: 1.3.2.30, File size: 10.76MB ,Date added: September 08  2011,Price: Free ,Operating system: Windows 2000/XP/2003/7,Total downloads: 6 023,Downloads last week: 50
http://download.cnet.com/windows/utilities-and-operating-systems/?tag=rb_content;main,utilities-and-operating-systems,http://download.cnet.com/windows/uninstallers/,Uninstallers,http://download.cnet.com/Smarty-Uninstaller-2012/3000-2018_4-10493630.html,Smarty Uninstaller 2012,Version: 3.0.1, File size: 4.86MB ,Date added: June 07  2011,Price: Free to try (21-day trial); $27.95 to buy (Buy it now) ,Operating system: Windows 2000/XP/2003/Vista/Server 2008/7,Total downloads: 90 793,Downloads last week: 59
http://download.cnet.com/windows/utilities-and-operating-systems/?tag=rb_content;main,utilities-and-operating-systems,http://download.cnet.com/windows/uninstallers/,Uninstallers,http://download.cnet.com/System-Tray-Cleaner/3000-2018_4-10910704.html,System Tray Cleaner,Version: 4.0, File size: 1.17MB ,Date added: September 15  2013,Price: Free ,Operating system: Windows XP/Vista/7/8,Total downloads: 100 813,Downloads last week: 50
http://download.cnet.com/windows/utilities-and-operating-systems/?tag=rb_content;main,utilities-and-operating-systems,http://download.cnet.com/windows/uninstallers/,Uninstallers,http://download.cnet.com/Trash-It/3000-2018_4-10038915.html,Trash It,Version: 1.80, File size: 1.67MB ,Date added: July 19  2004,Price: Free to try (30-day trial); $29.50 to buy ,Operating system: Windows 95/NT/98/Me/2000/XP,Total downloads: 53 063,Downloads last week: 40
http://download.cnet.com/windows/utilities-and-operating-systems/?tag=rb_content;main,utilities-and-operating-systems,http://download.cnet.com/windows/uninstallers/,Uninstallers,http://download.cnet.com/Uberstaller/3000-2018_4-75157030.html,Uberstaller,Version: 2.1, File size: 4.88MB ,Date added: May 13  2010,Price: Free ,Operating system: Windows XP/2003/Vista/Server 2008/7,Total downloads: 2 705,Downloads last week: 59
http://download.cnet.com/windows/utilities-and-operating-systems/?tag=rb_content;main,utilities-and-operating-systems,http://download.cnet.com/windows/uninstallers/,Uninstallers,http://download.cnet.com/Clean-Uninstaller/3000-2018_4-10401847.html,Clean Uninstaller,Version: 2, File size: 3.75MB ,Date added: August 10  2005,Price: Free to try (10-day trial); $29.00 to buy ,Operating system: Windows NT/98/Me/2000/XP,Total downloads: 73 958,Downloads last week: 57
http://download.cnet.com/windows/utilities-and-operating-systems/?tag=rb_content;main,utilities-and-operating-systems,http://download.cnet.com/windows/uninstallers/,Uninstallers,http://download.cnet.com/Decrap-my-Computer/3000-2018_4-75915813.html,Decrap my Computer,Version: 3.0.0.1299, File size: 5.4MB ,Date added: May 30  2013,Price: Free ,Operating system: Windows 2000/XP/2003/Vista/Server 2008/7/8,Total downloads: 1 382,Downloads last week: 58
http://download.cnet.com/windows/utilities-and-operating-systems/?tag=rb_content;main,utilities-and-operating-systems,http://download.cnet.com/windows/uninstallers/,Uninstallers,http://download.cnet.com/Ashampoo-UnInstaller-5/3000-2018_4-10032301.html,Ashampoo UnInstaller 5,Version: 5.0.4, File size: 19.28MB ,Date added: January 22  2014,Price: Free to try (40-day trial); $29.99 to buy (Buy it now) ,Operating system: Windows XP/Vista/7/8,Total downloads: 1 184 001,Downloads last week: 50
http://download.cnet.com/windows/utilities-and-operating-systems/?tag=rb_content;main,utilities-and-operating-systems,http://download.cnet.com/windows/uninstallers/,Uninstallers,http://download.cnet.com/AppRemover/3000-2018_4-10909880.html,AppRemover,Version: 3.1.3.1, File size: 11.08MB ,Date added: July 30  2013,Price: Free ,Operating system: Windows 2000/XP/2003/Vista/Server 2008/7/8,Total downloads: 39 452,Downloads last week: 55
http://download.cnet.com/windows/utilities-and-operating-systems/?tag=rb_content;main,utilities-and-operating-systems,http://download.cnet.com/windows/uninstallers/,Uninstallers,http://download.cnet.com/Microsoft-Service-Pack-Uninstall-Tool-for-the-2007-Microsoft-Office-Suite/3000-2018_4-75451191.html,Microsoft Service Pack Uninstall Tool for the 2007 Microsoft Office Suite,Version: 1.0, File size: 755.02K ,Date added: April 24  2009,Price: Free ,Operating system: Windows XP/2003/Vista/Server 2008/XP SP3,Total downloads: 462,Downloads last week: 12
http://download.cnet.com/windows/utilities-and-operating-systems/?tag=rb_content;main,utilities-and-operating-systems,http://download.cnet.com/windows/uninstallers/,Uninstallers,http://download.cnet.com/DirectX-Happy-Uninstall-x64/3000-2018_4-75185432.html,DirectX Happy Uninstall x64,Version: 5.12, File size: 13.28MB ,Date added: August 26  2010,Price: Free to try (Limited functionality); $19.95 to buy (Buy it now) ,Operating system: Windows XP/2003/Vista/Server 2008/7,Total downloads: 5 972,Downloads last week: 14
http://download.cnet.com/windows/utilities-and-operating-systems/?tag=rb_content;main,utilities-and-operating-systems,http://download.cnet.com/windows/uninstallers/,Uninstallers,http://download.cnet.com/Brigg-Anti-Toolbar/3000-2018_4-76002010.html,Brigg Anti-Toolbar,Version: 2.0.2, File size: 4.83MB ,Date added: December 04  2013,Price: Free to try (30-day trial); $9.95 to buy (Buy it now) ,Operating system: Windows NT/2000/XP/2003/7/8,Total downloads: 6 871,Downloads last week: 12
http://download.cnet.com/windows/utilities-and-operating-systems/?tag=rb_content;main,utilities-and-operating-systems,http://download.cnet.com/windows/uninstallers/,Uninstallers,http://download.cnet.com/Soft4Boost-Toolbar-Cleaner/3000-2018_4-76018516.html,Soft4Boost Toolbar Cleaner,Version: 2.6.3.67, File size: 12.01MB ,Date added: March 20  2014,Price: Free ,Operating system: Windows XP/Vista/7/8,Total downloads: 238,Downloads last week: 34
http://download.cnet.com/windows/utilities-and-operating-systems/?tag=rb_content;main,utilities-and-operating-systems,http://download.cnet.com/windows/uninstallers/,Uninstallers,http://download.cnet.com/PCTuneUp-Free-Uninstaller/3000-2018_4-76111065.html,PCTuneUp Free Uninstaller,Version: 4.1.6, File size: 543.95K ,Date added: March 19  2014,Price: Free ,Operating system: Windows 2000/XP/2003/Vista/Server 2008/7/8,Total downloads: 19,Downloads last week: 19
http://download.cnet.com/windows/utilities-and-operating-systems/?tag=rb_content;main,utilities-and-operating-systems,http://download.cnet.com/windows/uninstallers/,Uninstallers,http://download.cnet.com/Uninstall-Manager/3000-2018_4-10529137.html,Uninstall Manager,Version: 4.3, File size: 1.1MB ,Date added: May 05  2006,Price: Free to try (30-day trial); $14.95 to buy (Buy it now) ,Operating system: Windows 95/98/Me/2000/XP,Total downloads: 236 750,Downloads last week: 29
http://download.cnet.com/windows/utilities-and-operating-systems/?tag=rb_content;main,utilities-and-operating-systems,http://download.cnet.com/windows/uninstallers/,Uninstallers,http://download.cnet.com/Soft-Organizer/3000-2018_4-75450873.html,Soft Organizer,Version: 3.31, File size: 3.9MB ,Date added: January 22  2014,Price: Free to try (Limited functionality); $30.00 to buy (Buy it now) ,Operating system: Windows XP/Vista/7/8,Total downloads: 3 355,Downloads last week: 15
http://download.cnet.com/windows/utilities-and-operating-systems/?tag=rb_content;main,utilities-and-operating-systems,http://download.cnet.com/windows/uninstallers/,Uninstallers,http://download.cnet.com/Menu-Uninstaller-Ultra/3000-2018_4-75703121.html,Menu Uninstaller Ultra,Version: 4.0.4, File size: 2.28MB ,Date added: February 18  2014,Price: Free ,Operating system: Windows XP/Vista/7,Total downloads: 891,Downloads last week: 12
http://download.cnet.com/windows/utilities-and-operating-systems/?tag=rb_content;main,utilities-and-operating-systems,http://download.cnet.com/windows/uninstallers/,Uninstallers,http://download.cnet.com/Super-File-Shredder/3000-2018_4-75728735.html,Super File Shredder,Version: 4.1.2, File size: 2.39MB ,Date added: June 07  2012,Price: Free ,Operating system: Windows 2000/XP/2003/Vista/Server 2008/7,Total downloads: 1 478,Downloads last week: 10
http://download.cnet.com/windows/utilities-and-operating-systems/?tag=rb_content;main,utilities-and-operating-systems,http://download.cnet.com/windows/uninstallers/,Uninstallers,http://download.cnet.com/dUninstaller/3000-2018_4-75956710.html,dUninstaller,Version: 1.3.1, File size: 969.88K ,Date added: August 27  2013,Price: Free ,Operating system: Windows NT/98/Me/2000/XP/2003/Vista/7,Total downloads: 584,Downloads last week: 7
http://download.cnet.com/windows/utilities-and-operating-systems/?tag=rb_content;main,utilities-and-operating-systems,http://download.cnet.com/windows/uninstallers/,Uninstallers,http://download.cnet.com/Fresh-System/3000-2018_4-10262609.html,Fresh System,Version: 2.2, File size: 2.22MB ,Date added: May 22  2007,Price: Free to try (30-day trial); $19.00 to buy (Buy it now) ,Operating system: Windows 95/NT/98/Me/2000/XP,Total downloads: 27 247,Downloads last week: 9
http://download.cnet.com/windows/utilities-and-operating-systems/?tag=rb_content;main,utilities-and-operating-systems,http://download.cnet.com/windows/uninstallers/,Uninstallers,http://download.cnet.com/WinPatrolToGo/3000-2018_4-10845900.html,WinPatrolToGo,Version: 28.1.2013, File size: 731.22K ,Date added: May 29  2013,Price: Free ,Operating system: Windows XP/2003/Vista/Server 2008/7,Total downloads: 9 732,Downloads last week: 8
http://download.cnet.com/windows/utilities-and-operating-systems/?tag=rb_content;main,utilities-and-operating-systems,http://download.cnet.com/windows/uninstallers/,Uninstallers,http://download.cnet.com/DLL-Toys-International-Edition/3000-2018_4-10129878.html,DLL Toys International Edition,Version: 2004 R4, File size: 1.18MB ,Date added: September 26  2005,Price: Free to try (Deletion of DLLs  loading  and saving log disabled); $18.95 to buy ,Operating system: Windows 95/NT/98/Me/2000/XP,Total downloads: 43 525,Downloads last week: 7
http://download.cnet.com/windows/utilities-and-operating-systems/?tag=rb_content;main,utilities-and-operating-systems,http://download.cnet.com/windows/uninstallers/,Uninstallers,http://download.cnet.com/Uninstaller-Pro/3000-2018_4-10299750.html,Uninstaller Pro,Version: 2.47, File size: 1.98MB ,Date added: July 05  2004,Price: Free to try (15-day trial); $9.95 to buy ,Operating system: Windows 95/NT/98/Me/2000/XP,Total downloads: 52 281,Downloads last week: 9
http://download.cnet.com/windows/utilities-and-operating-systems/?tag=rb_content;main,utilities-and-operating-systems,http://download.cnet.com/windows/uninstallers/,Uninstallers,http://download.cnet.com/Menu-Uninstaller/3000-2018_4-75451133.html,Menu Uninstaller,Version: 1.2.3, File size: 1.93MB ,Date added: July 23  2011,Price: Free ,Operating system: Windows XP/Vista/7,Total downloads: 2 008,Downloads last week: 10
http://download.cnet.com/windows/utilities-and-operating-systems/?tag=rb_content;main,utilities-and-operating-systems,http://download.cnet.com/windows/uninstallers/,Uninstallers,http://download.cnet.com/Uninstall-Expert/3000-2018_4-10973128.html,Uninstall Expert,Version: 3.0.2.23, File size: 2.89MB ,Date added: January 13  2011,Price: Free to try (7-day/10-use trial); $17.99 to buy (Buy it now) ,Operating system: Windows 2000/XP/Vista,Total downloads: 10 343,Downloads last week: 9
http://download.cnet.com/windows/utilities-and-operating-systems/?tag=rb_content;main,utilities-and-operating-systems,http://download.cnet.com/windows/uninstallers/,Uninstallers,http://download.cnet.com/Wohoo-IE-Care/3000-2018_4-76057468.html,Wohoo IE Care,Version: 1.02, File size: 22.84MB ,Date added: December 19  2013,Price: Free ,Operating system: Windows 2000/XP/2003/Vista/Server 2008/7/8,Total downloads: 48,Downloads last week: 5
http://download.cnet.com/windows/utilities-and-operating-systems/?tag=rb_content;main,utilities-and-operating-systems,http://download.cnet.com/windows/uninstallers/,Uninstallers,http://download.cnet.com/XPS-Removal-Tool/3000-2018_4-10671242.html,XPS Removal Tool,Version: 3.05, File size: 387.51K ,Date added: July 29  2013,Price: Free ,Operating system: Windows 2000/XP/2003/Vista/Server 2008/7/8,Total downloads: 2 282,Downloads last week: 6
http://download.cnet.com/windows/utilities-and-operating-systems/?tag=rb_content;main,utilities-and-operating-systems,http://download.cnet.com/windows/uninstallers/,Uninstallers,http://download.cnet.com/Remove-IE10/3000-2018_4-76038280.html,Remove IE10,Version: 2.1, File size: 888.43K ,Date added: January 28  2014,Price: Free ,Operating system: Windows Server 2008/7/8,Total downloads: 133,Downloads last week: 7
http://download.cnet.com/windows/utilities-and-operating-systems/?tag=rb_content;main,utilities-and-operating-systems,http://download.cnet.com/windows/uninstallers/,Uninstallers,http://download.cnet.com/Smart-Uninstaller-Pro/3000-2018_4-76007999.html,Smart Uninstaller Pro,Version: 4.5.6, File size: 4.08MB ,Date added: October 09  2013,Price: Free to try (Scan only); $39.97 to buy (Buy it now) ,Operating system: Windows NT/98/2000/XP/2003/Vista/Server 2008/7/8,Total downloads: 63,Downloads last week: 4
http://download.cnet.com/windows/utilities-and-operating-systems/?tag=rb_content;main,utilities-and-operating-systems,http://download.cnet.com/windows/uninstallers/,Uninstallers,http://download.cnet.com/Windows-Live-Messenger-Uninstaller/3000-2018_4-75285670.html,Windows Live Messenger Uninstaller,Version: 0.01, File size: 668K ,Date added: September 07  2010,Price: Free ,Operating system: Windows XP/Vista/Server 2008/7,Total downloads: 2 103,Downloads last week: 4
http://download.cnet.com/windows/utilities-and-operating-systems/?tag=rb_content;main,utilities-and-operating-systems,http://download.cnet.com/windows/uninstallers/,Uninstallers,http://download.cnet.com/MCS-Uninstaller-2008/3000-2018_4-10900433.html,MCS Uninstaller 2008,Version: 1.3.9, File size: 2.96MB ,Date added: October 29  2008,Price: Free to try (30-day trial); $12.00 to buy (Buy it now) ,Operating system: Windows 95/98/Me/2000/XP/Vista,Total downloads: 767,Downloads last week: 3
http://download.cnet.com/windows/utilities-and-operating-systems/?tag=rb_content;main,utilities-and-operating-systems,http://download.cnet.com/windows/uninstallers/,Uninstallers,http://download.cnet.com/Tenebril-Uninstaller/3000-2018_4-10185806.html,Tenebril Uninstaller,Version: 1.2, File size: 2.47MB ,Date added: August 26  2003,Price: Free to try (15-day trial); $19.95 to buy ,Operating system: Windows 95/NT/98/Me/2000/XP,Total downloads: 26 148,Downloads last week: 5
http://download.cnet.com/windows/utilities-and-operating-systems/?tag=rb_content;main,utilities-and-operating-systems,http://download.cnet.com/windows/uninstallers/,Uninstallers,http://download.cnet.com/Handy-Uninstaller/3000-2018_4-10881124.html,Handy Uninstaller,Version: 1.2, File size: 1.2MB ,Date added: August 28  2012,Price: Free ,Operating system: Windows NT/98/Me/2000/XP/2003/Vista/Server 2008,Total downloads: 42 221,Downloads last week: 5
http://download.cnet.com/windows/utilities-and-operating-systems/?tag=rb_content;main,utilities-and-operating-systems,http://download.cnet.com/windows/uninstallers/,Uninstallers,http://download.cnet.com/Mirekusoft-Install-Monitor/3000-2018_4-75758794.html,Mirekusoft Install Monitor,Version: 2.0.218, File size: 3.25MB ,Date added: April 15  2013,Price: Free to try (30-day trial); $11.99 to buy (Buy it now) ,Operating system: Windows XP/Vista/7/8,Total downloads: 46,Downloads last week: 1
http://download.cnet.com/windows/utilities-and-operating-systems/?tag=rb_content;main,utilities-and-operating-systems,http://download.cnet.com/windows/uninstallers/,Uninstallers,http://download.cnet.com/PartitionCleaner/3000-2018_4-10794667.html,PartitionCleaner,Version: 1.2, File size: 436K ,Date added: February 08  2008,Price: Free ,Operating system: Windows 2000/XP,Total downloads: 1 931,Downloads last week: 3
http://download.cnet.com/windows/utilities-and-operating-systems/?tag=rb_content;main,utilities-and-operating-systems,http://download.cnet.com/windows/uninstallers/,Uninstallers,http://download.cnet.com/Yeahbit-Uninstaller/3000-2018_4-10964398.html,Yeahbit Uninstaller,Version: 1.08, File size: 1MB ,Date added: March 30  2011,Price: Free ,Operating system: Windows NT/98/Me/2000/XP/2003/Vista/Server 2008/7,Total downloads: 336,Downloads last week: 3
http://download.cnet.com/windows/utilities-and-operating-systems/?tag=rb_content;main,utilities-and-operating-systems,http://download.cnet.com/windows/uninstallers/,Uninstallers,http://download.cnet.com/UninstallButton/3000-2018_4-75598584.html,UninstallButton,Version: 1.4.0.2, File size: 549.07K ,Date added: November 22  2011,Price: Free to try (30-day trial); $24.90 to buy (Buy it now) ,Operating system: Windows 2000/XP/2003/Vista/Server 2008/7,Total downloads: 47,Downloads last week: 3
http://download.cnet.com/windows/utilities-and-operating-systems/?tag=rb_content;main,utilities-and-operating-systems,http://download.cnet.com/windows/uninstallers/,Uninstallers,http://download.cnet.com/Express-Uninstaller/3000-2018_4-75996123.html,Express Uninstaller,Version: 2.2, File size: 2.39MB ,Date added: September 17  2013,Price: Free to try (Scan only); $29.95 to buy (Buy it now) ,Operating system: Windows 2000/XP/2003/Vista/7/8,Total downloads: 47,Downloads last week: 2
http://download.cnet.com/windows/utilities-and-operating-systems/?tag=rb_content;main,utilities-and-operating-systems,http://download.cnet.com/windows/uninstallers/,Uninstallers,http://download.cnet.com/Windows-Uninstaller/3000-2018_4-75882611.html,Windows Uninstaller,Version: 1.5, File size: 426.11K ,Date added: March 11  2013,Price: Free ,Operating system: Windows XP/Vista/7/8,Total downloads: 173,Downloads last week: 2
http://download.cnet.com/windows/utilities-and-operating-systems/?tag=rb_content;main,utilities-and-operating-systems,http://download.cnet.com/windows/uninstallers/,Uninstallers,http://download.cnet.com/UninstallButton-Free/3000-2018_4-75726942.html,UninstallButton Free,Version: 1.6.0.3, File size: 543.04K ,Date added: June 03  2012,Price: Free ,Operating system: Windows 2000/XP/2003/Vista/Server 2008/7,Total downloads: 110,Downloads last week: 2
http://download.cnet.com/windows/utilities-and-operating-systems/?tag=rb_content;main,utilities-and-operating-systems,http://download.cnet.com/windows/uninstallers/,Uninstallers,http://download.cnet.com/Soft4Boost-Any-Uninstaller/3000-2018_4-75833272.html,Soft4Boost Any Uninstaller,Version: 5.2.3.297, File size: 13.83MB ,Date added: March 24  2014,Price: Free ,Operating system: Windows XP/2003/Vista/7/8,Total downloads: 616,Downloads last week: 3
http://download.cnet.com/windows/utilities-and-operating-systems/?tag=rb_content;main,utilities-and-operating-systems,http://download.cnet.com/windows/uninstallers/,Uninstallers,http://download.cnet.com/Ssetup/3000-2018_4-75952618.html,Ssetup,Version: 5.16.3, File size: 326.63K ,Date added: July 10  2013,Price: Free ,Operating system: Windows 95/98/2000/XP/Vista/7/8,Total downloads: 19,Downloads last week: 2
http://download.cnet.com/windows/utilities-and-operating-systems/?tag=rb_content;main,utilities-and-operating-systems,http://download.cnet.com/windows/uninstallers/,Uninstallers,http://download.cnet.com/HS-WinPerfect-SE/3000-2018_4-10791973.html,HS WinPerfect SE,Version: 5.92, File size: 4.45MB ,Date added: January 23  2008,Price: Free ,Operating system: Windows 2000/XP/Vista,Total downloads: 2 213,Downloads last week: 2
http://download.cnet.com/windows/utilities-and-operating-systems/?tag=rb_content;main,utilities-and-operating-systems,http://download.cnet.com/windows/uninstallers/,Uninstallers,http://download.cnet.com/WinInizio-PenSuite/3000-2018_4-10624489.html,WinInizio PenSuite,Version: Utilities 2.1, File size: 44.96MB ,Date added: October 03  2007,Price: Free ,Operating system: Windows NT/98/Me/2000/XP/Vista,Total downloads: 8 336,Downloads last week: 2
http://download.cnet.com/windows/utilities-and-operating-systems/?tag=rb_content;main,utilities-and-operating-systems,http://download.cnet.com/windows/uninstallers/,Uninstallers,http://download.cnet.com/Free-Uninstall/3000-2018_4-75974758.html,Free Uninstall,Version: 6.5.6, File size: 603.47K ,Date added: January 28  2014,Price: Free ,Operating system: Windows 2000/XP/2003/Vista/Server 2008/7/8,Total downloads: 248,Downloads last week: 2
http://download.cnet.com/windows/utilities-and-operating-systems/?tag=rb_content;main,utilities-and-operating-systems,http://download.cnet.com/windows/uninstallers/,Uninstallers,http://download.cnet.com/RemoteRemoveIE/3000-2018_4-76091749.html,RemoteRemoveIE,Version: 1.0, File size: 693.12K ,Date added: February 26  2014,Price: Free ,Operating system: Windows 2003/Vista/Server 2008/7,Total downloads: 85,Downloads last week: 2
http://download.cnet.com/windows/utilities-and-operating-systems/?tag=rb_content;main,utilities-and-operating-systems,http://download.cnet.com/windows/uninstallers/,Uninstallers,http://download.cnet.com/Daedrasoft-Little-Cleaner/3000-2018_4-75706852.html,Daedrasoft Little Cleaner,Version: 1.0, File size: 381.27K ,Date added: April 23  2012,Price: Free to try (Limited time per use); $59.95 to buy (Buy it now) ,Operating system: Windows 98/Me/XP/Vista/7,Total downloads: 24,Downloads last week: 1
http://download.cnet.com/windows/utilities-and-operating-systems/?tag=rb_content;main,utilities-and-operating-systems,http://download.cnet.com/windows/uninstallers/,Uninstallers,http://download.cnet.com/Remove/3000-2018_4-10042853.html,Remove,Version: 4.1, File size: 54.73K ,Date added: July 06  2010,Price: Free to try (30-day trial); $19.95 to buy ,Operating system: Windows 95/NT/98/Me/2000/XP/2003/Vista/7,Total downloads: 188 316,Downloads last week: 2
http://download.cnet.com/windows/utilities-and-operating-systems/?tag=rb_content;main,utilities-and-operating-systems,http://download.cnet.com/windows/uninstallers/,Uninstallers,http://download.cnet.com/Ticno-Uninstaller/3000-2018_4-75715870.html,Ticno Uninstaller,Version: 0.1.0.48, File size: 666.77K ,Date added: November 14  2012,Price: Free ,Operating system: Windows XP/Vista/7,Total downloads: 73,Downloads last week: 1
http://download.cnet.com/windows/utilities-and-operating-systems/?tag=rb_content;main,utilities-and-operating-systems,http://download.cnet.com/windows/uninstallers/,Uninstallers,http://download.cnet.com/Safarp/3000-2018_4-10400326.html,Safarp,Version: 0.5, File size: 130.16K ,Date added: August 27  2005,Price: Free ,Operating system: Windows 2000/XP,Total downloads: 17 760,Downloads last week: 2
http://download.cnet.com/windows/utilities-and-operating-systems/?tag=rb_content;main,utilities-and-operating-systems,http://download.cnet.com/windows/uninstallers/,Uninstallers,http://download.cnet.com/ZSoft-Uninstaller-Portable/3000-2018_4-75445569.html,ZSoft Uninstaller Portable,Version: 2.5, File size: 1.53MB ,Date added: April 04  2011,Price: Free ,Operating system: Windows 2000/XP/Vista/7,Total downloads: 468,Downloads last week: 2
http://download.cnet.com/windows/utilities-and-operating-systems/?tag=rb_content;main,utilities-and-operating-systems,http://download.cnet.com/windows/uninstallers/,Uninstallers,http://download.cnet.com/Fresh-Start-Professional-Edition/3000-2018_4-10440012.html,Fresh Start Professional Edition,Version: 2.41, File size: 694.76K ,Date added: October 21  2005,Price: Free to try (30-day trial); $29.90 to buy (Buy it now) ,Operating system: Windows 95/NT/98/Me/2000/XP,Total downloads: 2 736,Downloads last week: 1
http://download.cnet.com/windows/utilities-and-operating-systems/?tag=rb_content;main,utilities-and-operating-systems,http://download.cnet.com/windows/uninstallers/,Uninstallers,http://download.cnet.com/Best-Uninstaller/3000-2018_4-75651356.html,Best Uninstaller,Version: 1.1.5, File size: 4.79MB ,Date added: April 12  2012,Price: Free to try (30-day trial); $6.99 to buy ,Operating system: Windows 2000/XP/Vista/7,Total downloads: 725,Downloads last week: 2
http://download.cnet.com/windows/utilities-and-operating-systems/?tag=rb_content;main,utilities-and-operating-systems,http://download.cnet.com/windows/uninstallers/,Uninstallers,http://download.cnet.com/Linera-Uninstall-Manager/3000-2018_4-10451866.html,Linera Uninstall Manager,Version: 1.2, File size: 3.7MB ,Date added: June 14  2006,Price: Free to try (30-day trial); $19.95 to buy (Buy it now) ,Operating system: Windows XP,Total downloads: 11 359,Downloads last week: 2
http://download.cnet.com/windows/utilities-and-operating-systems/?tag=rb_content;main,utilities-and-operating-systems,http://download.cnet.com/windows/uninstallers/,Uninstallers,http://download.cnet.com/System-Gate/3000-2018_4-10824772.html,System Gate,Version: 5.2, File size: 2.21MB ,Date added: March 22  2011,Price: Free to try (14-day trial); $19.99 to buy ,Operating system: Windows XP/Vista/7,Total downloads: 2 863,Downloads last week: 1
http://download.cnet.com/windows/utilities-and-operating-systems/?tag=rb_content;main,utilities-and-operating-systems,http://download.cnet.com/windows/uninstallers/,Uninstallers,http://download.cnet.com/DaRO-Uninstaller-2006/3000-2018_4-10533131.html,DaRO Uninstaller 2006,Version: 2, File size: 413.95K ,Date added: June 07  2006,Price: Free to try (30-day trial); $9.00 to buy (Buy it now) ,Operating system: Windows 3.x/95/NT/98/Me/2000/XP,Total downloads: 3 225,Downloads last week: 1
http://download.cnet.com/windows/utilities-and-operating-systems/?tag=rb_content;main,utilities-and-operating-systems,http://download.cnet.com/windows/uninstallers/,Uninstallers,http://download.cnet.com/Argente-Uninstall-Manager-Portable/3000-2018_4-75813459.html,Argente - Uninstall Manager Portable,Version: 2.5.0.7, File size: 4.39MB ,Date added: November 28  2012,Price: Free ,Operating system: Windows 2000/XP/2003/Vista/Server 2008/7,Total downloads: 78,Downloads last week: 1
http://download.cnet.com/windows/utilities-and-operating-systems/?tag=rb_content;main,utilities-and-operating-systems,http://download.cnet.com/windows/uninstallers/,Uninstallers,http://download.cnet.com/Uninstall-Master-X2/3000-2018_4-10913974.html,Uninstall Master X2,Version: 1.0, File size: 10.54MB ,Date added: April 28  2009,Price: Free ,Operating system: Windows 98/2000/XP/Vista Home Basic,Total downloads: 501,Downloads last week: 1
http://download.cnet.com/windows/utilities-and-operating-systems/?tag=rb_content;main,utilities-and-operating-systems,http://download.cnet.com/windows/uninstallers/,Uninstallers,http://download.cnet.com/HD-Observer/3000-2018_4-10432420.html,HD Observer,Version: 2.0, File size: 23.42MB ,Date added: September 06  2005,Price: Free to try (30-day trial); $24.90 to buy (Buy it now) ,Operating system: Windows XP,Total downloads: 2 240,Downloads last week: 1
http://download.cnet.com/windows/utilities-and-operating-systems/?tag=rb_content;main,utilities-and-operating-systems,http://download.cnet.com/windows/uninstallers/,Uninstallers,http://download.cnet.com/EuroCent-Secure-Uninstaller/3000-2018_4-75812829.html,EuroCent Secure Uninstaller,Version: 1.0, File size: 1.01MB ,Date added: November 22  2012,Price: Free ,Operating system: Windows XP/Vista/7,Total downloads: 60,Downloads last week: 1
http://download.cnet.com/windows/utilities-and-operating-systems/?tag=rb_content;main,utilities-and-operating-systems,http://download.cnet.com/windows/uninstallers/,Uninstallers,http://download.cnet.com/ID-Data-Wipe/3000-2018_4-10804235.html,ID Data Wipe,Version: 3.5.0, File size: 1.2MB ,Date added: May 24  2010,Price: Free to try (14-day trial); $47.00 to buy ,Operating system: Windows 95/NT/98/Me/2000/XP/Vista,Total downloads: 1 445,Downloads last week: 1
http://download.cnet.com/windows/utilities-and-operating-systems/?tag=rb_content;main,utilities-and-operating-systems,http://download.cnet.com/windows/uninstallers/,Uninstallers,http://download.cnet.com/DELETE-Deletion-System/3000-2018_4-10540172.html,DELETE Deletion System,Version: 1, File size: 930.48K ,Date added: June 08  2006,Price: Free ,Operating system: Windows 95/NT/98/Me/2000/XP,Total downloads: 35 873,Downloads last week: 1
http://download.cnet.com/windows/utilities-and-operating-systems/?tag=rb_content;main,utilities-and-operating-systems,http://download.cnet.com/windows/uninstallers/,Uninstallers,http://download.cnet.com/Soft191-Uninstaller/3000-2018_4-10671973.html,Soft191 Uninstaller,Version: 1, File size: 1.17MB ,Date added: May 17  2007,Price: Free ,Operating system: Windows NT/Me/XP/Vista,Total downloads: 3 712,Downloads last week: 1
http://download.cnet.com/windows/utilities-and-operating-systems/?tag=rb_content;main,utilities-and-operating-systems,http://download.cnet.com/windows/uninstallers/,Uninstallers,http://download.cnet.com/DaRO-Uninstaller/3000-2018_4-10466014.html,DaRO Uninstaller,Version: 1, File size: 452.83K ,Date added: December 16  2005,Price: Free to try (30-day trial); $12.50 to buy (Buy it now) ,Operating system: Windows NT/98/Me/2000/XP,Total downloads: 3 272,Downloads last week: 1
http://download.cnet.com/windows/utilities-and-operating-systems/?tag=rb_content;main,utilities-and-operating-systems,http://download.cnet.com/windows/uninstallers/,Uninstallers,http://download.cnet.com/Uninstall-Winner/3000-2018_4-10921891.html,Uninstall Winner,Version: 2.5.1.26, File size: 1.23MB ,Date added: January 26  2011,Price: Free to try ,Operating system: Windows 98/Me/2000/XP/2003/Vista,Total downloads: 475,Downloads last week: 1
http://download.cnet.com/windows/utilities-and-operating-systems/?tag=rb_content;main,utilities-and-operating-systems,http://download.cnet.com/windows/uninstallers/,Uninstallers,http://download.cnet.com/UninstallDummy/3000-2018_4-10389048.html,UninstallDummy,Version: 1.2, File size: 665.34K ,Date added: June 15  2005,Price: Free to try (10-day trial); $19.95 to buy (Buy it now) ,Operating system: Windows 95/NT/98/Me/2000/XP,Total downloads: 5 687,Downloads last week: 1
http://download.cnet.com/windows/utilities-and-operating-systems/?tag=rb_content;main,utilities-and-operating-systems,http://download.cnet.com/windows/uninstallers/,Uninstallers,http://download.cnet.com/Avast-Software-Uninstall-Utility-Beta/3000-2018_4-76002026.html,Avast Software Uninstall Utility Beta,Version: 9.0.2003 RC1, File size: 341.88K ,Date added: October 01  2013,Price: Free ,Operating system: Windows XP/Vista/7,Total downloads: 81,Downloads last week: 1
http://download.cnet.com/windows/utilities-and-operating-systems/?tag=rb_content;main,utilities-and-operating-systems,http://download.cnet.com/windows/uninstallers/,Uninstallers,http://download.cnet.com/Argente-Uninstall-Manager/3000-2018_4-75813457.html,Argente - Uninstall Manager,Version: 2.5.0.7, File size: 4.68MB ,Date added: November 28  2012,Price: Free ,Operating system: Windows 2000/XP/2003/Vista/Server 2008/7,Total downloads: 133,Downloads last week: 1
http://download.cnet.com/windows/utilities-and-operating-systems/?tag=rb_content;main,utilities-and-operating-systems,http://download.cnet.com/windows/uninstallers/,Uninstallers,http://download.cnet.com/Magic-Utilities/3000-2018_4-10462548.html,Magic Utilities,Version: 6.20, File size: 1.68MB ,Date added: August 31  2012,Price: Free to try (15-day trial); $39.95 to buy (Buy it now) ,Operating system: Windows NT/98/Me/2000/XP/2003/Vista/7,Total downloads: 990,Downloads last week: 1
http://download.cnet.com/windows/utilities-and-operating-systems/?tag=rb_content;main,utilities-and-operating-systems,http://download.cnet.com/windows/uninstallers/,Uninstallers,http://download.cnet.com/Enhanced-Uninstaller/3000-2018_4-10387853.html,Enhanced Uninstaller,Version: 4.6, File size: 1.39MB ,Date added: August 28  2007,Price: Free to try (Nag screen); $9.95 to buy (Buy it now) ,Operating system: Windows NT/98/Me/2000/XP/Vista/7,Total downloads: 12 826,Downloads last week: 1
http://download.cnet.com/windows/utilities-and-operating-systems/?tag=rb_content;main,utilities-and-operating-systems,http://download.cnet.com/windows/uninstallers/,Uninstallers,http://download.cnet.com/DirectX-Rollbacker/3000-2018_4-10425761.html,DirectX Rollbacker,Version: 0.35, File size: 1.71MB ,Date added: November 09  2005,Price: Free to try (Some features disabled); $19.95 to buy (Buy it now) ,Operating system: Windows NT/2000/XP,Total downloads: 6 896,Downloads last week: 1
http://download.cnet.com/windows/utilities-and-operating-systems/?tag=rb_content;main,utilities-and-operating-systems,http://download.cnet.com/windows/uninstallers/,Uninstallers,http://download.cnet.com/QuikUninstall/3000-2018_4-10430465.html,QuikUninstall,Version: 1.1, File size: 203.86K ,Date added: October 19  2006,Price: Free ,Operating system: Windows 2000/XP/Vista,Total downloads: 39 273,Downloads last week: 1
http://download.cnet.com/windows/utilities-and-operating-systems/?tag=rb_content;main,utilities-and-operating-systems,http://download.cnet.com/windows/uninstallers/,Uninstallers,http://download.cnet.com/Laplink-SafeErase/3000-2018_4-75183980.html,Laplink SafeErase,Version: 4.0, File size: 10.72MB ,Date added: May 07  2010,Price: Free to try (30-day trial); $29.95 to buy (Buy it now) ,Operating system: Windows 2000/XP/Vista/Server 2008/7,Total downloads: 268,Downloads last week: 1
http://download.cnet.com/windows/utilities-and-operating-systems/?tag=rb_content;main,utilities-and-operating-systems,http://download.cnet.com/windows/uninstallers/,Uninstallers,http://download.cnet.com/Uninstall-Plus/3000-2018_4-10320332.html,Uninstall Plus,Version: 4.1, File size: 2.1MB ,Date added: April 04  2008,Price: Free to try (15-day trial); $16.95 to buy (Buy it now) ,Operating system: Windows 95/NT/98/Me/2000/XP,Total downloads: 75 868,Downloads last week: 1
http://download.cnet.com/windows/utilities-and-operating-systems/?tag=rb_content;main,utilities-and-operating-systems,http://download.cnet.com/windows/uninstallers/,Uninstallers,http://download.cnet.com/Magic-Utilities/3000-2018_4-10462548.html,Magic Utilities,Version: 6.20, File size: 1.68MB ,Date added: August 31  2012,Price: Free to try (15-day trial); $39.95 to buy (Buy it now) ,Operating system: Windows NT/98/Me/2000/XP/2003/Vista/7,Total downloads: 990,Downloads last week: 1
http://download.cnet.com/windows/utilities-and-operating-systems/?tag=rb_content;main,utilities-and-operating-systems,http://download.cnet.com/windows/uninstallers/,Uninstallers,http://download.cnet.com/Decrap-Portable/3000-2018_4-75922672.html,Decrap Portable,Version: 3.0, File size: 4.31MB ,Date added: June 03  2013,Price: Free ,Operating system: Windows 2000/XP/Vista/7/8,Total downloads: 126,Downloads last week: 1
http://download.cnet.com/windows/utilities-and-operating-systems/?tag=rb_content;main,utilities-and-operating-systems,http://download.cnet.com/windows/uninstallers/,Uninstallers,http://download.cnet.com/EMC-Retrospect-Multi-Server-Windows/3000-2018_4-10518496.html,EMC Retrospect Multi Server (Windows),Version: 7.5, File size: 52.69MB ,Date added: April 16  2006,Price: Free to try (45-day Trial); $1 449.00 to buy ,Operating system: Windows 95/NT/98/Me/2000/XP,Total downloads: 2 079,Downloads last week: 1
http://download.cnet.com/windows/utilities-and-operating-systems/?tag=rb_content;main,utilities-and-operating-systems,http://download.cnet.com/windows/uninstallers/,Uninstallers,http://download.cnet.com/Blanco/3000-2018_4-75811064.html,Blanco,Version: 1.0.0.1, File size: 52.58K ,Date added: November 19  2012,Price: Free ,Operating system: Windows Vista/Server 2008/7/8,Total downloads: 110,Downloads last week: 1
http://download.cnet.com/windows/utilities-and-operating-systems/?tag=rb_content;main,utilities-and-operating-systems,http://download.cnet.com/windows/uninstallers/,Uninstallers,http://download.cnet.com/Easy-Uninstall-Pro/3000-2018_4-75711067.html,Easy Uninstall Pro,Version: 6.7, File size: 1.29MB ,Date added: May 02  2012,Price: Free ,Operating system: Windows 2000/XP/Vista/7,Total downloads: 715,Downloads last week: 1
