http://download.cnet.com/windows/screensavers-and-wallpaper/?tag=rb_content;main,screensavers-and-wallpaper,http://download.cnet.com/windows/themes/,Themes,http://download.cnet.com/Space-Dust-3D-Animated-Wallpaper-Screensaver/3000-2019_4-75181971.html,Space Dust 3D Animated Wallpaper & Screensaver,Version: 1.21, File size: 1.26MB ,Date added: February 16  2012,Price: Free ,Operating system: Windows XP/Vista/7,Total downloads: 19 491,Downloads last week: 166
http://download.cnet.com/windows/screensavers-and-wallpaper/?tag=rb_content;main,screensavers-and-wallpaper,http://download.cnet.com/windows/themes/,Themes,http://download.cnet.com/MP3-Ringtone-Maker/3000-2019_4-10561715.html,MP3 Ringtone Maker,Version: 1.2, File size: 3.68MB ,Date added: August 02  2006,Price: Free to try (14-use trial); $29.95 to buy (Buy it now) ,Operating system: Windows 95/NT/98/Me/2000/XP,Total downloads: 309 716,Downloads last week: 388
http://download.cnet.com/windows/screensavers-and-wallpaper/?tag=rb_content;main,screensavers-and-wallpaper,http://download.cnet.com/windows/themes/,Themes,http://download.cnet.com/Beautiful-Space-3D-Free-Animated-Wallpaper-Screensaver/3000-2019_4-75696503.html,Beautiful Space 3D Free Animated Wallpaper & Screensaver,Version: 1.13, File size: 2.18MB ,Date added: January 27  2013,Price: Free ,Operating system: Windows XP/Vista/7/8,Total downloads: 45 591,Downloads last week: 583
http://download.cnet.com/windows/screensavers-and-wallpaper/?tag=rb_content;main,screensavers-and-wallpaper,http://download.cnet.com/windows/themes/,Themes,http://download.cnet.com/Snowy-Desktop-3D-Animated-Wallpaper-Screensaver/3000-2019_4-75439856.html,Snowy Desktop 3D Animated Wallpaper & Screensaver,Version: 2.10, File size: 5.47MB ,Date added: January 27  2013,Price: Free to try (Nag screen); $14.95 to buy (Buy it now) ,Operating system: Windows XP/Vista/7/8,Total downloads: 55 026,Downloads last week: 466
http://download.cnet.com/windows/screensavers-and-wallpaper/?tag=rb_content;main,screensavers-and-wallpaper,http://download.cnet.com/windows/themes/,Themes,http://download.cnet.com/Sexy-Jennifer-Lopez-E-Sex-BabeSavers-com/3000-2019_4-10419436.html,Sexy Jennifer Lopez-E-Sex-BabeSavers.com,Version: 1, File size: 2.76MB ,Date added: January 06  2006,Price: Free ,Operating system: Windows 3.x/95/NT/98/Me/2000/XP,Total downloads: 100 419,Downloads last week: 154
http://download.cnet.com/windows/screensavers-and-wallpaper/?tag=rb_content;main,screensavers-and-wallpaper,http://download.cnet.com/windows/themes/,Themes,http://download.cnet.com/Space-Wormhole-3D-Animated-Wallpaper-Screensaver/3000-2019_4-10969462.html,Space Wormhole 3D Animated Wallpaper & Screensaver,Version: 1.22, File size: 1.42MB ,Date added: September 16  2011,Price: Free to try (Nag screen); $9.95 to buy (Buy it now) ,Operating system: Windows XP/Vista/7,Total downloads: 13 892,Downloads last week: 169
http://download.cnet.com/windows/screensavers-and-wallpaper/?tag=rb_content;main,screensavers-and-wallpaper,http://download.cnet.com/windows/themes/,Themes,http://download.cnet.com/Watery-Desktop-3D-Animated-Wallpaper-Screensaver/3000-2019_4-10610413.html,Watery Desktop 3D Animated Wallpaper & Screensaver,Version: 3.9992, File size: 928.07K ,Date added: January 21  2013,Price: Free to try (Nag screen); $14.95 to buy (Buy it now) ,Operating system: Windows XP/Vista/7/8,Total downloads: 599 771,Downloads last week: 2 825
http://download.cnet.com/windows/screensavers-and-wallpaper/?tag=rb_content;main,screensavers-and-wallpaper,http://download.cnet.com/windows/themes/,Themes,http://download.cnet.com/Hyperspace-3D-Animated-Wallpaper-Screensaver/3000-2019_4-10647479.html,Hyperspace 3D Animated Wallpaper & Screensaver,Version: 3.58, File size: 1.51MB ,Date added: September 16  2011,Price: Free to try (Nag screen); $9.95 to buy (Buy it now) ,Operating system: Windows XP/Vista/7,Total downloads: 61 652,Downloads last week: 268
http://download.cnet.com/windows/screensavers-and-wallpaper/?tag=rb_content;main,screensavers-and-wallpaper,http://download.cnet.com/windows/themes/,Themes,http://download.cnet.com/Microsoft-Zune-Theme/3000-2019_4-10818187.html,Microsoft Zune Theme,Version: 1.0, File size: 1.64MB ,Date added: March 10  2008,Price: Free ,Operating system: Windows XP,Total downloads: 945 253,Downloads last week: 161
http://download.cnet.com/windows/screensavers-and-wallpaper/?tag=rb_content;main,screensavers-and-wallpaper,http://download.cnet.com/windows/themes/,Themes,http://download.cnet.com/Soft-Shines-3D-Animated-Wallpaper-Screensaver/3000-2019_4-10746563.html,Soft Shines 3D Animated Wallpaper & Screensaver,Version: 3.59, File size: 1.22MB ,Date added: September 16  2011,Price: Free to try (Nag screen); $9.95 to buy (Buy it now) ,Operating system: Windows XP/Vista/7,Total downloads: 34 170,Downloads last week: 236
http://download.cnet.com/windows/screensavers-and-wallpaper/?tag=rb_content;main,screensavers-and-wallpaper,http://download.cnet.com/windows/themes/,Themes,http://download.cnet.com/Ice-Age-Continental-Drift-Theme/3000-2019_4-75742390.html,Ice Age: Continental Drift Theme,Version: 1.0, File size: 13.23MB ,Date added: July 04  2012,Price: Free ,Operating system: Windows 7,Total downloads: 6 598,Downloads last week: 69
http://download.cnet.com/windows/screensavers-and-wallpaper/?tag=rb_content;main,screensavers-and-wallpaper,http://download.cnet.com/windows/themes/,Themes,http://download.cnet.com/2014-FishCalendars-com-Windows-Theme/3000-2019_4-76038434.html,2014 FishCalendars.com Windows Theme,Version: 1.0, File size: 24.4MB ,Date added: December 03  2013,Price: Free ,Operating system: Windows 7/8,Total downloads: 625,Downloads last week: 28
http://download.cnet.com/windows/screensavers-and-wallpaper/?tag=rb_content;main,screensavers-and-wallpaper,http://download.cnet.com/windows/themes/,Themes,http://download.cnet.com/Water-Desktop/3000-2019_4-10312431.html,Water Desktop,Version: 3.0.1, File size: 4.39MB ,Date added: September 05  2005,Price: Free to try (5 wallpapers rotating  watermark with rain); $19.95 to buy ,Operating system: Windows 98/Me/2000/XP,Total downloads: 295 808,Downloads last week: 78
http://download.cnet.com/windows/screensavers-and-wallpaper/?tag=rb_content;main,screensavers-and-wallpaper,http://download.cnet.com/windows/themes/,Themes,http://download.cnet.com/Space-Journey-3D-Animated-Wallpaper-Screensaver/3000-2019_4-75169903.html,Space Journey 3D Animated Wallpaper & Screensaver,Version: 1.37, File size: 2.1MB ,Date added: September 28  2011,Price: Free to try (Nag screen); $14.95 to buy (Buy it now) ,Operating system: Windows XP/Vista/7,Total downloads: 18 779,Downloads last week: 103
http://download.cnet.com/windows/screensavers-and-wallpaper/?tag=rb_content;main,screensavers-and-wallpaper,http://download.cnet.com/windows/themes/,Themes,http://download.cnet.com/Tornado/3000-2019_4-10058884.html,Tornado,Version: 1.0, File size: 3.86MB ,Date added: May 10  2001,Price: Free ,Operating system: Windows 95/98/Me/2000/XP,Total downloads: 312 632,Downloads last week: 67
http://download.cnet.com/windows/screensavers-and-wallpaper/?tag=rb_content;main,screensavers-and-wallpaper,http://download.cnet.com/windows/themes/,Themes,http://download.cnet.com/Military-Aircraft/3000-2019_4-10877300.html,Military Aircraft,Version: 1, File size: 7.98MB ,Date added: August 28  2008,Price: Free ,Operating system: Windows XP/Vista,Total downloads: 21 696,Downloads last week: 19
http://download.cnet.com/windows/screensavers-and-wallpaper/?tag=rb_content;main,screensavers-and-wallpaper,http://download.cnet.com/windows/themes/,Themes,http://download.cnet.com/Desktop-Flag-3D-Animated-Wallpaper-Screensaver/3000-2019_4-10913979.html,Desktop Flag 3D Animated Wallpaper & Screensaver,Version: 1.40, File size: 2.51MB ,Date added: July 13  2011,Price: Free to try (Nag screen); $9.95 to buy (Buy it now) ,Operating system: Windows XP/Vista/7,Total downloads: 11 269,Downloads last week: 93
http://download.cnet.com/windows/screensavers-and-wallpaper/?tag=rb_content;main,screensavers-and-wallpaper,http://download.cnet.com/windows/themes/,Themes,http://download.cnet.com/Crystal-Ball/3000-2019_4-10308444.html,Crystal Ball,Version: 1.0, File size: 2.96MB ,Date added: August 11  2004,Price: Free to try (Some features disabled); $10.00 to buy ,Operating system: Windows 98/Me/2000/XP,Total downloads: 43 489,Downloads last week: 16
http://download.cnet.com/windows/screensavers-and-wallpaper/?tag=rb_content;main,screensavers-and-wallpaper,http://download.cnet.com/windows/themes/,Themes,http://download.cnet.com/Hyperstars-3D-Animated-Wallpaper-Screensaver/3000-2019_4-75181969.html,Hyperstars 3D Animated Wallpaper & Screensaver,Version: 1.13, File size: 1.24MB ,Date added: September 16  2011,Price: Free to try (Nag screen); $7.95 to buy (Buy it now) ,Operating system: Windows XP/Vista/7,Total downloads: 5 881,Downloads last week: 71
http://download.cnet.com/windows/screensavers-and-wallpaper/?tag=rb_content;main,screensavers-and-wallpaper,http://download.cnet.com/windows/themes/,Themes,http://download.cnet.com/Dolphin-World/3000-2019_4-10059873.html,Dolphin World,Version: 1.0, File size: 3.72MB ,Date added: June 04  2001,Price: Free ,Operating system: Windows 95/98/Me/2000/XP,Total downloads: 258 420,Downloads last week: 14
http://download.cnet.com/windows/screensavers-and-wallpaper/?tag=rb_content;main,screensavers-and-wallpaper,http://download.cnet.com/windows/themes/,Themes,http://download.cnet.com/Bubbles-at-the-Desktop/3000-2019_4-75728723.html,Bubbles at the Desktop,Version: 3.0, File size: 927.94K ,Date added: February 06  2013,Price: Free ,Operating system: Windows XP/Vista/7,Total downloads: 1 260,Downloads last week: 13
http://download.cnet.com/windows/screensavers-and-wallpaper/?tag=rb_content;main,screensavers-and-wallpaper,http://download.cnet.com/windows/themes/,Themes,http://download.cnet.com/3D-Shapes-Windows-Theme/3000-2019_4-76089956.html,3D Shapes Windows Theme,Version: 1.0, File size: 16.98MB ,Date added: February 13  2014,Price: Free ,Operating system: Windows Vista/7/8,Total downloads: 69,Downloads last week: 12
http://download.cnet.com/windows/screensavers-and-wallpaper/?tag=rb_content;main,screensavers-and-wallpaper,http://download.cnet.com/windows/themes/,Themes,http://download.cnet.com/Cool-Walk-DT/3000-2019_4-10404487.html,Cool Walk DT,Version: 001, File size: 1.47MB ,Date added: June 29  2005,Price: Free ,Operating system: Windows 95/98/Me/XP,Total downloads: 25 385,Downloads last week: 12
http://download.cnet.com/windows/screensavers-and-wallpaper/?tag=rb_content;main,screensavers-and-wallpaper,http://download.cnet.com/windows/themes/,Themes,http://download.cnet.com/Castles-n-Dragons/3000-2019_4-10059875.html,Castles n' Dragons,Version: 1.0, File size: 3.11MB ,Date added: June 04  2001,Price: Free ,Operating system: Windows 95/98/Me/2000/XP,Total downloads: 175 440,Downloads last week: 8
http://download.cnet.com/windows/screensavers-and-wallpaper/?tag=rb_content;main,screensavers-and-wallpaper,http://download.cnet.com/windows/themes/,Themes,http://download.cnet.com/3D-Shamrock-Teddy-Bears/3000-2019_4-10075359.html,3D Shamrock Teddy Bears,Version: 4.2, File size: 1.05MB ,Date added: March 02  2011,Price: Free to try (Limited functionality); $9.95 to buy (Buy it now) ,Operating system: Windows NT/98/Me/2000/XP/2003/Vista/Server 2008/7,Total downloads: 25 429,Downloads last week: 13
http://download.cnet.com/windows/screensavers-and-wallpaper/?tag=rb_content;main,screensavers-and-wallpaper,http://download.cnet.com/windows/themes/,Themes,http://download.cnet.com/3D-Forms-Windows-Theme/3000-2019_4-76089953.html,3D Forms Windows Theme,Version: 1.0, File size: 12.57MB ,Date added: February 13  2014,Price: Free ,Operating system: Windows Vista/7/8,Total downloads: 64,Downloads last week: 10
http://download.cnet.com/windows/screensavers-and-wallpaper/?tag=rb_content;main,screensavers-and-wallpaper,http://download.cnet.com/windows/themes/,Themes,http://download.cnet.com/Britney-Spears-Desktop-Theme/3000-2019_4-10048783.html,Britney Spears Desktop Theme,Version: 1.0, File size: 3.98MB ,Date added: September 14  2000,Price: Free ,Operating system: Windows 95/NT/98/2000,Total downloads: 133 747,Downloads last week: 12
http://download.cnet.com/windows/screensavers-and-wallpaper/?tag=rb_content;main,screensavers-and-wallpaper,http://download.cnet.com/windows/themes/,Themes,http://download.cnet.com/Amazon-Rainforest/3000-2019_4-10056297.html,Amazon Rainforest,Version: 1.0, File size: 4.23MB ,Date added: March 05  2001,Price: Free ,Operating system: Windows 95/98/Me/2000/XP,Total downloads: 103 979,Downloads last week: 11
http://download.cnet.com/windows/screensavers-and-wallpaper/?tag=rb_content;main,screensavers-and-wallpaper,http://download.cnet.com/windows/themes/,Themes,http://download.cnet.com/Ancient-Egypt/3000-2019_4-10060366.html,Ancient Egypt,Version: 1.0, File size: 4.05MB ,Date added: June 20  2001,Price: Free ,Operating system: Windows 95/98/Me/2000/XP,Total downloads: 65 931,Downloads last week: 5
http://download.cnet.com/windows/screensavers-and-wallpaper/?tag=rb_content;main,screensavers-and-wallpaper,http://download.cnet.com/windows/themes/,Themes,http://download.cnet.com/Basic-Guitar-Chords-Screensaver/3000-2019_4-10828694.html,Basic Guitar Chords Screensaver,Version: 1, File size: 1.4MB ,Date added: April 22  2008,Price: Free ,Operating system: Windows 95/98/Me/2000/XP/Vista,Total downloads: 3 983,Downloads last week: 4
http://download.cnet.com/windows/screensavers-and-wallpaper/?tag=rb_content;main,screensavers-and-wallpaper,http://download.cnet.com/windows/themes/,Themes,http://download.cnet.com/Ciara-Sexy-Screensaver/3000-2019_4-10814949.html,Ciara Sexy Screensaver,Version: 1.1, File size: 3.03MB ,Date added: March 17  2008,Price: Free ,Operating system: Windows 95/NT/98/Me/2000/XP/Vista,Total downloads: 2 330,Downloads last week: 6
http://download.cnet.com/windows/screensavers-and-wallpaper/?tag=rb_content;main,screensavers-and-wallpaper,http://download.cnet.com/windows/themes/,Themes,http://download.cnet.com/Terrors-of-the-Deep/3000-2019_4-10063201.html,Terrors of the Deep,Version: 1.0, File size: 4.49MB ,Date added: August 27  2001,Price: Free ,Operating system: Windows 95/98/2000/XP,Total downloads: 219 150,Downloads last week: 6
http://download.cnet.com/windows/screensavers-and-wallpaper/?tag=rb_content;main,screensavers-and-wallpaper,http://download.cnet.com/windows/themes/,Themes,http://download.cnet.com/Tree-Identification-Expert-Northern-Forests/3000-2019_4-10164313.html,Tree Identification Expert - Northern Forests,Version: 1.1, File size: 1.42MB ,Date added: November 10  2002,Price: Free to try (30-day trial); $21.95 to buy ,Operating system: Windows 95/NT/98/Me/2000/XP,Total downloads: 15 169,Downloads last week: 6
http://download.cnet.com/windows/screensavers-and-wallpaper/?tag=rb_content;main,screensavers-and-wallpaper,http://download.cnet.com/windows/themes/,Themes,http://download.cnet.com/Butterflies-Animated-Wallpaper/3000-2019_4-10711677.html,"Butterflies" - Animated Wallpaper,Version: 5.07, File size: 3.82MB ,Date added: July 23  2007,Price: Free to try (Nag screen); $14.95 to buy (Buy it now) ,Operating system: Windows 95/NT/98/Me/2000/XP,Total downloads: 9 701,Downloads last week: 5
http://download.cnet.com/windows/screensavers-and-wallpaper/?tag=rb_content;main,screensavers-and-wallpaper,http://download.cnet.com/windows/themes/,Themes,http://download.cnet.com/Flag-3D-Screensaver/3000-2019_4-10575386.html,Flag 3D Screensaver,Version: 1, File size: 7.95MB ,Date added: September 05  2006,Price: Free to try (Nag screen after 90 seconds); $14.95 to buy (Buy it now) ,Operating system: Windows 98/Me/2000/XP/Vista,Total downloads: 30 784,Downloads last week: 4
http://download.cnet.com/windows/screensavers-and-wallpaper/?tag=rb_content;main,screensavers-and-wallpaper,http://download.cnet.com/windows/themes/,Themes,http://download.cnet.com/Valentine-Rose-Theme/3000-2019_4-10035953.html,Valentine Rose Theme,Version: 1.0, File size: 147.4K ,Date added: December 07  1999,Price: Free ,Operating system: Windows 95/NT/98,Total downloads: 194 993,Downloads last week: 4
http://download.cnet.com/windows/screensavers-and-wallpaper/?tag=rb_content;main,screensavers-and-wallpaper,http://download.cnet.com/windows/themes/,Themes,http://download.cnet.com/Fireplace-Animated-3D-Wallpaper/3000-2019_4-10717670.html,"Fireplace" - Animated 3D Wallpaper,Version: 5.07, File size: 5.13MB ,Date added: August 16  2007,Price: Free to try (Bunner); $14.95 to buy (Buy it now) ,Operating system: Windows NT/98/Me/2000/XP,Total downloads: 4 779,Downloads last week: 5
http://download.cnet.com/windows/screensavers-and-wallpaper/?tag=rb_content;main,screensavers-and-wallpaper,http://download.cnet.com/windows/themes/,Themes,http://download.cnet.com/Valentine-Rose-Theme/3000-2019_4-10035953.html,Valentine Rose Theme,Version: 1.0, File size: 147.4K ,Date added: December 07  1999,Price: Free ,Operating system: Windows 95/NT/98,Total downloads: 194 993,Downloads last week: 4
http://download.cnet.com/windows/screensavers-and-wallpaper/?tag=rb_content;main,screensavers-and-wallpaper,http://download.cnet.com/windows/themes/,Themes,http://download.cnet.com/Dale-Earnhardt-Theme/3000-2019_4-10055693.html,Dale Earnhardt Theme,Version: 1.0, File size: 1.09MB ,Date added: February 21  2001,Price: Free ,Operating system: Windows 95/NT/98/2000,Total downloads: 146 806,Downloads last week: 3
http://download.cnet.com/windows/screensavers-and-wallpaper/?tag=rb_content;main,screensavers-and-wallpaper,http://download.cnet.com/windows/themes/,Themes,http://download.cnet.com/ZeroBug-Screensaver/3000-2019_4-10812198.html,ZeroBug Screensaver,Version: 1, File size: 1.3MB ,Date added: March 11  2008,Price: Free ,Operating system: Windows 2000/XP/Vista,Total downloads: 3 368,Downloads last week: 3
http://download.cnet.com/windows/screensavers-and-wallpaper/?tag=rb_content;main,screensavers-and-wallpaper,http://download.cnet.com/windows/themes/,Themes,http://download.cnet.com/Tower-Clock-Animated-Wallpaper/3000-2019_4-10778452.html,Tower Clock Animated Wallpaper,Version: 5.07, File size: 5.49MB ,Date added: December 05  2007,Price: Free to try (Nag Screen); $14.95 to buy ,Operating system: Windows 95/98/2000/XP,Total downloads: 1 464,Downloads last week: 4
http://download.cnet.com/windows/screensavers-and-wallpaper/?tag=rb_content;main,screensavers-and-wallpaper,http://download.cnet.com/windows/themes/,Themes,http://download.cnet.com/Angel-Falls-DT/3000-2019_4-10403645.html,Angel Falls DT,Version: 001, File size: 1.68MB ,Date added: July 22  2005,Price: Free ,Operating system: Windows 95/98/Me/XP,Total downloads: 32 521,Downloads last week: 3
http://download.cnet.com/windows/screensavers-and-wallpaper/?tag=rb_content;main,screensavers-and-wallpaper,http://download.cnet.com/windows/themes/,Themes,http://download.cnet.com/Woodland-Morning/3000-2019_4-10075181.html,Woodland Morning,Version: 1.0, File size: 2.64MB ,Date added: March 05  2002,Price: Free ,Operating system: Windows 95/NT/98/2000/XP,Total downloads: 61 638,Downloads last week: 3
http://download.cnet.com/windows/screensavers-and-wallpaper/?tag=rb_content;main,screensavers-and-wallpaper,http://download.cnet.com/windows/themes/,Themes,http://download.cnet.com/Blade-Runner-Tyrell-Corp-Theme/3000-2019_4-10036147.html,Blade Runner: Tyrell Corp. Theme,Version: 1.0, File size: 786.75K ,Date added: December 07  1999,Price: Free ,Operating system: Windows 95/98,Total downloads: 38 087,Downloads last week: 3
http://download.cnet.com/windows/screensavers-and-wallpaper/?tag=rb_content;main,screensavers-and-wallpaper,http://download.cnet.com/windows/themes/,Themes,http://download.cnet.com/Enchanted-Forest-Animated-Wallpaper/3000-2019_4-10715531.html,"Enchanted Forest" - Animated Wallpaper,Version: 5.07, File size: 5.35MB ,Date added: July 24  2007,Price: Free to try (Nag screen); $14.95 to buy (Buy it now) ,Operating system: Windows 95/NT/98/Me/2000/XP,Total downloads: 4 832,Downloads last week: 4
http://download.cnet.com/windows/screensavers-and-wallpaper/?tag=rb_content;main,screensavers-and-wallpaper,http://download.cnet.com/windows/themes/,Themes,http://download.cnet.com/Carmen-Electra-Screensaver/3000-2019_4-10749037.html,Carmen Electra Screensaver,Version: 1, File size: 1.74MB ,Date added: October 10  2007,Price: Free ,Operating system: Windows NT/98/Me/2000/XP,Total downloads: 2 760,Downloads last week: 3
http://download.cnet.com/windows/screensavers-and-wallpaper/?tag=rb_content;main,screensavers-and-wallpaper,http://download.cnet.com/windows/themes/,Themes,http://download.cnet.com/StarCraft-Terran-Theme/3000-2019_4-10036334.html,StarCraft: Terran Theme,Version: 1.0, File size: 2.06MB ,Date added: December 07  1999,Price: Free ,Operating system: Windows 95/98,Total downloads: 355 962,Downloads last week: 4
http://download.cnet.com/windows/screensavers-and-wallpaper/?tag=rb_content;main,screensavers-and-wallpaper,http://download.cnet.com/windows/themes/,Themes,http://download.cnet.com/Animated-Desktops-Design/3000-2019_4-10451784.html,Animated Desktops Design,Version: 201, File size: 5.15MB ,Date added: October 24  2005,Price: Free ,Operating system: Windows XP,Total downloads: 39 891,Downloads last week: 2
http://download.cnet.com/windows/screensavers-and-wallpaper/?tag=rb_content;main,screensavers-and-wallpaper,http://download.cnet.com/windows/themes/,Themes,http://download.cnet.com/Flash-Gallery-Builder/3000-2019_4-10595198.html,Flash Gallery Builder,Version: 1.5, File size: 11.77MB ,Date added: October 28  2006,Price: Free to try; $34.95 to buy (Buy it now) ,Operating system: Windows 95/NT/98/Me/2000/XP,Total downloads: 3 984,Downloads last week: 2
http://download.cnet.com/windows/screensavers-and-wallpaper/?tag=rb_content;main,screensavers-and-wallpaper,http://download.cnet.com/windows/themes/,Themes,http://download.cnet.com/Jungle-Queens-DT/3000-2019_4-10412554.html,Jungle Queens DT,Version: 1.0, File size: 1.97MB ,Date added: August 05  2005,Price: Free ,Operating system: Windows 95/98/Me/XP,Total downloads: 17 141,Downloads last week: 2
http://download.cnet.com/windows/screensavers-and-wallpaper/?tag=rb_content;main,screensavers-and-wallpaper,http://download.cnet.com/windows/themes/,Themes,http://download.cnet.com/Christmas-Elf/3000-2019_4-76062344.html,Christmas Elf,Version: 1.0, File size: 1.83MB ,Date added: December 26  2013,Price: Free to try (1-day trial); $9.95 to buy (Buy it now) ,Operating system: Windows XP/Vista/7/8,Total downloads: 31,Downloads last week: 2
http://download.cnet.com/windows/screensavers-and-wallpaper/?tag=rb_content;main,screensavers-and-wallpaper,http://download.cnet.com/windows/themes/,Themes,http://download.cnet.com/zoo__test-4_/3000-2019_4-10907756.html,zoo__test 4_,Version: 1, File size: 360.18K ,Date added: February 14  2007,Price: Free; $31.99 to buy (Buy it now) ,Operating system: Windows Me,Total downloads: 2,Downloads last week: 2
http://download.cnet.com/windows/screensavers-and-wallpaper/?tag=rb_content;main,screensavers-and-wallpaper,http://download.cnet.com/windows/themes/,Themes,http://download.cnet.com/Fairie-Babies/3000-2019_4-10063198.html,Fairie Babies,Version: 1.0, File size: 5MB ,Date added: August 27  2001,Price: Free ,Operating system: Windows 95/98/Me/2000/XP,Total downloads: 104 785,Downloads last week: 2
http://download.cnet.com/windows/screensavers-and-wallpaper/?tag=rb_content;main,screensavers-and-wallpaper,http://download.cnet.com/windows/themes/,Themes,http://download.cnet.com/Theme-Calendar-General-Jokes/3000-2019_4-10375507.html,Theme Calendar - General Jokes,Version: 1.0, File size: 560.97K ,Date added: April 06  2005,Price: Free to try (One week's worth of jokes instead of one year); $4.95 to buy ,Operating system: Windows 3.x/95/NT/98/Me/2000/XP,Total downloads: 8 030,Downloads last week: 2
http://download.cnet.com/windows/screensavers-and-wallpaper/?tag=rb_content;main,screensavers-and-wallpaper,http://download.cnet.com/windows/themes/,Themes,http://download.cnet.com/Moon-Goddess/3000-2019_4-10061620.html,Moon Goddess,Version: 1.0, File size: 2.67MB ,Date added: July 31  2001,Price: Free ,Operating system: Windows 95/98/2000/XP,Total downloads: 120 994,Downloads last week: 2
http://download.cnet.com/windows/screensavers-and-wallpaper/?tag=rb_content;main,screensavers-and-wallpaper,http://download.cnet.com/windows/themes/,Themes,http://download.cnet.com/Egypt-Nile-Theme/3000-2019_4-10631207.html,Egypt Nile Theme,Version: 1, File size: 100 bytes ,Date added: January 23  2007,Price: Free ,Operating system: Windows XP,Total downloads: 16 589,Downloads last week: 2
http://download.cnet.com/windows/screensavers-and-wallpaper/?tag=rb_content;main,screensavers-and-wallpaper,http://download.cnet.com/windows/themes/,Themes,http://download.cnet.com/Toni-Braxton-Sexy-Screensaver/3000-2019_4-10814938.html,Toni Braxton Sexy Screensaver,Version: 1.1, File size: 1.62MB ,Date added: March 17  2008,Price: Free ,Operating system: Windows 95/NT/98/Me/2000/XP/Vista,Total downloads: 2 939,Downloads last week: 2
http://download.cnet.com/windows/screensavers-and-wallpaper/?tag=rb_content;main,screensavers-and-wallpaper,http://download.cnet.com/windows/themes/,Themes,http://download.cnet.com/Hello-Aliens-Screen-Saver/3000-2019_4-10840858.html,Hello Aliens Screen Saver,Version: 1, File size: 156K ,Date added: May 22  2008,Price: Free ,Operating system: Windows 98/Me/2000/XP/Vista,Total downloads: 2 989,Downloads last week: 2
http://download.cnet.com/windows/screensavers-and-wallpaper/?tag=rb_content;main,screensavers-and-wallpaper,http://download.cnet.com/windows/themes/,Themes,http://download.cnet.com/Erica-Durance-Sexy-Screensaver/3000-2019_4-10814963.html,Erica Durance Sexy Screensaver,Version: 1.1, File size: 1.68MB ,Date added: March 17  2008,Price: Free ,Operating system: Windows 95/NT/98/Me/2000/XP/Vista,Total downloads: 1 964,Downloads last week: 2
http://download.cnet.com/windows/screensavers-and-wallpaper/?tag=rb_content;main,screensavers-and-wallpaper,http://download.cnet.com/windows/themes/,Themes,http://download.cnet.com/Scarytime-08-Halloween-Screensaver/3000-2019_4-10906984.html,Scarytime 08 Halloween Screensaver,Version: 1.0, File size: 4.47MB ,Date added: January 19  2009,Price: Free ,Operating system: Windows 95/NT/98/Me/2000/XP/2003/Vista/NT 3/4/SP 1/2/3/4/5/6/2000 Professional/Server/Advanced Server/SP 1/2/3/4/XP Home Edition/Professional/SP 1/2/64-bit/SP 1/2/Itanium 64-bit/SP 1/2/32-bit/Media Center Edition/2003/2004/2005/Tablet PC Edition/2005/2003 SP 1/64-bit/SP 1/Itanium 64-bit/SP 1/32-bit/Server 2003 x86 R2/x64 R2/Vista Home Basic/Premium/Business/Enterprise/Ultimate/32-bit/AMD 64-bit/Itanium 64-bit,Total downloads: 5 189,Downloads last week: 2
http://download.cnet.com/windows/screensavers-and-wallpaper/?tag=rb_content;main,screensavers-and-wallpaper,http://download.cnet.com/windows/themes/,Themes,http://download.cnet.com/Dark-Prince/3000-2019_4-10422499.html,Dark Prince,Version: 1.0, File size: 2.14MB ,Date added: August 24  2005,Price: Free ,Operating system: Windows 95/98/Me/XP,Total downloads: 16 310,Downloads last week: 2
http://download.cnet.com/windows/screensavers-and-wallpaper/?tag=rb_content;main,screensavers-and-wallpaper,http://download.cnet.com/windows/themes/,Themes,http://download.cnet.com/Day-at-the-Beach/3000-2019_4-10061003.html,Day at the Beach,Version: 1.0, File size: 2.94MB ,Date added: July 10  2001,Price: Free ,Operating system: Windows 95/98/Me/2000/XP,Total downloads: 60 137,Downloads last week: 2
http://download.cnet.com/windows/screensavers-and-wallpaper/?tag=rb_content;main,screensavers-and-wallpaper,http://download.cnet.com/windows/themes/,Themes,http://download.cnet.com/Brazilian-Carnival/3000-2019_4-10631193.html,Brazilian Carnival,Version: 1, File size: 100 bytes ,Date added: January 23  2007,Price: Free ,Operating system: Windows XP,Total downloads: 2 756,Downloads last week: 2
http://download.cnet.com/windows/screensavers-and-wallpaper/?tag=rb_content;main,screensavers-and-wallpaper,http://download.cnet.com/windows/themes/,Themes,http://download.cnet.com/Watching-Eyes/3000-2019_4-10061623.html,Watching Eyes,Version: 1.0, File size: 2.84MB ,Date added: July 31  2001,Price: Free ,Operating system: Windows 95/NT/98/2000/XP,Total downloads: 139 978,Downloads last week: 2
http://download.cnet.com/windows/screensavers-and-wallpaper/?tag=rb_content;main,screensavers-and-wallpaper,http://download.cnet.com/windows/themes/,Themes,http://download.cnet.com/The-Tao-Desktop-Theme/3000-2019_4-10121768.html,The Tao Desktop Theme,Version: 1.0, File size: 1.43MB ,Date added: July 08  2002,Price: Free ,Operating system: Windows 95/98/Me/XP,Total downloads: 35 527,Downloads last week: 2
http://download.cnet.com/windows/screensavers-and-wallpaper/?tag=rb_content;main,screensavers-and-wallpaper,http://download.cnet.com/windows/themes/,Themes,http://download.cnet.com/ChristmasTheme/3000-2019_4-10631198.html,ChristmasTheme,Version: 1, File size: 100 bytes ,Date added: January 23  2007,Price: Free ,Operating system: Windows XP,Total downloads: 9 230,Downloads last week: 2
http://download.cnet.com/windows/screensavers-and-wallpaper/?tag=rb_content;main,screensavers-and-wallpaper,http://download.cnet.com/windows/themes/,Themes,http://download.cnet.com/Erica-Durance-Sexy-Screensaver/3000-2019_4-10814963.html,Erica Durance Sexy Screensaver,Version: 1.1, File size: 1.68MB ,Date added: March 17  2008,Price: Free ,Operating system: Windows 95/NT/98/Me/2000/XP/Vista,Total downloads: 1 964,Downloads last week: 2
http://download.cnet.com/windows/screensavers-and-wallpaper/?tag=rb_content;main,screensavers-and-wallpaper,http://download.cnet.com/windows/themes/,Themes,http://download.cnet.com/Watching-Eyes/3000-2019_4-10061623.html,Watching Eyes,Version: 1.0, File size: 2.84MB ,Date added: July 31  2001,Price: Free ,Operating system: Windows 95/NT/98/2000/XP,Total downloads: 139 978,Downloads last week: 2
http://download.cnet.com/windows/screensavers-and-wallpaper/?tag=rb_content;main,screensavers-and-wallpaper,http://download.cnet.com/windows/themes/,Themes,http://download.cnet.com/Fergie-Sexy-Screensaver/3000-2019_4-10806565.html,Fergie Sexy Screensaver,Version: 1, File size: 2.15MB ,Date added: February 19  2008,Price: Free ,Operating system: Windows 95/NT/98/Me/2000/XP/Vista,Total downloads: 4 586,Downloads last week: 2
http://download.cnet.com/windows/screensavers-and-wallpaper/?tag=rb_content;main,screensavers-and-wallpaper,http://download.cnet.com/windows/themes/,Themes,http://download.cnet.com/Dark-Prince/3000-2019_4-10422499.html,Dark Prince,Version: 1.0, File size: 2.14MB ,Date added: August 24  2005,Price: Free ,Operating system: Windows 95/98/Me/XP,Total downloads: 16 310,Downloads last week: 2
http://download.cnet.com/windows/screensavers-and-wallpaper/?tag=rb_content;main,screensavers-and-wallpaper,http://download.cnet.com/windows/themes/,Themes,http://download.cnet.com/Lighthouse-by-the-Sea/3000-2019_4-10059876.html,Lighthouse by the Sea,Version: 1.0, File size: 5.29MB ,Date added: June 04  2001,Price: Free ,Operating system: Windows 95/98/Me/2000/XP,Total downloads: 91 338,Downloads last week: 2
http://download.cnet.com/windows/screensavers-and-wallpaper/?tag=rb_content;main,screensavers-and-wallpaper,http://download.cnet.com/windows/themes/,Themes,http://download.cnet.com/Heart-of-Jungle-Animated-Wallpaper/3000-2019_4-10733516.html,"Heart of Jungle"- Animated Wallpaper,Version: 5.07, File size: 4.74MB ,Date added: September 25  2007,Price: Free to try (banner); $14.95 to buy (Buy it now) ,Operating system: Windows 95/NT/98/Me/2000/XP,Total downloads: 9 180,Downloads last week: 2
http://download.cnet.com/windows/screensavers-and-wallpaper/?tag=rb_content;main,screensavers-and-wallpaper,http://download.cnet.com/windows/themes/,Themes,http://download.cnet.com/Cowboy-Bebop-Desktop-Themes/3000-2019_4-10197284.html,Cowboy Bebop Desktop Themes,Version: 1, File size: 2.27MB ,Date added: April 09  2003,Price: Free ,Operating system: Windows NT/98/Me/2000/XP,Total downloads: 176 588,Downloads last week: 2
http://download.cnet.com/windows/screensavers-and-wallpaper/?tag=rb_content;main,screensavers-and-wallpaper,http://download.cnet.com/windows/themes/,Themes,http://download.cnet.com/Underwater-Picture-Screensaver/3000-2019_4-10871532.html,Underwater Picture Screensaver,Version: 1, File size: 2.71MB ,Date added: August 07  2008,Price: Free ,Operating system: Windows NT/Me/2000/XP/Vista,Total downloads: 10 974,Downloads last week: 2
http://download.cnet.com/windows/screensavers-and-wallpaper/?tag=rb_content;main,screensavers-and-wallpaper,http://download.cnet.com/windows/themes/,Themes,http://download.cnet.com/Jigetiser-Wallpaper-1280-Halloween-2005/3000-2019_4-10446912.html,Jigetiser Wallpaper 1280 - Halloween 2005,Version: 1.0, File size: 12.02MB ,Date added: October 29  2005,Price: Free ,Operating system: Windows 95/NT/98/Me/2000/XP,Total downloads: 7 740,Downloads last week: 1
http://download.cnet.com/windows/screensavers-and-wallpaper/?tag=rb_content;main,screensavers-and-wallpaper,http://download.cnet.com/windows/themes/,Themes,http://download.cnet.com/Campaign-2008-Screensaver-Huckabee/3000-2019_4-10809302.html,Campaign 2008 Screensaver (Huckabee),Version: 1.1, File size: 2.12MB ,Date added: March 24  2008,Price: Free to try (2-day/100-use trial); $1.00 to buy ,Operating system: Windows XP/Vista,Total downloads: 521,Downloads last week: 1
http://download.cnet.com/windows/screensavers-and-wallpaper/?tag=rb_content;main,screensavers-and-wallpaper,http://download.cnet.com/windows/themes/,Themes,http://download.cnet.com/Prehistoric-Valley-Animated-Wallpaper/3000-2019_4-10778235.html,Prehistoric Valley Animated Wallpaper,Version: 5.07, File size: 5.74MB ,Date added: December 05  2007,Price: Free to try (Nag screen); $14.95 to buy ,Operating system: Windows 95/NT/98/Me/2000/XP,Total downloads: 1 128,Downloads last week: 1
http://download.cnet.com/windows/screensavers-and-wallpaper/?tag=rb_content;main,screensavers-and-wallpaper,http://download.cnet.com/windows/themes/,Themes,http://download.cnet.com/MordorBBS-ScreenSaver/3000-2019_4-10754993.html,MordorBBS ScreenSaver,Version: 1, File size: 406.83K ,Date added: November 22  2007,Price: Free ,Operating system: Windows 95/NT/98/Me/XP/Vista,Total downloads: 1 414,Downloads last week: 1
http://download.cnet.com/windows/screensavers-and-wallpaper/?tag=rb_content;main,screensavers-and-wallpaper,http://download.cnet.com/windows/themes/,Themes,http://download.cnet.com/Free-Santa-Screensaver/3000-2019_4-10772479.html,Free Santa Screensaver,Version: 1, File size: 6.01MB ,Date added: November 27  2007,Price: Free ,Operating system: Windows NT/98/Me/2000/XP/Vista,Total downloads: 703,Downloads last week: 1
http://download.cnet.com/windows/screensavers-and-wallpaper/?tag=rb_content;main,screensavers-and-wallpaper,http://download.cnet.com/windows/themes/,Themes,http://download.cnet.com/Christmas-Magic/3000-2019_4-10751381.html,Christmas Magic,Version: 1.2, File size: 10.73MB ,Date added: February 06  2008,Price: Free to try (5-day trial); $1.95 to buy ,Operating system: Windows 95/NT/98/Me/2000/XP/Vista,Total downloads: 2 912,Downloads last week: 1
http://download.cnet.com/windows/screensavers-and-wallpaper/?tag=rb_content;main,screensavers-and-wallpaper,http://download.cnet.com/windows/themes/,Themes,http://download.cnet.com/Mwahaha/3000-2019_4-10545385.html,Mwahaha,Version: 1, File size: 1.18MB ,Date added: October 05  2006,Price: Free ,Operating system: Windows 95/NT/Me/2000/XP,Total downloads: 2 861,Downloads last week: 1
http://download.cnet.com/windows/screensavers-and-wallpaper/?tag=rb_content;main,screensavers-and-wallpaper,http://download.cnet.com/windows/themes/,Themes,http://download.cnet.com/FramySoccer/3000-2019_4-10546568.html,FramySoccer,Version: 3, File size: 928.6K ,Date added: June 23  2006,Price: Free ,Operating system: Windows 2000/XP,Total downloads: 4 416,Downloads last week: 1
http://download.cnet.com/windows/screensavers-and-wallpaper/?tag=rb_content;main,screensavers-and-wallpaper,http://download.cnet.com/windows/themes/,Themes,http://download.cnet.com/Laetitia-Casta-Screensaver/3000-2019_4-10749014.html,Laetitia Casta Screensaver,Version: 1, File size: 873.8K ,Date added: October 10  2007,Price: Free ,Operating system: Windows NT/98/Me/2000/XP,Total downloads: 1 877,Downloads last week: 1
http://download.cnet.com/windows/screensavers-and-wallpaper/?tag=rb_content;main,screensavers-and-wallpaper,http://download.cnet.com/windows/themes/,Themes,http://download.cnet.com/NESSIE-NEtwork-Screen-Saver-Internet-Explorer/3000-2019_4-10838183.html,NESSIE NEtwork Screen Saver Internet Explorer,Version: 1.0, File size: 466.5K ,Date added: May 26  2008,Price: Free to try (10-day trial); $15.00 to buy ,Operating system: Windows 2000/XP/Vista,Total downloads: 418,Downloads last week: 1
http://download.cnet.com/windows/screensavers-and-wallpaper/?tag=rb_content;main,screensavers-and-wallpaper,http://download.cnet.com/windows/themes/,Themes,http://download.cnet.com/Yao-Ming-Screensaver/3000-2019_4-10849918.html,Yao Ming Screensaver,Version: 1.0, File size: 3.4MB ,Date added: April 01  2009,Price: Free ,Operating system: Windows 3.x/95/NT/98/Me/2000/XP/Vista,Total downloads: 262,Downloads last week: 1
http://download.cnet.com/windows/screensavers-and-wallpaper/?tag=rb_content;main,screensavers-and-wallpaper,http://download.cnet.com/windows/themes/,Themes,http://download.cnet.com/Waiting-Up-DT/3000-2019_4-10387123.html,Waiting Up DT,Version: 0.001, File size: 2.33MB ,Date added: May 27  2005,Price: Free ,Operating system: Windows 95/98/Me/2000/XP,Total downloads: 7 126,Downloads last week: 1
http://download.cnet.com/windows/screensavers-and-wallpaper/?tag=rb_content;main,screensavers-and-wallpaper,http://download.cnet.com/windows/themes/,Themes,http://download.cnet.com/Winter-Lake-Animated-Wallpaper/3000-2019_4-10785855.html,Winter Lake - Animated Wallpaper,Version: 5.07, File size: 5.64MB ,Date added: December 19  2007,Price: Free to try (Watermark); $14.95 to buy ,Operating system: Windows 95/NT/98/Me/2000/XP,Total downloads: 1 491,Downloads last week: 1
http://download.cnet.com/windows/screensavers-and-wallpaper/?tag=rb_content;main,screensavers-and-wallpaper,http://download.cnet.com/windows/themes/,Themes,http://download.cnet.com/Autumn-Animated-Desktop-Wallpaper/3000-2019_4-10709142.html,"Autumn" - Animated Desktop Wallpaper,Version: 5.07, File size: 6.85MB ,Date added: July 16  2007,Price: Free to try (Splash banner); $14.95 to buy (Buy it now) ,Operating system: Windows NT/98/Me/2000/XP,Total downloads: 4 677,Downloads last week: 1
http://download.cnet.com/windows/screensavers-and-wallpaper/?tag=rb_content;main,screensavers-and-wallpaper,http://download.cnet.com/windows/themes/,Themes,http://download.cnet.com/TVs-Webcams/3000-2019_4-10402893.html,TVs & Webcams,Version: 3.0, File size: 1.11MB ,Date added: June 27  2005,Price: Free ,Operating system: Windows 3.x/95/98/Me/2000/XP,Total downloads: 7 075,Downloads last week: 1
http://download.cnet.com/windows/screensavers-and-wallpaper/?tag=rb_content;main,screensavers-and-wallpaper,http://download.cnet.com/windows/themes/,Themes,http://download.cnet.com/JYLUpdates/3000-2019_4-75115611.html,JYLUpdates,Version: 1.3.1, File size: 261.52K ,Date added: January 06  2014,Price: Free ,Operating system: Windows XP/2003/Vista/7/8,Total downloads: 343,Downloads last week: 1
http://download.cnet.com/windows/screensavers-and-wallpaper/?tag=rb_content;main,screensavers-and-wallpaper,http://download.cnet.com/windows/themes/,Themes,http://download.cnet.com/ThemerboyX/3000-2019_4-10424694.html,ThemerboyX,Version: 2.0, File size: 949.5K ,Date added: August 26  2005,Price: Free ,Operating system: Windows XP,Total downloads: 24 058,Downloads last week: 1
http://download.cnet.com/windows/screensavers-and-wallpaper/?tag=rb_content;main,screensavers-and-wallpaper,http://download.cnet.com/windows/themes/,Themes,http://download.cnet.com/SportsPort/3000-2019_4-10573379.html,SportsPort,Version: 1.0.6, File size: 4.1MB ,Date added: December 07  2006,Price: Free ,Operating system: Windows NT/98/Me/2000/XP,Total downloads: 5 175,Downloads last week: 1
http://download.cnet.com/windows/screensavers-and-wallpaper/?tag=rb_content;main,screensavers-and-wallpaper,http://download.cnet.com/windows/themes/,Themes,http://download.cnet.com/TVs-Webcams/3000-2019_4-10402893.html,TVs & Webcams,Version: 3.0, File size: 1.11MB ,Date added: June 27  2005,Price: Free ,Operating system: Windows 3.x/95/98/Me/2000/XP,Total downloads: 7 075,Downloads last week: 1
http://download.cnet.com/windows/screensavers-and-wallpaper/?tag=rb_content;main,screensavers-and-wallpaper,http://download.cnet.com/windows/themes/,Themes,http://download.cnet.com/Drew-Barrymore-Sexy-Screensaver/3000-2019_4-10814450.html,Drew Barrymore Sexy Screensaver,Version: 1.1, File size: 2.14MB ,Date added: March 17  2008,Price: Free ,Operating system: Windows 95/NT/98/Me/2000/XP/Vista,Total downloads: 2 129,Downloads last week: 1
http://download.cnet.com/windows/screensavers-and-wallpaper/?tag=rb_content;main,screensavers-and-wallpaper,http://download.cnet.com/windows/themes/,Themes,http://download.cnet.com/Christmas-Santa-Claus-bounce-Reindeer/3000-2019_4-10463571.html,Christmas Santa Claus bounce & Reindeer,Version: 1, File size: 4.55MB ,Date added: December 06  2005,Price: Free to try; $4.25 to buy (Buy it now) ,Operating system: Windows 95/NT/98/Me/2000/XP,Total downloads: 2 639,Downloads last week: 1
http://download.cnet.com/windows/screensavers-and-wallpaper/?tag=rb_content;main,screensavers-and-wallpaper,http://download.cnet.com/windows/themes/,Themes,http://download.cnet.com/Salsa-Dancing-Lesson-Screensaver/3000-2019_4-10770036.html,Salsa Dancing Lesson Screensaver,Version: 2, File size: 717.02K ,Date added: November 26  2007,Price: Free to try (Watermark on image) ,Operating system: Windows 3.x/95/NT/98/Me/2000/XP/Vista,Total downloads: 3 005,Downloads last week: 1
http://download.cnet.com/windows/screensavers-and-wallpaper/?tag=rb_content;main,screensavers-and-wallpaper,http://download.cnet.com/windows/themes/,Themes,http://download.cnet.com/Fashion-Show-Viewer/3000-2019_4-10637797.html,Fashion Show Viewer,Version: 2.7, File size: 1.55MB ,Date added: February 09  2007,Price: Free ,Operating system: Windows NT/98/Me/2000/XP,Total downloads: 7 910,Downloads last week: 1
http://download.cnet.com/windows/screensavers-and-wallpaper/?tag=rb_content;main,screensavers-and-wallpaper,http://download.cnet.com/windows/themes/,Themes,http://download.cnet.com/Halloween-Night-Animated-3-D-wallpaper/3000-2019_4-10721953.html,Halloween Night Animated 3-D wallpaper,Version: 5.07, File size: 3.55MB ,Date added: August 16  2007,Price: Free to try (Bunner); $14.95 to buy ,Operating system: Windows 95/NT/98/Me/2000/XP,Total downloads: 5 265,Downloads last week: 1
http://download.cnet.com/windows/screensavers-and-wallpaper/?tag=rb_content;main,screensavers-and-wallpaper,http://download.cnet.com/windows/themes/,Themes,http://download.cnet.com/Chinese-New-Year-Theme-Pack/3000-2019_4-10631196.html,Chinese New Year Theme Pack,Version: 2006, File size: 100 bytes ,Date added: January 23  2007,Price: Free ,Operating system: Windows XP,Total downloads: 5 892,Downloads last week: 1
http://download.cnet.com/windows/screensavers-and-wallpaper/?tag=rb_content;main,screensavers-and-wallpaper,http://download.cnet.com/windows/themes/,Themes,http://download.cnet.com/MAMSoft-Themes/3000-2019_4-75846748.html,MAMSoft Themes,Version: 2.1, File size: 4.29MB ,Date added: January 15  2013,Price: Free to try ,Operating system: Windows 2000/XP/Vista/7,Total downloads: 104,Downloads last week: 1
http://download.cnet.com/windows/screensavers-and-wallpaper/?tag=rb_content;main,screensavers-and-wallpaper,http://download.cnet.com/windows/themes/,Themes,http://download.cnet.com/3D-Good-Ole-Summer-Time/3000-2019_4-10143018.html,3D Good Ole Summer Time,Version: 3.1, File size: 2.06MB ,Date added: February 19  2008,Price: Free to try (Time-limited trial); $9.95 to buy (Buy it now) ,Operating system: Windows 95/NT/98/Me/2000/XP/Vista,Total downloads: 16 299,Downloads last week: 1
http://download.cnet.com/windows/screensavers-and-wallpaper/?tag=rb_content;main,screensavers-and-wallpaper,http://download.cnet.com/windows/themes/,Themes,http://download.cnet.com/Twin-Towers-Memorial-Theme/3000-2019_4-10064550.html,Twin Towers Memorial Theme,Version: 1.0, File size: 3.19MB ,Date added: September 15  2001,Price: Free ,Operating system: Windows 95/NT/98/Me/2000/XP,Total downloads: 91 627,Downloads last week: 1
http://download.cnet.com/windows/screensavers-and-wallpaper/?tag=rb_content;main,screensavers-and-wallpaper,http://download.cnet.com/windows/themes/,Themes,http://download.cnet.com/Rosario-Dawson-Sexy-Screensaver/3000-2019_4-10814957.html,Rosario Dawson Sexy Screensaver,Version: 1.1, File size: 2.22MB ,Date added: March 17  2008,Price: Free ,Operating system: Windows 95/NT/98/Me/2000/XP/Vista,Total downloads: 1 080,Downloads last week: 1
http://download.cnet.com/windows/screensavers-and-wallpaper/?tag=rb_content;main,screensavers-and-wallpaper,http://download.cnet.com/windows/themes/,Themes,http://download.cnet.com/Grand-Images-Wallpaper/3000-2019_4-10396724.html,Grand Images Wallpaper,Version: 1.2, File size: 4.01MB ,Date added: June 10  2005,Price: Free ,Operating system: Windows 95/NT/98/Me/2000/XP,Total downloads: 7 109,Downloads last week: 1
http://download.cnet.com/windows/screensavers-and-wallpaper/?tag=rb_content;main,screensavers-and-wallpaper,http://download.cnet.com/windows/themes/,Themes,http://download.cnet.com/Twin-Towers-Memorial-Theme/3000-2019_4-10064550.html,Twin Towers Memorial Theme,Version: 1.0, File size: 3.19MB ,Date added: September 15  2001,Price: Free ,Operating system: Windows 95/NT/98/Me/2000/XP,Total downloads: 91 627,Downloads last week: 1
http://download.cnet.com/windows/screensavers-and-wallpaper/?tag=rb_content;main,screensavers-and-wallpaper,http://download.cnet.com/windows/themes/,Themes,http://download.cnet.com/Desktop-Richie/3000-2019_4-10382006.html,Desktop Richie,Version: 1.0, File size: 1.52MB ,Date added: April 14  2005,Price: Free ,Operating system: Windows 95/NT/98/Me/2000/XP,Total downloads: 10 779,Downloads last week: 1
http://download.cnet.com/windows/screensavers-and-wallpaper/?tag=rb_content;main,screensavers-and-wallpaper,http://download.cnet.com/windows/themes/,Themes,http://download.cnet.com/Horse-in-the-mist-Animated-Wallpaper/3000-2019_4-10733521.html,"Horse in the mist" - Animated Wallpaper,Version: 5.07, File size: 4.55MB ,Date added: September 25  2007,Price: Free to try (banner); $14.95 to buy (Buy it now) ,Operating system: Windows 95/NT/98/Me/2000/XP,Total downloads: 2 752,Downloads last week: 1
http://download.cnet.com/windows/screensavers-and-wallpaper/?tag=rb_content;main,screensavers-and-wallpaper,http://download.cnet.com/windows/themes/,Themes,http://download.cnet.com/MAMSoft-Themes/3000-2019_4-75846748.html,MAMSoft Themes,Version: 2.1, File size: 4.29MB ,Date added: January 15  2013,Price: Free to try ,Operating system: Windows 2000/XP/Vista/7,Total downloads: 104,Downloads last week: 1
http://download.cnet.com/windows/screensavers-and-wallpaper/?tag=rb_content;main,screensavers-and-wallpaper,http://download.cnet.com/windows/themes/,Themes,http://download.cnet.com/MSN-Explorer-Theme-for-WinME-2000/3000-2019_4-10066699.html,MSN Explorer Theme for WinME/2000,Version: 1.0, File size: 5.53MB ,Date added: October 20  2001,Price: Free ,Operating system: Windows Me,Total downloads: 69 005,Downloads last week: 1
http://download.cnet.com/windows/screensavers-and-wallpaper/?tag=rb_content;main,screensavers-and-wallpaper,http://download.cnet.com/windows/themes/,Themes,http://download.cnet.com/Vintage-Easter-Slide-Show/3000-2019_4-10814164.html,Vintage Easter Slide Show,Version: 1 5, File size: 8.15MB ,Date added: April 06  2010,Price: Free; $9.95 to buy ,Operating system: Windows 95/NT/98/Me/2000/XP/2003/Vista/Server 2008/7,Total downloads: 1 723,Downloads last week: 1
http://download.cnet.com/windows/screensavers-and-wallpaper/?tag=rb_content;main,screensavers-and-wallpaper,http://download.cnet.com/windows/themes/,Themes,http://download.cnet.com/Christmas-Countdown/3000-2019_4-10492333.html,Christmas Countdown,Version: 1, File size: 71.08K ,Date added: February 02  2006,Price: Free ,Operating system: Windows NT/98/Me/2000/XP,Total downloads: 4 007,Downloads last week: 1
http://download.cnet.com/windows/screensavers-and-wallpaper/?tag=rb_content;main,screensavers-and-wallpaper,http://download.cnet.com/windows/themes/,Themes,http://download.cnet.com/MAMSoft-Themes/3000-2019_4-75846748.html,MAMSoft Themes,Version: 2.1, File size: 4.29MB ,Date added: January 15  2013,Price: Free to try ,Operating system: Windows 2000/XP/Vista/7,Total downloads: 104,Downloads last week: 1
http://download.cnet.com/windows/screensavers-and-wallpaper/?tag=rb_content;main,screensavers-and-wallpaper,http://download.cnet.com/windows/themes/,Themes,http://download.cnet.com/Rosario-Dawson-Sexy-Screensaver/3000-2019_4-10814957.html,Rosario Dawson Sexy Screensaver,Version: 1.1, File size: 2.22MB ,Date added: March 17  2008,Price: Free ,Operating system: Windows 95/NT/98/Me/2000/XP/Vista,Total downloads: 1 080,Downloads last week: 1
http://download.cnet.com/windows/screensavers-and-wallpaper/?tag=rb_content;main,screensavers-and-wallpaper,http://download.cnet.com/windows/themes/,Themes,http://download.cnet.com/A-Weed-of-National-Significance/3000-2019_4-10721930.html,A Weed of National Significance,Version: 1.1, File size: 3.23MB ,Date added: February 14  2008,Price: Free ,Operating system: Windows 95/NT/98/Me/2000/XP,Total downloads: 2 075,Downloads last week: 1
http://download.cnet.com/windows/screensavers-and-wallpaper/?tag=rb_content;main,screensavers-and-wallpaper,http://download.cnet.com/windows/themes/,Themes,http://download.cnet.com/3D-Floating-Candy-Hearts/3000-2019_4-10632753.html,3D Floating Candy Hearts,Version: 3, File size: 3.34MB ,Date added: January 29  2007,Price: Free to try (time trial); $4.95 to buy ,Operating system: Windows 95/NT/98/Me/2000/XP,Total downloads: 2 008,Downloads last week: 1
http://download.cnet.com/windows/screensavers-and-wallpaper/?tag=rb_content;main,screensavers-and-wallpaper,http://download.cnet.com/windows/themes/,Themes,http://download.cnet.com/Fony/3000-2019_4-10791260.html,Fony,Version: 1.3.5, File size: 696.18K ,Date added: January 04  2008,Price: Free ,Operating system: Windows 95/NT/98/Me/2000/XP/Vista,Total downloads: 791,Downloads last week: 1
http://download.cnet.com/windows/screensavers-and-wallpaper/?tag=rb_content;main,screensavers-and-wallpaper,http://download.cnet.com/windows/themes/,Themes,http://download.cnet.com/Aquarium-Inutility/3000-2019_4-10449386.html,Aquarium Inutility,Version: 1, File size: 416K ,Date added: November 02  2005,Price: Free ,Operating system: Windows 98/Me/2000/XP,Total downloads: 15 329,Downloads last week: 1
http://download.cnet.com/windows/screensavers-and-wallpaper/?tag=rb_content;main,screensavers-and-wallpaper,http://download.cnet.com/windows/themes/,Themes,http://download.cnet.com/3D-Good-Ole-Summer-Time/3000-2019_4-10143018.html,3D Good Ole Summer Time,Version: 3.1, File size: 2.06MB ,Date added: February 19  2008,Price: Free to try (Time-limited trial); $9.95 to buy (Buy it now) ,Operating system: Windows 95/NT/98/Me/2000/XP/Vista,Total downloads: 16 299,Downloads last week: 1
http://download.cnet.com/windows/screensavers-and-wallpaper/?tag=rb_content;main,screensavers-and-wallpaper,http://download.cnet.com/windows/themes/,Themes,http://download.cnet.com/Summer-3D/3000-2019_4-10698698.html,Summer 3D,Version: 1, File size: 6.64MB ,Date added: June 28  2007,Price: Free to try (Nag screen); $12.95 to buy (Buy it now) ,Operating system: Windows 98/Me/2000/XP,Total downloads: 1 375,Downloads last week: 1
http://download.cnet.com/windows/screensavers-and-wallpaper/?tag=rb_content;main,screensavers-and-wallpaper,http://download.cnet.com/windows/themes/,Themes,http://download.cnet.com/Horse-in-the-mist-Animated-Wallpaper/3000-2019_4-10733521.html,"Horse in the mist" - Animated Wallpaper,Version: 5.07, File size: 4.55MB ,Date added: September 25  2007,Price: Free to try (banner); $14.95 to buy (Buy it now) ,Operating system: Windows 95/NT/98/Me/2000/XP,Total downloads: 2 752,Downloads last week: 1
http://download.cnet.com/windows/screensavers-and-wallpaper/?tag=rb_content;main,screensavers-and-wallpaper,http://download.cnet.com/windows/themes/,Themes,http://download.cnet.com/Salsa-Dancing-Lesson-Screensaver/3000-2019_4-10770036.html,Salsa Dancing Lesson Screensaver,Version: 2, File size: 717.02K ,Date added: November 26  2007,Price: Free to try (Watermark on image) ,Operating system: Windows 3.x/95/NT/98/Me/2000/XP/Vista,Total downloads: 3 005,Downloads last week: 1
http://download.cnet.com/windows/screensavers-and-wallpaper/?tag=rb_content;main,screensavers-and-wallpaper,http://download.cnet.com/windows/themes/,Themes,http://download.cnet.com/Windchimes-and-Suncatchers/3000-2019_4-10144828.html,Windchimes and Suncatchers,Version: 1.0, File size: 2.3MB ,Date added: September 18  2002,Price: Free ,Operating system: Windows 95/98/Me/2000/XP,Total downloads: 61 145,Downloads last week: 1
http://download.cnet.com/windows/screensavers-and-wallpaper/?tag=rb_content;main,screensavers-and-wallpaper,http://download.cnet.com/windows/themes/,Themes,http://download.cnet.com/Summer-3D/3000-2019_4-10698698.html,Summer 3D,Version: 1, File size: 6.64MB ,Date added: June 28  2007,Price: Free to try (Nag screen); $12.95 to buy (Buy it now) ,Operating system: Windows 98/Me/2000/XP,Total downloads: 1 375,Downloads last week: 1
http://download.cnet.com/windows/screensavers-and-wallpaper/?tag=rb_content;main,screensavers-and-wallpaper,http://download.cnet.com/windows/themes/,Themes,http://download.cnet.com/Cameron-Diaz-Sexy-Screensaver/3000-2019_4-10814959.html,Cameron Diaz Sexy Screensaver,Version: 1.1, File size: 2.26MB ,Date added: March 17  2008,Price: Free ,Operating system: Windows 95/NT/98/Me/2000/XP/Vista,Total downloads: 3 528,Downloads last week: 1
http://download.cnet.com/windows/screensavers-and-wallpaper/?tag=rb_content;main,screensavers-and-wallpaper,http://download.cnet.com/windows/themes/,Themes,http://download.cnet.com/Ticker-Garden/3000-2019_4-10298846.html,Ticker Garden,Version: 1.02, File size: 2MB ,Date added: September 08  2004,Price: Free to try (Limited to two customizable stock symbols); $9.95 to buy ,Operating system: Windows NT/Me/2000/XP,Total downloads: 6 950,Downloads last week: 1
http://download.cnet.com/windows/screensavers-and-wallpaper/?tag=rb_content;main,screensavers-and-wallpaper,http://download.cnet.com/windows/themes/,Themes,http://download.cnet.com/Nelly-Furtado-Sexy-Screensaver/3000-2019_4-10806570.html,Nelly Furtado Sexy Screensaver,Version: 1, File size: 2.36MB ,Date added: February 20  2008,Price: Free ,Operating system: Windows 95/NT/98/Me/2000/XP/Vista,Total downloads: 2 014,Downloads last week: 1
http://download.cnet.com/windows/screensavers-and-wallpaper/?tag=rb_content;main,screensavers-and-wallpaper,http://download.cnet.com/windows/themes/,Themes,http://download.cnet.com/Pumpkin-Patch-Screensaver/3000-2019_4-10160134.html,Pumpkin Patch Screensaver,Version: 1.0, File size: 388.23K ,Date added: October 17  2002,Price: Free ,Operating system: Windows 95/NT/98,Total downloads: 17 227,Downloads last week: 1
http://download.cnet.com/windows/screensavers-and-wallpaper/?tag=rb_content;main,screensavers-and-wallpaper,http://download.cnet.com/windows/themes/,Themes,http://download.cnet.com/FishCalendars-2001-Themepack/3000-2019_4-75338132.html,FishCalendars 2001 Themepack,Version: 1.0, File size: 6.89MB ,Date added: February 02  2011,Price: Free ,Operating system: Windows 7,Total downloads: 1 851,Downloads last week: 1
http://download.cnet.com/windows/screensavers-and-wallpaper/?tag=rb_content;main,screensavers-and-wallpaper,http://download.cnet.com/windows/themes/,Themes,http://download.cnet.com/The-Radio-Times-Girl-Desktop-Theme/3000-2019_4-10117919.html,The Radio Times Girl Desktop Theme,Version: 1.0, File size: 2.11MB ,Date added: June 28  2002,Price: Free ,Operating system: Windows 3.x/95/NT/98/Me/2000/XP,Total downloads: 37 986,Downloads last week: 1
http://download.cnet.com/windows/screensavers-and-wallpaper/?tag=rb_content;main,screensavers-and-wallpaper,http://download.cnet.com/windows/themes/,Themes,http://download.cnet.com/Tiles2kml-Pro/3000-2019_4-10651736.html,Tiles2kml Pro,Version: 2.31, File size: 20.89MB ,Date added: March 29  2007,Price: Free to try (10-day trial); $90.00 to buy (Buy it now) ,Operating system: Windows NT/Me/2000/XP,Total downloads: 2 276,Downloads last week: 1
http://download.cnet.com/windows/screensavers-and-wallpaper/?tag=rb_content;main,screensavers-and-wallpaper,http://download.cnet.com/windows/themes/,Themes,http://download.cnet.com/A-Weed-of-National-Significance/3000-2019_4-10721930.html,A Weed of National Significance,Version: 1.1, File size: 3.23MB ,Date added: February 14  2008,Price: Free ,Operating system: Windows 95/NT/98/Me/2000/XP,Total downloads: 2 075,Downloads last week: 1
http://download.cnet.com/windows/screensavers-and-wallpaper/?tag=rb_content;main,screensavers-and-wallpaper,http://download.cnet.com/windows/themes/,Themes,http://download.cnet.com/21-United-States-Presidents-Screensaver/3000-2019_4-10908194.html,21 United States Presidents Screensaver,Version: Final, File size: 194.59K ,Date added: February 17  2009,Price: Free ,Operating system: Windows NT/98/Me/2000/XP/2003/Vista/Server 2008,Total downloads: 595,Downloads last week: 1
http://download.cnet.com/windows/screensavers-and-wallpaper/?tag=rb_content;main,screensavers-and-wallpaper,http://download.cnet.com/windows/themes/,Themes,http://download.cnet.com/Eliza-Dushku-Sexy-Screensaver/3000-2019_4-10814965.html,Eliza Dushku Sexy Screensaver,Version: 1.1, File size: 1.93MB ,Date added: March 17  2008,Price: Free ,Operating system: Windows 95/NT/98/Me/2000/XP/Vista,Total downloads: 4 032,Downloads last week: 1
http://download.cnet.com/windows/screensavers-and-wallpaper/?tag=rb_content;main,screensavers-and-wallpaper,http://download.cnet.com/windows/themes/,Themes,http://download.cnet.com/Cameron-Diaz-Sexy-Screensaver/3000-2019_4-10814959.html,Cameron Diaz Sexy Screensaver,Version: 1.1, File size: 2.26MB ,Date added: March 17  2008,Price: Free ,Operating system: Windows 95/NT/98/Me/2000/XP/Vista,Total downloads: 3 528,Downloads last week: 1
http://download.cnet.com/windows/screensavers-and-wallpaper/?tag=rb_content;main,screensavers-and-wallpaper,http://download.cnet.com/windows/themes/,Themes,http://download.cnet.com/Nelly-Furtado-Sexy-Screensaver/3000-2019_4-10806570.html,Nelly Furtado Sexy Screensaver,Version: 1, File size: 2.36MB ,Date added: February 20  2008,Price: Free ,Operating system: Windows 95/NT/98/Me/2000/XP/Vista,Total downloads: 2 014,Downloads last week: 1
http://download.cnet.com/windows/screensavers-and-wallpaper/?tag=rb_content;main,screensavers-and-wallpaper,http://download.cnet.com/windows/themes/,Themes,http://download.cnet.com/Summer-3D/3000-2019_4-10698698.html,Summer 3D,Version: 1, File size: 6.64MB ,Date added: June 28  2007,Price: Free to try (Nag screen); $12.95 to buy (Buy it now) ,Operating system: Windows 98/Me/2000/XP,Total downloads: 1 375,Downloads last week: 1
http://download.cnet.com/windows/screensavers-and-wallpaper/?tag=rb_content;main,screensavers-and-wallpaper,http://download.cnet.com/windows/themes/,Themes,http://download.cnet.com/Tiles2kml-Pro/3000-2019_4-10651736.html,Tiles2kml Pro,Version: 2.31, File size: 20.89MB ,Date added: March 29  2007,Price: Free to try (10-day trial); $90.00 to buy (Buy it now) ,Operating system: Windows NT/Me/2000/XP,Total downloads: 2 276,Downloads last week: 1
http://download.cnet.com/windows/screensavers-and-wallpaper/?tag=rb_content;main,screensavers-and-wallpaper,http://download.cnet.com/windows/themes/,Themes,http://download.cnet.com/Aquarium-Inutility/3000-2019_4-10449386.html,Aquarium Inutility,Version: 1, File size: 416K ,Date added: November 02  2005,Price: Free ,Operating system: Windows 98/Me/2000/XP,Total downloads: 15 329,Downloads last week: 1
http://download.cnet.com/windows/screensavers-and-wallpaper/?tag=rb_content;main,screensavers-and-wallpaper,http://download.cnet.com/windows/themes/,Themes,http://download.cnet.com/Universal-Wisdom-Meditational-Audio/3000-2019_4-10539129.html,Universal Wisdom Meditational Audio,Version: 1.01, File size: 14.55MB ,Date added: July 05  2006,Price: Free ,Operating system: Windows 98/2000/XP,Total downloads: 6 770,Downloads last week: 1
http://download.cnet.com/windows/screensavers-and-wallpaper/?tag=rb_content;main,screensavers-and-wallpaper,http://download.cnet.com/windows/themes/,Themes,http://download.cnet.com/Freebking-Lake-Screensaver/3000-2019_4-10865340.html,Freebking Lake Screensaver,Version: 1, File size: 1.92MB ,Date added: July 22  2008,Price: Free to try (15-day trial); $1.99 to buy (Buy it now) ,Operating system: Windows 95/NT/98/Me/2000/XP/Vista,Total downloads: 813,Downloads last week: 1
http://download.cnet.com/windows/screensavers-and-wallpaper/?tag=rb_content;main,screensavers-and-wallpaper,http://download.cnet.com/windows/themes/,Themes,http://download.cnet.com/FishCalendars-2001-Themepack/3000-2019_4-75338132.html,FishCalendars 2001 Themepack,Version: 1.0, File size: 6.89MB ,Date added: February 02  2011,Price: Free ,Operating system: Windows 7,Total downloads: 1 851,Downloads last week: 1
http://download.cnet.com/windows/screensavers-and-wallpaper/?tag=rb_content;main,screensavers-and-wallpaper,http://download.cnet.com/windows/themes/,Themes,http://download.cnet.com/Universal-Wisdom-Meditational-Audio/3000-2019_4-10539129.html,Universal Wisdom Meditational Audio,Version: 1.01, File size: 14.55MB ,Date added: July 05  2006,Price: Free ,Operating system: Windows 98/2000/XP,Total downloads: 6 770,Downloads last week: 1
http://download.cnet.com/windows/screensavers-and-wallpaper/?tag=rb_content;main,screensavers-and-wallpaper,http://download.cnet.com/windows/themes/,Themes,http://download.cnet.com/Eliza-Dushku-Sexy-Screensaver/3000-2019_4-10814965.html,Eliza Dushku Sexy Screensaver,Version: 1.1, File size: 1.93MB ,Date added: March 17  2008,Price: Free ,Operating system: Windows 95/NT/98/Me/2000/XP/Vista,Total downloads: 4 032,Downloads last week: 1
http://download.cnet.com/windows/screensavers-and-wallpaper/?tag=rb_content;main,screensavers-and-wallpaper,http://download.cnet.com/windows/themes/,Themes,http://download.cnet.com/Mirage/3000-2019_4-10063195.html,Mirage,Version: 1.0, File size: 2.79MB ,Date added: August 27  2001,Price: Free ,Operating system: Windows 95/98/Me/2000/XP,Total downloads: 61 130,Downloads last week: 1
http://download.cnet.com/windows/screensavers-and-wallpaper/?tag=rb_content;main,screensavers-and-wallpaper,http://download.cnet.com/windows/themes/,Themes,http://download.cnet.com/Big-Mountain-Animated-Desktop-Wallpaper/3000-2019_4-10709152.html,Big Mountain Animated Desktop Wallpaper,Version: 5.07, File size: 5.82MB ,Date added: July 12  2007,Price: Free to try (Banner); $14.95 to buy ,Operating system: Windows 95/NT/98/Me/2000/XP,Total downloads: 3 230,Downloads last week: 1
http://download.cnet.com/windows/screensavers-and-wallpaper/?tag=rb_content;main,screensavers-and-wallpaper,http://download.cnet.com/windows/themes/,Themes,http://download.cnet.com/Tiles2kml-Pro/3000-2019_4-10651736.html,Tiles2kml Pro,Version: 2.31, File size: 20.89MB ,Date added: March 29  2007,Price: Free to try (10-day trial); $90.00 to buy (Buy it now) ,Operating system: Windows NT/Me/2000/XP,Total downloads: 2 276,Downloads last week: 1
http://download.cnet.com/windows/screensavers-and-wallpaper/?tag=rb_content;main,screensavers-and-wallpaper,http://download.cnet.com/windows/themes/,Themes,http://download.cnet.com/21-United-States-Presidents-Screensaver/3000-2019_4-10908194.html,21 United States Presidents Screensaver,Version: Final, File size: 194.59K ,Date added: February 17  2009,Price: Free ,Operating system: Windows NT/98/Me/2000/XP/2003/Vista/Server 2008,Total downloads: 595,Downloads last week: 1
http://download.cnet.com/windows/screensavers-and-wallpaper/?tag=rb_content;main,screensavers-and-wallpaper,http://download.cnet.com/windows/themes/,Themes,http://download.cnet.com/Britney-Spears-Screensaver/3000-2019_4-10749042.html,Britney Spears Screensaver,Version: 1, File size: 1.16MB ,Date added: October 10  2007,Price: Free ,Operating system: Windows NT/98/Me/2000/XP,Total downloads: 1 985,Downloads last week: 1
http://download.cnet.com/windows/screensavers-and-wallpaper/?tag=rb_content;main,screensavers-and-wallpaper,http://download.cnet.com/windows/themes/,Themes,http://download.cnet.com/Desktop-Chinese-New-Year-Critter/3000-2019_4-10072064.html,Desktop Chinese New Year Critter,Version: 1.0, File size: 603.95K ,Date added: January 18  2002,Price: Free ,Operating system: Windows 95/NT/98/Me/2000,Total downloads: 7 008,Downloads last week: 1
http://download.cnet.com/windows/screensavers-and-wallpaper/?tag=rb_content;main,screensavers-and-wallpaper,http://download.cnet.com/windows/themes/,Themes,http://download.cnet.com/Star-Wars-Mara-Jade-Theme-Package/3000-2019_4-10035757.html,Star Wars: Mara Jade Theme Package,Version: 1.4, File size: 2.2MB ,Date added: August 14  2002,Price: Free ,Operating system: Windows 95/NT/98,Total downloads: 56 455,Downloads last week: 1
http://download.cnet.com/windows/screensavers-and-wallpaper/?tag=rb_content;main,screensavers-and-wallpaper,http://download.cnet.com/windows/themes/,Themes,http://download.cnet.com/Halle-Berry-Sexy-Screensaver/3000-2019_4-10814443.html,Halle Berry Sexy Screensaver,Version: 1.1, File size: 2.34MB ,Date added: March 14  2008,Price: Free ,Operating system: Windows 95/NT/98/Me/2000/XP/Vista,Total downloads: 4 020,Downloads last week: 1
http://download.cnet.com/windows/screensavers-and-wallpaper/?tag=rb_content;main,screensavers-and-wallpaper,http://download.cnet.com/windows/themes/,Themes,http://download.cnet.com/Darling-Violetta-Desktop-Theme/3000-2019_4-10100898.html,Darling Violetta Desktop Theme,Version: 1.0, File size: 2.3MB ,Date added: July 15  2002,Price: Free ,Operating system: Windows 95/NT/98/Me/2000/XP,Total downloads: 60 225,Downloads last week: 1
